Seed,Score,Negative_Jokers,Negative_Blueprint,Negative_Brainstorm,Blueprint,Brainstorm,Perkeo,Odd_Todd,Negative_Odd_Todd,9,Magic_Trick,Illusion,DNA,Pareidolia,Golden_Ticket
C5WSVZ79,40,0,0,0,0,0,1,1,0,15,2,1,0,0,0
LOR64F2L,40,0,0,0,1,0,1,1,0,11,1,1,1,2,1
LR97X8XY,40,0,0,0,0,0,1,1,0,16,2,0,0,0,0
C5RIDL28,39,0,0,0,1,0,1,1,0,14,1,1,0,0,0
LLTKHZ8U,39,0,0,0,1,1,2,2,0,13,0,0,1,0,0
21573S,38,1,0,0,0,0,1,1,0,12,1,1,1,1,0
LN3TORL8,38,0,0,0,1,1,2,1,0,12,1,0,1,0,0
LNZFEWOU,38,2,0,0,0,0,1,3,0,12,1,0,2,0,0
LQUCNMPR,38,0,0,0,1,1,1,1,0,12,0,0,0,0,4
LREDLJOV,38,0,0,0,0,1,2,1,0,13,1,0,0,1,0
66TV4H,37,1,0,0,1,0,2,1,0,11,1,1,0,1,0
C53VCZRP,37,1,0,0,0,1,1,3,0,10,1,1,0,0,2
C5TY1Q,37,0,0,0,0,0,1,1,0,15,1,0,0,0,0
C65GC2QD,37,0,0,0,1,1,1,1,0,12,1,0,0,1,0
F8QYDWTF,37,0,0,0,1,0,1,0,0,15,0,0,0,1,0
F8R3FVQG,37,0,0,0,0,1,1,0,0,12,1,1,0,1,1
LLX4KUG5,37,0,0,0,0,0,1,0,0,15,1,1,0,0,0
LMM1451C,37,0,0,0,1,1,1,1,0,12,1,0,0,1,0
LN688T7,37,0,0,0,0,0,1,1,0,13,1,0,1,0,1
LO61WF11,37,0,0,0,0,0,1,0,0,16,1,0,0,0,0
LOOAQCSU,37,0,0,0,0,1,1,2,0,10,2,0,0,3,1
LP4NO54P,37,0,0,0,0,0,1,1,0,15,0,0,0,1,0
LPSDAA8R,37,0,0,0,0,1,1,1,0,13,1,0,1,0,0
LQCCK4DV,37,0,0,0,0,0,1,0,0,16,1,0,0,0,0
LREG9X71,37,0,0,0,0,1,1,1,0,14,1,0,0,0,0
LRKBD9DM,37,0,0,0,0,0,1,1,0,13,1,0,1,1,0
LRRSHJ9P,37,0,0,0,1,0,1,1,0,10,1,1,1,1,1
3O6UAVRI,36,0,0,0,1,0,1,2,0,13,1,0,0,0,0
7JZIVM,36,0,0,0,0,0,2,1,0,12,1,1,1,0,0
C5Q2VVTW,36,1,0,0,1,1,1,1,0,12,0,0,1,0,0
F8X46NJE,36,0,0,0,1,0,2,1,0,11,1,1,1,0,0
F96B969X,36,1,0,0,0,0,1,1,0,12,1,1,0,1,0
F9CPL21P,36,1,0,0,0,0,1,1,0,14,0,0,0,1,0
F9GVHOWZ,36,1,0,0,1,1,1,1,0,11,1,1,0,0,0
LLM6W4CS,36,0,0,0,0,0,1,2,0,13,1,0,0,0,1
LLOMA8N8,36,1,0,0,1,0,1,1,0,12,1,1,0,0,0
LM1YNYI9,36,1,0,0,1,0,1,1,0,12,0,0,1,1,0
LMRMB394,36,0,0,0,0,0,1,1,0,14,2,0,0,0,0
LMU3DS6B,36,0,0,0,1,0,2,1,0,13,0,0,0,0,1
LN76OJ22,36,0,0,0,1,0,1,1,0,10,2,1,1,1,0
LNBKG2D3,36,1,0,0,0,0,1,1,0,13,1,1,0,0,0
LNHFARMD,36,0,0,0,0,0,2,1,0,14,1,0,0,0,0
LOCN7LIE,36,1,0,0,0,1,1,0,0,15,0,0,0,0,0
LOVHVWRN,36,1,0,0,0,1,1,1,0,14,0,0,0,0,0
LOW9H2TN,36,0,0,0,1,1,1,0,0,12,2,1,0,0,0
LOY2EBIT,36,0,0,0,0,0,1,1,0,12,0,0,0,3,2
LPEG22X8,36,0,0,0,0,0,2,1,0,13,1,0,0,1,0
LQMYLT5O,36,0,0,0,0,0,1,2,0,13,0,0,0,1,1
LQXDCCE2,36,0,0,0,0,0,1,0,0,14,2,0,1,0,0
LR2PCVYZ,36,1,0,1,1,1,1,1,0,11,1,0,0,0,0
LRU32M3T,36,0,0,0,0,0,2,1,0,12,0,0,1,1,1
LS7BQP4M,36,0,0,0,0,0,2,1,0,13,1,0,0,1,0
LSJA7SJ6,36,1,0,0,0,0,1,0,0,14,1,0,0,1,0
2Z7TIP,35,0,0,0,0,0,1,1,0,14,1,0,0,0,0
4XCM7X,35,0,0,0,1,0,1,1,0,11,1,1,1,0,0
7EMND6,35,0,0,0,0,0,1,1,0,13,1,0,1,0,0
C592BFVI,35,0,0,0,0,0,1,1,0,13,1,0,0,1,0
C596JP94,35,0,0,0,0,0,1,1,0,14,0,0,0,1,0
C5EYMKHG,35,1,0,0,1,0,1,0,0,12,0,0,0,2,1
C5NV742M,35,0,0,0,1,0,1,1,0,11,1,1,0,1,0
C5U59GID,35,1,0,0,1,0,1,2,0,12,0,0,0,0,1
EGCXCO,35,0,0,0,0,1,1,0,0,12,1,1,0,1,0
F8TTFP6G,35,2,0,0,0,0,1,0,0,11,1,1,1,1,0
F8ZJPJW9,35,0,0,0,0,0,1,1,0,14,1,0,0,0,0
F984CQD6,35,0,0,0,0,0,1,1,0,13,1,0,1,0,0
F9ECHIPQ,35,0,0,0,1,0,1,1,0,11,1,1,1,0,0
F9GHUSNB,35,0,0,0,0,0,1,0,0,16,0,0,0,0,0
K5CX,35,0,0,0,0,0,1,1,0,12,1,1,1,0,0
KBQ9KMSG,35,0,0,0,0,1,1,1,0,12,1,1,0,0,0
LLIUMTKY,35,0,0,0,0,0,1,1,0,14,1,0,0,0,0
LLLHRZEL,35,0,0,0,0,1,1,1,0,11,1,0,0,0,3
LLN9BFRY,35,0,0,0,0,0,1,0,0,14,1,0,0,1,0
LLNLEXYV,35,0,0,0,0,1,1,1,0,10,1,1,1,1,0
LLUV69EM,35,0,0,0,0,1,1,1,0,12,1,1,0,0,0
LLWVUFIL,35,2,0,0,0,1,1,1,0,11,0,0,1,1,0
LLZSJWTF,35,0,0,0,1,1,1,1,0,11,1,0,1,0,0
LM3LTG83,35,0,0,0,1,0,1,1,0,11,1,1,0,1,0
LM6XTMW2,35,0,0,0,0,0,1,1,0,13,1,0,0,1,0
LMH34TPA,35,0,0,0,0,0,1,1,0,13,1,1,0,0,0
LMX18726,35,0,0,0,1,0,1,0,0,11,1,0,2,0,2
LN9Q9VV1,35,0,0,0,0,0,1,1,0,13,1,0,1,0,0
LNE1BFGR,35,0,0,0,0,0,1,0,0,12,0,0,3,1,1
LNRD6MWD,35,0,0,0,1,1,1,0,0,11,1,0,1,1,0
LNXEEEI8,35,0,0,0,0,1,1,1,0,13,1,0,0,0,0
LOMNN8VB,35,0,0,0,1,0,1,1,0,11,1,1,0,0,1
LOSGWCBL,35,0,0,0,2,0,1,0,0,12,2,0,0,0,1
LOVT688L,35,0,0,0,0,0,1,1,0,13,1,0,0,1,0
LP1CGYQP,35,1,0,0,0,1,1,4,0,11,0,0,1,0,0
LP21WBLM,35,0,0,0,0,0,1,1,0,12,1,1,0,1,0
LP2ZNAXR,35,1,0,0,0,0,1,4,0,10,1,0,1,1,0
LPLQDKC7,35,0,0,0,0,1,3,0,0,13,1,0,0,0,0
LPM1U5R8,35,0,0,0,0,0,1,1,0,14,1,0,0,0,0
LPMBX7T2,35,0,0,0,0,0,1,1,0,13,1,0,0,1,0
LPMSJ4J6,35,0,0,0,0,0,1,1,0,15,0,0,0,0,0
LPRBEW26,35,0,0,0,0,0,1,1,0,14,1,0,0,0,0
LPXHIMLK,35,0,0,0,0,1,1,1,0,12,1,0,1,0,0
LQ2DHED6,35,0,0,0,0,0,1,0,0,14,1,0,0,1,0
LQBIDJ61,35,0,0,0,0,0,1,1,0,14,1,0,0,0,0
LQHHNG4N,35,0,0,0,1,0,1,1,0,12,1,1,0,0,0
LQIWL5Z5,35,0,0,0,0,1,1,1,0,11,1,1,0,1,0
LQLPOGBP,35,0,0,0,0,0,1,1,0,12,1,0,1,1,0
LQO7XEPF,35,0,0,0,0,0,1,1,0,12,1,1,1,0,0
LQPL2QL1,35,0,0,0,0,0,1,0,0,14,1,1,0,0,0
LQQTR8TP,35,0,0,0,0,0,1,1,0,14,1,0,0,0,0
LQS16QQL,35,0,0,0,0,1,1,1,0,12,1,0,1,0,0
LQUYSGPV,35,0,0,0,1,0,1,1,0,13,1,0,0,0,0
LQXP5UMV,35,0,0,0,1,0,1,0,0,13,1,0,0,1,0
LQZKOJXZ,35,0,0,0,0,0,1,1,0,14,1,0,0,0,0
LRDH5AGF,35,0,0,0,0,0,1,1,0,13,1,0,1,0,0
LRFNIPSY,35,1,0,0,0,0,1,1,0,13,2,0,0,0,0
LRYZ9AKL,35,0,0,0,0,1,1,1,0,11,1,1,1,0,0
LS2ADCKW,35,0,0,0,0,0,1,1,0,14,0,0,1,0,0
LSH5DZJN,35,0,0,0,0,0,1,0,0,15,1,0,0,0,0
RUDPPSID,35,0,0,0,1,1,1,1,0,12,0,0,1,0,0
RUIY76AK,35,0,0,0,0,1,1,1,0,12,0,0,1,1,0
RUP5F26D,35,0,0,0,1,1,1,1,0,10,1,0,1,1,0
72W3JB,34,1,0,0,0,1,1,0,0,12,1,1,0,0,0
C5CDP8QD,34,1,0,0,0,1,1,1,0,12,0,0,0,0,1
C5H642KI,34,1,0,0,0,1,1,1,0,12,1,0,0,0,0
C5T78OSK,34,0,0,0,0,0,1,0,0,13,2,1,0,0,0
C6524AC8,34,1,0,0,0,0,1,1,0,13,0,0,0,1,0
C652MPUL,34,0,0,0,0,1,1,1,0,11,2,0,1,0,0
C6D28VET,34,0,0,0,1,0,2,1,0,12,0,0,1,0,0
DLN487,34,1,0,0,0,0,1,1,0,12,1,0,0,1,0
EYITAT,34,0,0,0,0,1,2,0,0,11,1,1,1,0,0
F8QWKHXY,34,1,0,0,1,0,1,1,0,11,1,0,1,0,0
F8RUWRU5,34,0,0,0,0,1,1,1,0,11,2,0,0,1,0
F8RYNLKF,34,1,0,0,1,0,1,3,0,12,0,0,0,0,0
F8UYHPPA,34,1,0,0,0,0,1,1,1,10,1,1,0,1,0
F8WZ2ML7,34,0,0,0,0,0,2,1,0,12,1,0,0,1,0
F8Y28II2,34,1,0,0,0,0,1,1,0,12,1,1,0,0,0
F996ELJ5,34,0,0,0,2,0,1,1,0,12,0,0,0,0,1
KBNBJJSE,34,1,0,0,1,0,1,1,0,11,1,0,1,0,0
KBNZVY2W,34,0,0,0,0,0,2,1,0,12,1,0,0,1,0
KBRSSO43,34,0,0,0,0,1,1,1,0,11,2,0,1,0,0
KBRX8ZJ3,34,0,0,0,0,0,2,1,0,13,1,0,0,0,0
LLL35XCV,34,2,0,0,1,0,2,0,0,11,1,0,0,1,0
RUIG5EDA,34,1,0,0,0,0,1,1,1,10,1,0,1,1,0
RUTU57A9,34,1,0,0,0,0,1,1,0,13,0,0,0,1,0
RUTUWCGR,34,0,0,0,0,1,1,2,0,13,0,0,0,0,0
ZRVOXGUR,34,0,0,0,1,0,1,2,0,10,1,0,1,0,1
3BQ5N4,33,0,0,0,0,0,1,1,0,13,0,0,1,0,0
3D9X3V,33,2,0,0,0,1,1,1,0,10,1,0,0,1,0
3O6MHLND,33,0,0,0,0,0,1,1,0,12,1,0,1,0,0
3O6OZJF1,33,0,0,0,0,0,1,1,0,11,1,1,1,0,0
3O6PJ7J4,33,0,0,0,0,0,1,1,0,11,0,0,1,0,3
5DDB7O,33,0,0,0,0,1,1,1,0,11,1,1,0,0,0
6OEV8M,33,0,0,0,0,0,1,1,0,10,2,1,0,2,0
6QB8DG,33,0,0,0,0,0,1,1,0,13,1,0,0,0,0
BVR2C57E,33,1,1,0,1,0,2,1,0,10,0,0,1,0,0
C554UL32,33,0,0,0,0,0,1,0,0,14,1,0,0,0,0
C55KDXWC,33,1,0,0,0,1,1,1,0,11,2,0,0,0,0
C566R5ES,33,0,0,0,0,0,1,1,0,13,1,0,0,0,0
C56CWETR,33,0,0,0,0,1,1,0,0,14,0,0,0,0,0
C59H54Z3,33,0,0,0,0,0,1,0,0,11,1,1,0,1,1
C5B2OYJI,33,0,0,0,0,1,1,1,0,11,1,1,0,0,0
C5CVGYJC,33,0,0,0,1,0,1,1,0,11,0,0,1,1,0
C5D1611P,33,0,0,0,0,0,2,2,0,10,1,0,0,1,1
C5G7G9NY,33,1,0,0,1,0,2,1,0,11,1,0,0,0,0
C5MPXNX4,33,0,0,0,0,0,1,1,0,11,1,0,1,1,0
C5N12B49,33,0,0,0,0,0,1,1,0,10,1,1,1,1,0
C5N6NBVR,33,0,0,0,0,1,1,0,0,13,0,0,0,1,0
C5P1XFRH,33,0,0,0,1,1,1,1,0,10,1,0,1,0,0
C5TUSURN,33,0,0,0,0,0,1,1,0,10,1,1,0,1,1
C5UQCLKC,33,0,0,0,0,0,1,1,0,13,1,0,0,0,0
C5VR5UCN,33,0,0,0,0,0,1,1,0,12,1,0,1,0,0
C5ZWVLOO,33,0,0,0,0,0,1,0,0,13,1,1,0,0,0
C65BKBRD,33,1,0,0,0,1,1,1,0,11,2,0,0,0,0
C67W4U2V,33,1,0,0,0,0,2,0,0,14,0,0,0,0,0
C69NZQMX,33,0,0,0,0,1,2,0,0,11,2,0,0,1,0
C69R3BCL,33,0,0,0,0,1,1,1,0,13,0,0,0,0,0
C69YRV7M,33,0,0,0,1,0,1,1,0,12,0,0,1,0,0
C6CD5WXC,33,0,0,0,1,0,1,0,0,14,0,0,0,0,0
C6CZIYYN,33,0,0,0,0,1,1,0,0,11,1,1,0,1,0
DBCZ73,33,0,0,0,1,0,1,1,0,11,1,1,0,0,0
F3BKCF,33,1,0,0,1,0,1,0,0,11,0,0,2,0,1
F8TUZ7E5,33,0,0,0,1,0,1,1,0,11,1,0,0,1,0
F923SOJE,33,0,0,0,0,0,1,0,0,13,1,0,0,1,0
F92XBA1I,33,0,0,0,0,0,1,0,0,12,1,1,1,0,0
F956XEFO,33,1,0,0,0,0,1,0,0,11,1,0,1,2,0
F99FMC3A,33,0,0,0,0,0,1,0,0,13,1,1,0,0,0
F9A55V8P,33,1,0,0,0,0,1,1,0,10,1,1,0,0,2
F9G8QMA4,33,1,0,0,0,0,1,2,0,11,1,1,0,0,0
F9GYK4I1,33,2,0,0,1,0,1,1,0,10,0,0,1,1,0
F9H21WNP,33,2,0,0,0,0,1,1,0,12,0,0,1,0,0
FEDZP4,33,0,0,0,0,0,1,0,0,12,1,0,1,1,0
KBPX1CAW,33,2,0,0,0,1,1,1,0,11,1,0,0,0,0
KBPXAW6K,33,0,0,0,0,1,1,1,0,11,1,0,0,1,0
LMDCQ8B,33,0,0,0,0,1,1,1,0,11,1,1,0,0,0
LMTSRPL,33,0,0,0,0,0,1,1,0,12,1,0,0,1,0
LOJGG69,33,0,0,0,0,0,1,1,0,12,1,1,0,0,0
LONHK2R,33,0,0,0,1,1,1,1,0,10,1,0,0,0,1
LOWQCHC,33,0,0,0,0,1,1,1,0,11,1,1,0,0,0
RUD6P3WN,33,0,0,0,0,0,1,1,0,14,0,0,0,0,0
RUGGW7EL,33,0,0,0,1,1,1,1,0,10,1,0,0,1,0
RUHRAP8T,33,0,0,0,1,1,1,1,0,10,1,0,0,1,0
RUK5F12G,33,0,0,0,0,0,1,1,0,12,1,0,1,0,0
RUKS4XE2,33,0,0,0,0,1,1,0,0,10,1,1,1,1,0
RUN2KHIM,33,0,0,0,0,0,1,0,0,12,1,1,1,0,0
RUN51ZUE,33,0,0,0,0,0,1,1,0,12,1,1,0,0,0
RUQ6Y14X,33,0,0,0,0,0,1,1,0,11,1,1,0,1,0
RUR3SS2N,33,0,0,0,0,0,1,1,0,11,1,0,1,1,0
RUSLOR3W,33,0,0,0,0,1,1,1,0,11,1,0,1,0,0
RUUNHRKN,33,0,0,0,0,0,1,1,0,11,1,1,1,0,0
RUVXA9Q6,33,0,0,0,0,0,1,1,0,11,1,0,0,1,1
ZRVGKZC6,33,0,0,0,0,1,1,1,0,10,1,1,0,1,0
ZRYG3Z6Q,33,0,0,0,0,0,1,1,0,13,1,0,0,0,0
ZRYJGJ7M,33,0,0,0,0,1,1,1,0,11,1,1,0,0,0
24J1N,32,0,0,0,0,0,1,2,0,11,0,0,0,1,1
3O62HTQ4,32,1,0,0,0,0,1,1,0,11,1,0,0,1,0
8TT5GH,32,0,0,0,0,0,1,1,0,11,2,0,1,0,0
9RCU7W,32,0,0,0,0,0,1,2,0,10,1,0,0,1,1
C56W8Z2K,32,0,0,0,2,0,1,1,0,11,0,0,1,0,0
C58STXCW,32,1,0,0,0,1,1,0,0,11,1,0,0,1,0
C5AXPHP7,32,1,0,0,0,0,1,0,0,12,1,1,0,0,0
C5GD3U6N,32,0,0,0,0,0,1,4,0,10,1,0,0,1,0
C5IXKVYA,32,1,0,0,1,0,1,0,0,12,0,0,0,1,0
C5JC8SXU,32,0,0,0,0,0,1,2,0,11,1,0,0,0,1
C5KJDU,32,1,0,0,0,0,1,1,0,12,1,0,0,0,0
C5KPOGCD,32,1,0,0,1,0,1,1,0,10,1,0,0,1,0
C5MI66V5,32,0,0,0,0,1,2,0,0,11,0,0,0,1,1
C5MWGIBQ,32,0,0,0,0,1,1,0,0,10,0,0,1,1,2
C5R8UYAJ,32,0,0,0,1,0,2,1,0,11,1,0,0,0,0
C5SXWF73,32,0,0,0,0,0,2,0,0,12,0,0,0,1,1
C65RW87U,32,0,0,0,0,0,1,1,0,11,2,0,0,1,0
C66UPWZN,32,1,0,0,0,0,1,0,0,13,1,0,0,0,0
C66WB5JO,32,0,0,0,0,1,1,2,0,10,1,1,0,0,0
C67E4NIH,32,1,0,0,0,0,1,1,0,11,1,0,1,0,0
C67K5XE2,32,1,0,0,1,0,1,1,0,10,1,1,0,0,0
C685NU6F,32,0,0,0,0,0,1,1,0,11,2,1,0,0,0
C68GWX5G,32,1,0,0,0,0,1,1,0,10,1,1,0,1,0
C68Q7W3X,32,0,0,0,0,0,1,2,0,11,1,0,1,0,0
C69GWD9C,32,1,0,0,0,0,1,1,0,12,0,0,1,0,0
DMAIIV,32,1,0,0,0,0,1,0,0,10,1,1,1,1,0
F8PIDWLM,32,1,0,0,1,0,1,1,0,10,1,0,0,1,0
F8PKOGXS,32,0,0,0,0,0,1,1,0,10,1,1,0,0,2
F8T6JJVJ,32,0,0,0,0,0,1,0,0,11,1,0,1,2,0
F8VHM18R,32,0,0,0,1,1,2,1,0,10,0,0,0,1,0
F8WK2LRN,32,1,0,0,1,0,1,1,0,12,0,0,0,0,0
F8WNCB7K,32,3,0,0,0,0,1,1,1,11,0,0,0,0,0
F8X37S36,32,1,0,0,0,0,1,1,0,12,1,0,0,0,0
F8XKT72D,32,0,0,0,0,0,1,0,0,12,2,0,1,0,0
F91K2O7P,32,0,0,0,0,0,1,2,0,13,0,0,0,0,0
F92PEZKB,32,1,0,0,0,0,1,1,0,11,1,0,1,0,0
F94LRTMD,32,0,0,0,0,0,2,1,0,10,1,1,1,0,0
F95QD6XW,32,1,0,0,0,1,1,1,0,10,1,1,0,0,0
F95TLI6E,32,1,0,0,0,0,2,0,0,10,2,1,0,0,1
F983DQIV,32,0,0,0,1,1,1,0,0,11,2,0,0,0,0
F9CMA6YM,32,1,0,0,1,0,1,0,0,12,0,0,0,1,0
F9E2PJ8M,32,1,0,0,1,0,1,0,0,12,1,0,0,0,0
F9ELLY71,32,0,0,0,0,0,1,1,0,10,1,1,0,0,2
F9FDQPVA,32,0,0,0,0,1,1,0,0,10,2,1,0,0,1
F9HJP7I2,32,0,0,0,1,0,2,0,0,11,1,1,0,0,0
KBO9BZGN,32,0,0,0,0,0,1,0,0,11,2,1,1,0,0
KBQV8R8K,32,1,0,0,0,1,1,0,0,10,1,1,0,1,0
LN3NKOF,32,4,0,0,1,0,2,0,0,11,0,0,0,0,0
RUB53EJ5,32,0,0,0,0,0,1,2,0,12,0,0,1,0,0
RUJ9QGQZ,32,1,0,0,0,0,1,1,0,11,1,0,1,0,0
RUL6C4KT,32,1,0,0,0,0,1,1,0,11,1,0,0,1,0
RUMO19LO,32,2,0,0,0,0,1,1,0,11,2,0,0,0,0
RUR6JDMI,32,1,0,0,0,0,1,0,0,11,1,1,0,1,0
RUTYHQ78,32,0,0,0,1,1,1,1,0,10,2,0,0,0,0
ZRW67IEX,32,1,0,0,1,0,1,0,0,11,1,0,0,1,0
ZRW7A92O,32,1,0,0,1,0,1,1,0,10,0,0,0,1,1
ZRX5UFAX,32,0,0,0,0,1,2,1,0,11,1,0,0,0,0
ZRXIN82R,32,0,0,0,1,0,1,2,0,10,1,0,1,0,0
1O7CHQ,31,0,0,0,1,0,1,1,0,10,1,1,0,0,0
26ROFQ,31,0,0,0,0,0,1,1,0,10,1,1,1,0,0
2V73GX,31,0,0,0,0,0,1,1,0,12,1,0,0,0,0
34ULUY,31,0,0,0,1,0,1,1,0,11,0,0,1,0,0
3BWMNQ,31,0,0,0,1,0,1,0,0,12,1,0,0,0,0
3O5G2VBS,31,0,0,0,0,0,1,1,0,10,1,0,1,1,0
3O5LS83U,31,0,0,0,0,0,1,1,0,12,0,0,0,1,0
3O6H39WR,31,0,0,0,1,1,1,1,0,10,1,0,0,0,0
3O6MOYXA,31,1,0,0,0,1,1,1,0,10,2,0,0,0,0
3O7FUOIC,31,0,0,0,0,1,1,1,0,10,1,0,0,1,0
3O8EGLF3,31,0,0,0,1,1,1,1,0,10,1,0,0,0,0
3U68PE,31,0,0,0,0,0,1,1,0,11,1,1,0,0,0
4TPMHQ,31,0,0,0,0,0,1,1,0,10,1,1,0,1,0
4YZSA2,31,1,0,0,0,0,1,1,0,10,2,0,1,0,0
66YOUF,31,0,0,0,0,1,1,0,0,11,1,0,1,0,0
68XQ94,31,0,0,0,0,0,1,1,0,11,0,0,1,1,0
6JCGTA,31,0,0,0,0,1,1,1,0,10,1,1,0,0,0
6NATIG,31,0,0,0,0,1,1,0,0,10,1,0,1,1,0
7546LE,31,0,0,0,0,0,1,0,0,12,1,1,0,0,0
7CZCFG,31,0,0,0,0,1,1,1,0,10,1,0,0,0,1
7JTF73,31,0,0,0,0,0,1,1,0,11,1,0,0,1,0
8IZVNS,31,0,0,0,0,0,1,1,0,12,0,0,0,1,0
8O8CM7,31,0,0,0,0,1,1,1,0,10,1,1,0,0,0
9KT841,31,0,0,0,0,0,1,1,0,12,1,0,0,0,0
A26ZRK,31,0,0,0,0,0,1,1,0,11,1,0,1,0,0
AN36V4,31,0,0,0,1,0,1,1,0,10,1,0,0,1,0
AR7YQU,31,0,0,0,0,0,1,1,0,11,0,0,0,1,1
B1WLDG,31,0,0,0,0,1,1,1,0,11,1,0,0,0,0
BVR7ST9L,31,0,0,0,0,0,1,1,0,11,1,1,0,0,0
BVRHYY11,31,0,0,0,0,0,1,3,0,11,0,0,1,0,0
C544NDCU,31,0,0,0,1,0,1,1,0,12,0,0,0,0,0
C54L1XW7,31,0,0,0,0,0,1,1,0,10,1,0,1,1,0
C54ZXRPT,31,0,0,0,1,1,1,1,0,11,0,0,0,0,0
C55LO6Y8,31,1,0,0,0,0,1,1,0,11,0,0,0,0,2
C55VJMIR,31,0,0,0,0,0,1,0,0,12,0,0,0,1,1
C56B2U23,31,0,0,0,0,0,1,1,0,12,1,0,0,0,0
C57WFK8D,31,1,0,0,0,0,1,2,0,12,0,0,0,0,0
C57ZDPJO,31,0,0,0,0,0,1,1,0,11,1,0,0,0,1
C57ZUOYE,31,1,0,0,0,0,2,0,0,11,1,0,0,1,0
C58MZGH9,31,0,0,0,0,0,1,1,0,12,0,0,0,1,0
C59N66V5,31,0,0,0,0,0,1,1,0,11,1,0,0,1,0
C59Y1HEO,31,0,0,0,0,0,1,1,0,11,1,0,0,1,0
C5AMAOO9,31,0,0,0,0,0,1,1,0,10,1,1,0,1,0
C5BG8ZYS,31,0,0,0,0,0,2,1,0,10,0,0,2,1,0
C5C56WWR,31,0,0,0,0,0,1,1,0,10,1,1,0,1,0
C5CJWJ14,31,0,0,0,0,0,1,1,0,13,0,0,0,0,0
C5CPTSH1,31,0,0,0,1,0,1,1,0,11,1,0,0,0,0
C5CUGXG1,31,0,0,0,0,0,3,1,0,10,1,0,1,0,0
C5CYIFJR,31,0,0,0,1,0,1,1,0,11,1,0,0,0,0
C5D8PMFB,31,0,0,0,0,1,1,1,0,11,0,0,0,1,0
C5DKQ61G,31,1,0,0,0,0,1,1,0,11,2,0,0,0,0
C5DRBTW6,31,0,0,0,1,0,1,1,0,11,1,0,0,0,0
C5E5H3UB,31,0,0,0,0,0,1,0,0,13,0,0,1,0,0
C5EAYVDU,31,0,0,0,0,0,1,1,0,11,1,0,0,1,0
C5ENNS6K,31,0,0,0,0,0,1,1,0,11,1,0,1,0,0
C5F3F8NN,31,0,0,0,0,0,1,0,0,13,0,0,0,0,1
C5FCKUDI,31,0,0,0,0,0,1,1,0,11,1,0,0,1,0
C5FJY1KS,31,0,0,0,1,0,1,1,0,10,1,1,0,0,0
C5FLJIRF,31,0,0,0,0,0,1,0,0,12,0,0,1,1,0
C5FTAKG5,31,0,0,0,0,1,1,1,0,10,1,0,0,1,0
C5G5IDLL,31,0,0,0,0,1,1,1,0,10,1,1,0,0,0
C5GOIPBP,31,0,0,0,0,0,1,1,0,10,1,1,1,0,0
C5K26TG3,31,1,0,0,0,0,2,1,0,10,1,0,0,1,0
C5KOF6V4,31,0,0,0,0,1,1,1,0,12,0,0,0,0,0
C5LATC2G,31,0,0,0,0,1,1,0,0,12,1,0,0,0,0
C5LOP4V8,31,0,0,0,0,0,1,1,0,10,1,0,1,1,0
C5LU1DHM,31,0,0,0,0,0,1,1,0,11,1,1,0,0,0
C5LXZOL4,31,0,0,0,0,1,1,1,0,11,1,0,0,0,0
C5MC58H3,31,1,0,0,1,0,1,0,0,11,0,0,0,0,2
C5N3BG6U,31,0,0,0,0,0,1,1,0,12,1,0,0,0,0
C5NM4KJY,31,0,0,0,1,0,1,0,0,11,1,0,1,0,0
C5NXZT3A,31,2,0,0,0,0,1,1,0,10,0,0,0,1,1
C5SN5LAI,31,0,0,0,0,0,1,1,0,12,1,0,0,0,0
C5UAWBEE,31,0,0,0,0,1,1,1,0,12,0,0,0,0,0
C5UW6LD8,31,1,0,0,1,0,2,1,1,10,0,0,0,0,0
C5V49RXJ,31,0,0,0,0,0,1,1,0,11,0,0,1,1,0
C5VPOS3N,31,0,0,0,0,1,1,1,0,12,0,0,0,0,0
C5W7MW2L,31,0,0,0,0,0,1,1,0,11,1,1,0,0,0
C5X255HR,31,0,0,0,0,0,1,0,0,13,0,0,1,0,0
C5X47DLT,31,0,0,0,0,1,1,1,0,10,1,0,0,1,0
C5XCZFTN,31,0,0,0,0,1,1,1,0,11,1,0,0,0,0
C5XT4WE1,31,0,0,0,0,0,1,1,0,10,1,0,1,1,0
C5ZG3GIP,31,0,0,0,0,1,1,1,0,10,1,0,0,1,0
C5ZOLXLA,31,0,0,0,0,0,1,1,0,12,0,0,0,0,1
C5ZUW7H1,31,0,0,0,0,0,1,1,0,13,0,0,0,0,0
C61EDD1V,31,0,0,0,0,0,1,0,0,12,1,1,0,0,0
C61JH6LG,31,0,0,0,0,0,1,0,0,11,1,0,1,0,1
C61QTNNG,31,0,0,0,0,0,1,1,0,11,1,0,1,0,0
C62XCQKA,31,0,0,0,0,1,1,1,0,12,0,0,0,0,0
C63BI3VJ,31,0,0,0,1,0,1,0,0,13,0,0,0,0,0
C63RF9NL,31,0,0,0,0,0,1,1,0,11,1,0,0,1,0
C64CJCKT,31,0,0,0,0,0,1,1,0,10,1,1,0,1,0
C64MX13F,31,0,0,0,1,0,1,0,0,11,1,0,1,0,0
C65OKAFE,31,0,0,0,0,0,1,1,0,12,0,0,0,1,0
C65VY8EC,31,0,0,0,1,0,1,0,0,12,0,0,1,0,0
C675LM36,31,0,0,0,1,0,1,1,0,12,0,0,0,0,0
C678MNY2,31,0,0,0,1,1,1,0,0,12,0,0,0,0,0
C6798HGM,31,0,0,0,1,0,1,1,0,10,1,0,1,0,0
C687Q74B,31,0,0,0,0,0,1,1,0,10,1,1,1,0,0
C68FRW3U,31,0,0,0,0,1,1,0,0,12,1,0,0,0,0
C68FS24B,31,0,0,0,0,0,1,1,0,12,1,0,0,0,0
C68SR4M2,31,0,0,0,0,0,1,0,0,12,1,0,1,0,0
C68YQTPK,31,0,0,0,0,1,2,2,0,10,1,0,0,0,0
C69DX6KY,31,0,0,0,0,0,1,1,0,10,1,1,1,0,0
C69F493W,31,0,0,0,0,0,1,1,0,12,1,0,0,0,0
C6A61XW1,31,0,0,0,0,0,1,0,0,10,1,0,0,2,2
C6AWFTZT,31,0,0,0,1,0,2,2,0,10,1,0,0,0,0
C6B2W2VN,31,0,0,0,0,0,1,0,0,12,1,0,0,1,0
C6B3HMNE,31,0,0,0,0,0,1,0,0,13,1,0,0,0,0
C6BHB67O,31,0,0,0,0,1,1,1,0,10,0,0,1,1,0
C6BHM2ZJ,31,0,0,0,0,0,1,1,0,13,0,0,0,0,0
C6BOSYBB,31,0,0,0,0,0,1,0,0,12,1,0,1,0,0
C6C59OOR,31,0,0,0,0,0,1,1,0,11,1,0,0,1,0
C6CBMD2Z,31,0,0,0,0,0,1,1,0,11,1,0,0,1,0
CBTFH2,31,0,0,0,0,0,1,0,0,11,1,1,1,0,0
CSHCVA,31,1,0,0,0,0,1,3,0,10,0,0,0,2,0
DUB8Q8,31,0,0,0,1,0,1,1,0,10,1,0,1,0,0
DUCE96,31,0,0,0,1,0,1,1,0,11,0,0,1,0,0
EWYMAK,31,0,0,0,0,0,1,0,0,14,0,0,0,0,0
F6XADW,31,0,0,0,0,1,1,0,0,10,1,1,1,0,0
F8OR1ULV,31,0,0,0,0,0,1,1,0,11,1,0,0,1,0
F8PDO5C1,31,0,0,0,1,0,1,0,0,11,1,0,1,0,0
F8PPLULJ,31,0,0,0,0,0,1,1,0,10,1,1,0,1,0
F8Q3KXT8,31,0,0,0,1,1,1,1,0,10,1,0,0,0,0
F8QBGYFB,31,0,0,0,1,1,1,1,0,10,0,0,0,1,0
F8R5VJDY,31,1,0,0,0,2,1,1,0,10,0,0,0,0,1
F8RURAX2,31,0,0,0,1,0,1,1,0,11,0,0,1,0,0
F8S6LNJE,31,0,0,0,0,1,1,0,0,11,1,0,1,0,0
F8TT14XC,31,0,0,0,0,0,1,0,0,12,1,0,0,1,0
F8UPR1FX,31,0,0,0,0,1,1,0,0,12,0,0,1,0,0
F8USQ6CE,31,1,0,0,0,1,1,2,0,10,1,0,0,0,0
F8VGFXBJ,31,0,0,0,0,0,1,1,0,10,1,1,1,0,0
F8WQUNZT,31,0,0,0,0,0,1,1,0,11,1,0,0,1,0
F8WS5YFL,31,0,0,0,0,1,1,0,0,10,1,0,0,1,1
F8XMKLAB,31,0,0,0,0,1,1,1,0,10,0,0,1,1,0
F8XNDFA1,31,0,0,0,1,0,1,0,0,12,1,0,0,0,0
F8YDS9JA,31,0,0,0,0,0,1,1,0,10,1,1,0,1,0
F91F8A2D,31,0,0,0,0,0,1,1,0,13,0,0,0,0,0
F91O5TID,31,0,0,0,0,0,1,1,0,12,0,0,1,0,0
F93GA1K8,31,0,0,0,0,1,1,1,0,11,1,0,0,0,0
F9416OE1,31,0,0,0,0,0,1,1,0,12,0,0,0,1,0
F94GIO7J,31,0,0,0,0,0,1,1,0,12,1,0,0,0,0
F957BGKJ,31,0,0,0,1,0,1,1,0,12,0,0,0,0,0
F975L3QC,31,0,0,0,1,0,1,1,0,12,0,0,0,0,0
F9823RM7,31,0,0,0,0,1,1,1,0,12,0,0,0,0,0
F988L6PJ,31,0,0,0,1,1,1,0,0,10,1,1,0,0,0
F98HR4I5,31,0,0,0,0,0,1,1,0,13,0,0,0,0,0
F99MNHJE,31,0,0,0,0,0,1,1,0,12,1,0,0,0,0
F9A1US6C,31,0,0,0,1,0,1,0,0,11,1,0,0,1,0
F9A4FBD1,31,0,0,0,0,0,1,1,0,12,0,0,1,0,0
F9A8EVAN,31,0,0,0,0,0,1,1,0,13,0,0,0,0,0
F9A9XS7T,31,0,0,0,0,0,1,1,0,11,1,0,1,0,0
F9AGNJ7A,31,0,0,0,0,1,1,0,0,12,0,0,1,0,0
F9DCR5QU,31,0,0,0,0,0,1,1,0,11,1,0,0,1,0
F9DTBFRF,31,0,0,0,0,1,1,1,0,11,1,0,0,0,0
F9DVL5P6,31,0,0,0,0,0,1,1,0,10,0,0,0,1,3
F9EJQ62P,31,0,0,0,0,0,1,0,0,11,1,1,0,1,0
F9FWD4OC,31,0,0,0,0,0,1,0,0,10,1,1,1,0,1
F9GHTS2R,31,0,0,0,0,0,1,1,0,11,1,1,0,0,0
F9GSY41Q,31,0,0,0,0,0,1,0,0,11,1,0,0,1,1
FA8P4E,31,0,0,0,0,1,1,1,0,12,0,0,0,0,0
FWJ21O,31,0,0,0,0,0,1,1,0,11,1,0,0,1,0
FX1WHE,31,0,0,0,0,0,1,0,0,13,0,0,1,0,0
GETTUK,31,0,0,0,0,0,1,1,0,11,1,0,1,0,0
KBOY1YIO,31,0,0,0,0,0,1,1,0,12,0,0,1,0,0
KBPMXGSE,31,0,0,0,0,1,1,0,0,10,1,1,0,1,0
KBR5YWXP,31,0,0,0,0,0,1,0,0,14,0,0,0,0,0
KBX6W,31,0,0,0,0,0,1,1,0,12,1,0,0,0,0
LMKGEC5,31,0,0,0,0,0,1,1,0,12,1,0,0,0,0
LMLAO9Q,31,0,0,0,0,0,1,1,0,13,0,0,0,0,0
LNCVKK7,31,0,0,0,0,1,1,1,0,11,0,0,1,0,0
LNISGFS,31,0,0,0,1,0,1,1,0,12,0,0,0,0,0
LNLUOEI,31,0,0,0,0,0,1,1,0,11,1,1,0,0,0
LNLYEU3,31,0,0,0,0,1,3,1,0,10,1,0,0,0,0
LNSDNRC,31,0,0,0,0,0,1,1,0,12,1,0,0,0,0
LRCSO4,31,0,0,0,1,0,1,1,0,10,1,1,0,0,0
MIN9AO,31,0,0,0,1,0,1,1,0,10,1,0,1,0,0
RUC7ZJSP,31,0,0,0,0,1,1,0,0,12,1,0,0,0,0
RUDHS95I,31,0,0,0,0,1,1,1,0,10,1,0,0,1,0
RUE7XX7W,31,0,0,0,0,0,1,0,0,12,1,0,0,1,0
RUEZWJDL,31,0,0,0,0,1,1,0,0,11,1,0,0,1,0
RUFHQTXL,31,0,0,0,1,0,1,1,0,10,0,0,0,1,1
RUFU2SRB,31,0,0,0,0,0,1,0,0,12,1,0,1,0,0
RUGA2IXV,31,0,0,0,0,0,1,1,0,10,1,0,1,1,0
RUGEMB9G,31,0,0,0,0,1,1,1,0,11,0,0,1,0,0
RUHGP3OF,31,0,0,0,0,1,1,1,0,11,0,0,1,0,0
RUILVTLU,31,0,0,0,0,0,1,1,0,12,1,0,0,0,0
RUM6ZM8G,31,0,0,0,0,0,1,1,0,12,1,0,0,0,0
RUMHBBAK,31,0,0,0,0,1,1,0,0,13,0,0,0,0,0
RUNQ95JZ,31,0,0,0,0,0,1,0,0,12,1,0,1,0,0
RUO724LS,31,0,0,0,1,0,1,0,0,11,1,1,0,0,0
RUORZ721,31,0,0,0,0,0,1,1,0,11,1,1,0,0,0
RUOT3TCZ,31,1,0,0,0,2,1,1,0,10,1,0,0,0,0
RUPNGNKT,31,2,0,0,0,0,3,0,0,11,0,0,0,1,0
RUQH1HGL,31,0,0,0,0,0,1,1,0,12,0,0,1,0,0
RURFWC3D,31,0,0,0,0,0,1,1,0,10,1,1,0,1,0
RURMA2R7,31,0,0,0,0,0,1,1,0,11,1,0,0,1,0
RUS2IRY6,31,0,0,0,0,1,1,1,0,10,1,0,1,0,0
RUS4ZY9H,31,0,0,0,0,0,1,1,0,12,1,0,0,0,0
RUSF1XDI,31,0,0,0,0,0,1,0,0,11,1,1,0,1,0
RUSJYVH6,31,0,0,0,0,0,1,1,0,11,1,0,0,1,0
RUSXMQKV,31,0,0,0,0,0,1,1,0,11,1,0,1,0,0
RUTDEW9W,31,1,0,0,0,0,2,1,0,10,1,1,0,0,0
RUU8EQEW,31,0,0,0,0,0,1,1,0,11,1,0,0,1,0
RUU8O22I,31,0,0,0,0,0,1,0,0,10,1,1,1,1,0
RUUF7YA6,31,0,0,0,0,0,1,1,0,10,1,0,0,1,1
RUUKIAQ9,31,0,0,0,1,0,1,1,0,11,0,0,0,1,0
RUUOFG2R,31,0,0,0,1,1,1,0,0,11,1,0,0,0,0
TO29S,31,0,0,0,1,0,1,0,0,10,1,0,1,1,0
ZRXPUR26,31,0,0,0,0,0,1,2,0,10,1,0,0,0,2
ZRXSBU7U,31,0,0,0,0,0,1,1,0,13,0,0,0,0,0
ZRYGG9XQ,31,0,0,0,0,0,1,1,0,12,1,0,0,0,0
ZRYN3U6Y,31,0,0,0,0,0,1,0,0,13,1,0,0,0,0
15CLH7,30,0,0,0,0,0,2,1,0,11,0,0,0,1,0
1NQGLH,30,1,0,0,1,0,1,0,0,10,1,0,1,0,0
3O3Y9F,30,0,0,0,0,0,1,1,0,11,2,0,0,0,0
3O5TT78M,30,0,0,0,0,0,2,1,0,11,1,0,0,0,0
4Z3AYM,30,1,0,0,0,0,1,0,0,10,1,1,0,1,0
73JKCO,30,1,0,0,0,0,1,0,0,11,1,0,1,0,0
7UMWIZ,30,0,0,0,0,0,1,0,0,11,2,0,0,1,0
8DHGJA,30,1,0,0,0,1,1,1,0,10,0,0,0,1,0
92S4I5,30,0,0,0,0,0,1,1,0,10,2,1,0,0,0
9SDDF5,30,0,0,0,1,0,2,0,0,10,1,0,1,0,0
AG93FD,30,0,0,0,0,0,2,1,0,10,0,0,0,1,1
BNLCBY,30,1,0,0,0,0,1,0,0,12,0,0,1,0,0
BSRMYU,30,1,0,0,0,0,1,0,0,12,1,0,0,0,0
BVR3Z8U6,30,1,0,0,0,0,1,1,0,10,1,1,0,0,0
C545G8ND,30,0,0,0,1,0,1,0,0,10,1,0,0,0,2
C54CPGYY,30,1,0,0,1,0,1,0,0,11,0,0,1,0,0
C57QTSU4,30,1,0,0,1,0,1,0,0,10,1,1,0,0,0
C58BY8NE,30,1,0,0,0,0,1,0,0,10,1,0,0,1,1
C58O8Q9D,30,0,0,0,0,0,1,1,0,11,2,0,0,0,0
C5A51CKU,30,1,0,0,0,1,1,1,0,10,1,0,0,0,0
C5AIBNQF,30,1,0,0,0,0,1,1,0,11,1,0,0,0,0
C5AUGD9P,30,0,0,0,1,0,2,0,0,12,0,0,0,0,0
C5EATQS5,30,1,0,0,1,0,1,0,0,10,1,1,0,0,0
C5F2HA22,30,0,0,0,1,0,1,2,0,10,1,0,0,0,0
C5FJNODL,30,1,0,0,0,0,1,0,0,10,1,1,0,1,0
C5I7V9DR,30,0,0,0,1,0,2,0,0,10,1,1,0,0,0
C5J1X5EW,30,0,0,0,0,0,2,3,0,10,0,0,0,0,1
C5J6PMRX,30,0,0,0,0,0,1,1,0,10,2,1,0,0,0
C5LCWC33,30,0,0,0,1,0,1,1,0,10,2,0,0,0,0
C5MK2OHH,30,0,0,0,0,1,2,1,0,10,0,0,1,0,0
C5MXNDTA,30,0,0,0,0,1,2,1,0,11,0,0,0,0,0
C5NW157Y,30,1,0,0,1,0,1,1,0,10,0,0,0,1,0
C5OJRJNR,30,1,0,0,0,1,1,1,0,10,1,0,0,0,0
C5OU65Z6,30,0,0,0,0,0,1,2,0,10,1,1,0,0,0
C5OVOG9S,30,1,0,0,0,0,1,1,0,11,1,0,0,0,0
C5QG2GFB,30,0,0,0,0,1,2,0,0,10,1,0,1,0,0
C5RL18HE,30,1,0,0,0,0,1,1,0,11,0,0,0,1,0
C5RQB9G7,30,0,0,0,0,0,1,1,0,10,2,0,1,0,0
C5SPIMJB,30,0,0,0,0,0,2,1,0,12,0,0,0,0,0
C5X8RPK4,30,0,0,0,0,0,1,1,0,11,0,0,2,0,0
C5YYNMN6,30,1,0,0,0,0,1,0,0,11,1,1,0,0,0
C5ZCPPQJ,30,0,0,0,0,0,1,1,0,11,0,0,0,0,2
C5ZYED2E,30,0,0,0,1,0,1,0,0,10,1,0,0,0,2
C63RVL2K,30,0,0,0,0,0,1,1,0,11,0,0,0,0,2
C66OC9YR,30,1,0,0,0,0,1,0,0,11,1,1,0,0,0
C68Z6GSK,30,1,0,0,0,0,1,1,0,10,1,0,0,1,0
C69EFVE9,30,0,0,0,0,0,2,0,0,11,1,0,0,1,0
C6B2ARN2,30,0,0,0,0,0,1,0,0,11,0,0,1,0,2
C6CTASDK,30,0,0,0,0,0,2,0,0,11,1,0,0,1,0
CQ3C8M,30,1,0,0,0,0,1,0,0,10,1,0,1,1,0
CX7JWW,30,0,0,0,0,0,2,1,0,11,0,0,1,0,0
EA3523,30,0,0,0,0,0,2,0,0,13,0,0,0,0,0
EH66JE,30,1,0,0,0,0,1,0,0,10,1,1,0,1,0
F8QL1ORX,30,1,0,0,0,0,1,0,0,11,1,1,0,0,0
F8QR7IMH,30,0,0,0,0,1,1,0,0,10,2,1,0,0,0
F8SOAG6O,30,1,0,0,1,0,1,0,0,11,1,0,0,0,0
F8TYFF5D,30,1,0,0,1,0,1,0,0,10,1,0,0,0,1
F8W7T5WO,30,0,0,0,0,0,1,2,0,10,1,0,0,0,1
F8WYLSYQ,30,1,0,0,1,0,1,1,0,10,0,0,0,1,0
F93DIK5E,30,1,0,0,1,0,1,0,0,10,1,1,0,0,0
F94DI4A2,30,1,0,0,0,0,1,0,0,10,1,1,0,1,0
F94F8ZQY,30,1,0,0,1,0,1,1,0,10,0,0,0,1,0
F94KGK2E,30,1,0,0,0,0,1,0,0,13,0,0,0,0,0
F95FXR6T,30,0,0,0,0,0,2,1,0,11,1,0,0,0,0
F98H87JI,30,1,0,0,0,0,1,1,0,10,0,0,0,1,1
F98NXXNH,30,0,0,0,2,0,1,0,0,10,1,0,0,0,1
F9B2RGF7,30,0,0,0,0,1,2,1,0,10,0,0,0,1,0
F9BC63EI,30,1,0,0,0,1,1,0,0,11,1,0,0,0,0
F9CHR3IQ,30,0,0,0,0,1,1,1,0,10,2,0,0,0,0
F9DJG9T5,30,0,0,0,0,0,2,1,0,10,1,0,0,1,0
F9ERHUTY,30,0,0,0,0,0,2,1,0,12,0,0,0,0,0
F9G23LD1,30,0,0,0,0,0,1,1,0,10,2,1,0,0,0
FE41NS,30,1,0,0,0,0,1,1,0,10,1,0,0,1,0
G688A9,30,1,0,0,1,0,1,1,0,10,1,0,0,0,0
KBOBX141,30,0,0,0,0,0,1,1,0,11,2,0,0,0,0
KBOTMBDD,30,0,0,0,1,0,2,0,0,11,1,0,0,0,0
KBQ4Y2QV,30,0,0,0,0,0,2,0,0,11,1,1,0,0,0
KBR4E8OV,30,1,0,0,0,0,1,0,0,10,1,1,0,1,0
LNOTF21,30,1,0,0,1,0,1,1,0,10,1,0,0,0,0
LXFETH,30,1,0,0,0,1,3,1,0,10,0,0,0,0,0
M99IQW,30,1,0,0,0,0,1,1,0,11,1,0,0,0,0
NQ4TC,30,1,0,0,1,0,1,0,0,12,0,0,0,0,0
RUCKH4CG,30,0,0,0,2,0,1,3,0,10,0,0,0,0,0
RUDAEWWR,30,1,0,0,0,1,1,1,0,10,1,0,0,0,0
RUEO7EZZ,30,1,0,0,1,0,1,0,0,12,0,0,0,0,0
RUF8ECJS,30,0,0,0,0,0,2,1,0,10,1,0,1,0,0
RUGRUY1K,30,0,0,0,0,0,1,1,0,11,0,0,0,2,0
RUH3SAWA,30,0,0,0,0,1,1,2,0,10,0,0,0,0,1
RUIYXPWJ,30,0,0,0,0,1,1,2,0,10,1,0,0,0,0
RUJQW6LD,30,0,0,0,0,0,2,1,0,11,0,0,0,1,0
RUJTGLJO,30,1,0,0,0,0,1,0,0,13,0,0,0,0,0
RUMAGDK4,30,1,0,0,1,0,1,1,0,10,1,0,0,0,0
RUNK9HCN,30,0,0,0,0,0,1,0,0,11,2,1,0,0,0
RUNWF25S,30,1,0,0,0,0,1,0,0,12,0,0,0,1,0
RUO882YA,30,1,0,0,1,0,1,1,0,11,0,0,0,0,0
RUOQ64FN,30,0,0,0,0,0,1,0,0,11,1,0,0,0,2
RUP52QWG,30,1,0,0,0,0,1,1,0,12,0,0,0,0,0
RUPACPWA,30,1,0,0,0,0,1,1,1,10,1,0,0,0,0
RUPMQS8D,30,1,0,0,1,0,1,1,0,11,0,0,0,0,0
RUQFEF2A,30,1,0,0,0,0,1,0,0,11,1,0,0,1,0
RUSJNYU5,30,1,0,0,1,0,1,0,0,10,1,0,0,1,0
RUW5L6ZZ,30,0,0,0,1,0,2,1,0,10,1,0,0,0,0
ZRWMN8VV,30,0,0,0,0,0,2,1,0,10,1,1,0,0,0
ZRXTLZ8L,30,1,0,0,0,0,1,1,0,10,1,0,0,1,0
15RT47,29,0,0,0,0,0,1,1,0,11,0,0,0,1,0
1DBETZ,29,0,0,0,0,0,1,1,0,11,1,0,0,0,0
1IG1G7,29,0,0,0,0,0,1,1,0,11,1,0,0,0,0
1IOKI,29,0,0,0,0,1,1,0,0,10,1,1,0,0,0
1JNYT8,29,0,0,0,0,0,1,1,0,10,1,1,0,0,0
1PCFI7,29,0,0,0,0,0,1,1,0,10,1,1,0,0,0
24HDCX,29,0,0,0,0,0,1,1,0,12,0,0,0,0,0
25HZ2X,29,0,0,0,0,0,1,1,0,10,1,0,1,0,0
2LOYRP,29,0,0,0,0,0,1,1,0,12,0,0,0,0,0
2P26OL,29,0,0,0,0,0,1,1,0,10,1,0,0,1,0
2SV53J,29,0,0,0,0,0,1,0,0,13,0,0,0,0,0
2U6ZG2,29,0,0,0,1,0,1,1,0,10,0,0,1,0,0
344OLB,29,0,0,0,0,0,1,1,0,10,1,0,0,1,0
3562ZW,29,0,0,0,0,0,1,0,0,12,1,0,0,0,0
3EZUEA,29,1,0,0,0,1,1,2,0,10,0,0,0,0,0
43P6MX,29,0,0,0,1,0,1,1,0,10,1,0,0,0,0
43YDJR,29,0,0,0,0,0,1,1,0,12,0,0,0,0,0
495DJG,29,0,0,0,0,0,1,1,0,11,1,0,0,0,0
4AG3VY,29,0,0,0,1,0,1,1,0,10,0,0,1,0,0
4WBNPR,29,0,0,0,1,0,1,0,0,11,1,0,0,0,0
4YZFMC,29,0,0,0,0,0,1,1,0,10,1,1,0,0,0
5OV4S3,29,0,0,0,0,0,1,1,0,10,1,0,0,1,0
64IK3S,29,0,0,0,0,0,1,1,0,10,1,0,1,0,0
66FRJ9,29,0,0,0,0,0,1,0,0,11,1,0,1,0,0
6PSUDT,29,0,0,0,0,1,1,1,0,11,0,0,0,0,0
7GGFLG,29,0,0,0,1,1,1,0,0,10,0,0,0,1,0
7HZGC3,29,0,0,0,0,0,1,0,0,13,0,0,0,0,0
7TSHKG,29,0,0,0,0,0,1,1,0,12,0,0,0,0,0
7UUZ9B,29,0,0,0,1,0,1,0,0,11,1,0,0,0,0
842HE3,29,0,0,0,0,0,1,1,0,10,1,1,0,0,0
84RSNN,29,0,0,0,0,0,1,0,0,11,1,1,0,0,0
8D4FOV,29,0,0,0,0,0,1,3,0,10,0,0,0,0,1
8F3MD1,29,0,0,0,1,0,1,0,0,12,0,0,0,0,0
8HV37S,29,0,0,0,0,0,1,0,0,12,1,0,0,0,0
8M21JA,29,0,0,0,0,0,1,1,0,10,1,0,0,1,0
9CA12F,29,2,0,0,0,0,1,0,0,10,0,0,1,1,0
9VNAL4,29,0,0,0,0,0,1,0,0,10,1,1,0,1,0
A7FSOR,29,0,0,0,0,1,1,1,0,11,0,0,0,0,0
ACM4FK,29,0,0,0,0,0,1,1,0,12,0,0,0,0,0
AVKXRP,29,0,0,0,0,0,1,1,0,10,1,0,0,1,0
B978N,29,0,0,0,0,0,1,1,0,10,0,0,1,1,0
BH9GE5,29,0,0,0,0,0,1,1,0,12,0,0,0,0,0
BVQYT957,29,0,0,0,0,1,1,1,0,11,0,0,0,0,0
BVRBDTFP,29,0,0,0,0,1,1,0,0,10,1,1,0,0,0
C3VQLQ,29,0,0,0,0,0,1,0,0,10,1,1,0,1,0
C52F4Y,29,0,0,0,1,0,1,1,0,10,0,0,1,0,0
C542FKYP,29,0,0,0,0,0,1,0,0,10,1,1,1,0,0
C543W7JA,29,0,0,0,0,1,1,0,0,10,1,0,0,1,0
C54AWT8E,29,0,0,0,1,0,1,0,0,10,1,0,1,0,0
C55AFPH1,29,0,0,0,0,1,1,0,0,11,1,0,0,0,0
C55NGBEE,29,0,0,0,0,0,1,1,0,11,1,0,0,0,0
C56B2S15,29,0,0,0,0,1,1,1,0,10,1,0,0,0,0
C56JLGEW,29,0,0,0,0,1,1,1,0,10,0,0,0,1,0
C56OVPPD,29,0,0,0,1,0,1,1,0,10,1,0,0,0,0
C56OWSRK,29,0,0,0,0,0,1,0,0,11,1,1,0,0,0
C56R858N,29,0,0,0,0,0,1,1,0,10,1,0,0,1,0
C56YTC2R,29,0,0,0,0,0,1,1,0,10,1,0,0,1,0
C5737YGQ,29,0,0,0,0,0,1,0,0,13,0,0,0,0,0
C57945DS,29,0,0,0,0,0,1,1,0,10,0,0,1,1,0
C57EWM6Y,29,0,0,0,0,0,1,1,0,11,1,0,0,0,0
C57EXEWC,29,0,0,0,0,0,1,0,0,10,1,0,1,1,0
C57LJPS8,29,0,0,0,0,1,1,0,0,11,1,0,0,0,0
C57WYY42,29,0,0,0,0,0,1,0,0,11,1,1,0,0,0
C58CUOWB,29,0,0,0,0,1,1,1,0,10,1,0,0,0,0
C59HTQP1,29,0,0,0,1,0,1,1,0,10,0,0,1,0,0
C59OC22V,29,0,0,0,0,0,1,1,0,10,0,0,1,0,1
C59QBU6I,29,0,0,0,0,0,1,1,0,11,1,0,0,0,0
C59SHNJS,29,0,0,0,0,0,1,1,0,10,1,1,0,0,0
C5ANP871,29,0,0,0,0,0,1,0,0,12,1,0,0,0,0
C5AR2OZ2,29,0,0,0,0,0,1,1,0,11,1,0,0,0,0
C5ARGSRV,29,0,0,0,0,1,1,0,0,11,1,0,0,0,0
C5BILNF5,29,0,0,0,0,0,1,1,0,12,0,0,0,0,0
C5BIOF2O,29,0,0,0,0,0,1,1,0,10,1,0,0,0,1
C5BLOAVI,29,0,0,0,0,0,1,0,0,10,1,0,1,1,0
C5CCV4WL,29,0,0,0,0,1,1,1,0,10,0,0,1,0,0
C5CK7PGT,29,0,0,0,1,0,1,0,0,10,1,1,0,0,0
C5CSECKJ,29,0,0,0,0,0,1,1,0,11,1,0,0,0,0
C5CXWMZS,29,0,0,0,1,0,1,1,0,10,0,0,0,1,0
C5CY787V,29,0,0,0,0,1,1,0,0,10,0,0,1,1,0
C5D2A6H8,29,0,0,0,1,0,1,1,0,10,1,0,0,0,0
C5DOPCI9,29,0,0,0,0,0,1,1,0,10,1,0,1,0,0
C5DURG6C,29,0,0,0,0,1,1,1,0,11,0,0,0,0,0
C5DWKOB9,29,0,0,0,0,0,1,1,0,11,1,0,0,0,0
C5E3P91B,29,0,0,0,0,0,1,0,0,10,1,0,1,1,0
C5E5XPYU,29,0,0,0,1,0,1,1,0,10,1,0,0,0,0
C5EOTBNO,29,0,0,0,0,0,1,1,0,11,0,0,0,1,0
C5EQLJDR,29,0,0,0,1,0,1,0,0,11,0,0,0,1,0
C5ESBDTR,29,0,0,0,0,0,1,1,0,11,1,0,0,0,0
C5EWB3UE,29,0,0,0,0,0,1,1,0,11,1,0,0,0,0
C5EXCJ5L,29,0,0,0,1,0,1,1,0,10,0,0,0,1,0
C5FSROPF,29,0,0,0,0,1,1,0,0,10,1,0,1,0,0
C5FVRKPL,29,0,0,0,1,1,1,0,0,10,1,0,0,0,0
C5G53H4X,29,0,0,0,0,0,1,0,0,11,1,1,0,0,0
C5GFWG7S,29,0,0,0,0,0,1,1,0,10,1,0,0,1,0
C5GG5M47,29,0,0,0,0,0,1,1,0,10,1,0,1,0,0
C5GJ7WZ9,29,0,0,0,0,0,1,1,0,10,0,0,1,1,0
C5GSA2UA,29,0,0,0,0,0,1,1,0,10,1,0,0,1,0
C5H553WU,29,0,0,0,0,0,1,1,0,11,0,0,0,1,0
C5HHS7C8,29,0,0,0,0,0,1,1,0,11,0,0,1,0,0
C5HUTJOP,29,0,0,0,0,0,1,1,0,11,0,0,1,0,0
C5IMF9MO,29,0,0,0,1,0,1,0,0,11,0,0,1,0,0
C5IMZUQS,29,0,0,0,1,0,1,1,0,11,0,0,0,0,0
C5J3FMHV,29,0,0,0,0,0,1,1,0,11,1,0,0,0,0
C5J5AK96,29,0,0,0,0,0,1,1,0,11,0,0,1,0,0
C5JJX78G,29,0,0,0,0,0,1,1,0,11,1,0,0,0,0
C5KE8ZEI,29,0,0,0,0,0,1,0,0,13,0,0,0,0,0
C5KSEG4V,29,0,0,0,0,0,1,1,0,11,1,0,0,0,0
C5KVMLOD,29,0,0,0,1,0,1,0,0,10,1,0,1,0,0
C5KVQZM2,29,0,0,0,0,0,1,1,0,10,1,0,0,1,0
C5LTQCQQ,29,0,0,0,0,0,1,1,0,11,0,0,1,0,0
C5LU2UES,29,0,0,0,0,0,1,0,0,12,1,0,0,0,0
C5M6MXEK,29,2,0,0,0,0,1,1,0,10,0,0,0,1,0
C5M8AXQA,29,0,0,0,1,1,1,1,0,10,0,0,0,0,0
C5MA8SR9,29,0,0,0,0,0,1,1,0,12,0,0,0,0,0
C5MP3TER,29,0,0,0,0,0,1,1,0,10,1,0,0,1,0
C5NIGEFX,29,0,0,0,0,0,1,1,0,10,1,0,0,1,0
C5NRVK1N,29,0,0,0,0,0,1,1,0,10,1,0,1,0,0
C5OE47SX,29,0,0,0,0,1,1,0,0,11,0,0,0,1,0
C5OJWJZF,29,1,0,0,1,0,1,0,0,10,2,0,0,0,0
C5OUZSUE,29,1,0,0,0,0,2,0,0,11,0,0,0,1,0
C5P1IFJO,29,2,0,0,0,0,1,0,0,10,0,0,1,0,1
C5P3FLHU,29,0,0,0,0,1,1,0,0,11,1,0,0,0,0
C5P3ZP17,29,0,0,0,0,1,1,0,0,11,0,0,1,0,0
C5PGI7OW,29,0,0,0,0,0,1,0,0,11,1,0,0,1,0
C5QRZ38E,29,1,0,0,0,0,1,0,0,10,2,0,1,0,0
C5QXW9YS,29,0,0,0,0,0,1,1,0,11,0,0,0,1,0
C5R6UVAB,29,0,0,0,1,1,1,1,0,10,0,0,0,0,0
C5RAAXN5,29,0,0,0,1,0,1,1,0,11,0,0,0,0,0
C5RD43BQ,29,0,0,0,1,0,1,1,0,10,1,0,0,0,0
C5RDZDNR,29,0,0,0,0,1,1,0,0,11,1,0,0,0,0
C5RRVRLT,29,0,0,0,0,0,1,1,0,10,1,0,0,1,0
C5RXUVYK,29,0,0,0,0,0,1,1,0,10,1,0,0,1,0
C5S1SJ9F,29,0,0,0,0,0,1,1,0,12,0,0,0,0,0
C5SBG5OF,29,1,0,0,0,0,1,0,0,11,0,0,0,0,2
C5THIROA,29,0,0,0,0,1,1,0,0,11,1,0,0,0,0
C5TNFH,29,0,0,0,1,1,1,1,0,10,0,0,0,0,0
C5U22PGW,29,0,0,0,1,0,1,0,0,11,1,0,0,0,0
C5U51O7O,29,0,0,0,0,0,1,1,0,10,0,0,0,1,1
C5UGL7RZ,29,0,0,0,0,0,1,0,0,11,1,1,0,0,0
C5UPMRO4,29,0,0,0,0,0,1,0,0,11,0,0,1,1,0
C5V6ULT2,29,0,0,0,1,0,1,1,0,11,0,0,0,0,0
C5VVPPCN,29,0,0,0,0,0,1,1,0,10,1,0,1,0,0
C5VX2Z9U,29,0,0,0,0,0,1,1,0,10,1,0,1,0,0
C5VYY7NG,29,0,0,0,1,0,1,0,0,10,1,1,0,0,0
C5W1A2FX,29,0,0,0,0,0,1,1,0,11,0,0,0,1,0
C5W83XT9,29,1,0,0,0,0,1,1,0,10,2,0,0,0,0
C5X3AGAM,29,1,0,0,0,0,2,0,0,10,1,1,0,0,0
C5XQDCW7,29,0,0,0,0,0,1,0,0,12,0,0,0,1,0
C5Y8EVIF,29,0,0,0,0,0,1,0,0,12,0,0,0,0,1
C5YGCT8V,29,0,0,0,0,0,1,1,0,10,1,0,0,1,0
C5YPX8WJ,29,0,0,0,0,1,1,0,0,10,1,1,0,0,0
C5YX57O7,29,0,0,0,0,0,1,1,0,12,0,0,0,0,0
C5ZSZ49Y,29,0,0,0,0,0,1,1,0,11,0,0,0,1,0
C5ZTI3KE,29,0,0,0,0,0,1,1,0,10,1,1,0,0,0
C5ZY79Q2,29,0,0,0,0,0,1,1,0,10,1,1,0,0,0
C613VY7L,29,0,0,0,0,0,1,1,0,10,1,0,1,0,0
C617RX5M,29,0,0,0,0,1,1,1,0,10,1,0,0,0,0
C618TQ4X,29,0,0,0,0,0,1,0,0,12,1,0,0,0,0
C61DUWXD,29,0,0,0,0,0,1,1,0,11,0,0,0,1,0
C61URNNQ,29,0,0,0,0,1,1,1,0,11,0,0,0,0,0
C627QTCF,29,0,0,0,0,0,1,1,0,11,0,0,0,1,0
C631C5YI,29,0,0,0,1,0,1,1,0,11,0,0,0,0,0
C6471AP8,29,0,0,0,0,1,1,0,0,10,0,0,1,1,0
C64AJ2BW,29,0,0,0,0,0,1,1,0,11,1,0,0,0,0
C64IN7HD,29,0,0,0,0,0,1,0,0,11,0,0,1,0,1
C64RXY9X,29,1,0,0,0,0,1,0,0,10,1,0,2,0,0
C64UBTXI,29,0,0,0,0,1,1,1,0,11,0,0,0,0,0
C64XXVLK,29,0,0,0,0,0,1,1,0,12,0,0,0,0,0
C65FHGCG,29,0,0,0,0,0,1,1,0,10,1,1,0,0,0
C65U2HKD,29,0,0,0,0,0,1,1,0,11,0,0,0,1,0
C65U39CA,29,0,0,0,0,1,1,1,0,10,0,0,0,1,0
C65VZ9OB,29,0,0,0,1,0,1,0,0,11,1,0,0,0,0
C65WIZK8,29,0,0,0,0,0,1,1,0,10,1,1,0,0,0
C662KFNQ,29,0,0,0,0,0,1,0,0,11,1,0,0,1,0
C66RSG1D,29,0,0,0,1,0,1,1,0,11,0,0,0,0,0
C675IIX9,29,0,0,0,1,0,1,0,0,10,1,1,0,0,0
C679JSQC,29,0,0,0,0,0,1,1,0,11,1,0,0,0,0
C67AJGE4,29,0,0,0,1,1,1,1,0,10,0,0,0,0,0
C67HJXWL,29,0,0,0,0,0,1,1,0,12,0,0,0,0,0
C67VUR3J,29,0,0,0,1,1,1,0,0,10,0,0,0,1,0
C67Y3AVX,29,0,0,0,0,0,1,0,0,11,1,0,0,1,0
C67Z7USA,29,0,0,0,1,0,1,1,0,10,1,0,0,0,0
C68MIUZG,29,0,0,0,1,0,1,1,0,10,0,0,1,0,0
C68O3BXW,29,0,0,0,0,0,1,0,0,10,1,0,1,1,0
C68XNDYK,29,0,0,0,0,0,1,1,0,12,0,0,0,0,0
C69EGNMA,29,0,0,0,0,1,1,0,0,10,1,0,1,0,0
C69NAEHP,29,0,0,0,0,0,1,1,0,11,1,0,0,0,0
C6AFBISC,29,0,0,0,0,1,1,1,0,10,1,0,0,0,0
C6AL9Z5W,29,0,0,0,0,0,1,0,0,10,1,1,1,0,0
C6AX242A,29,0,0,0,0,0,1,1,0,10,1,1,0,0,0
C6B9UPSH,29,0,0,0,0,0,1,0,0,12,0,0,1,0,0
C6BC54KM,29,0,0,0,1,0,1,0,0,11,1,0,0,0,0
C6BRK69Y,29,0,0,0,0,0,1,0,0,10,0,0,1,1,1
C6BTVT75,29,0,0,0,1,0,1,0,0,11,0,0,0,1,0
C6CDOXLK,29,0,0,0,0,0,1,1,0,11,1,0,0,0,0
C6CN8TLV,29,0,0,0,0,0,1,1,0,11,1,0,0,0,0
C6CTVTWW,29,0,0,0,0,1,1,1,0,10,0,0,0,1,0
C7RF6Y,29,0,0,0,0,0,1,1,0,10,1,0,0,1,0
C7TM4G,29,0,0,0,0,0,1,1,0,10,1,0,1,0,0
C8MQDN,29,0,0,0,0,0,1,1,0,10,1,0,1,0,0
CG7JLG,29,0,0,0,0,1,1,1,0,10,1,0,0,0,0
CIISY9,29,0,0,0,0,1,1,0,0,10,1,0,0,1,0
CNT34T,29,0,0,0,0,0,1,1,0,11,1,0,0,0,0
CO7IPX,29,0,0,0,0,1,1,1,0,10,1,0,0,0,0
CSNVA4,29,0,0,0,0,0,1,1,0,10,1,1,0,0,0
CZJ14F,29,0,0,0,0,0,1,1,0,11,0,0,0,1,0
DH7GP8,29,0,0,0,0,0,1,0,0,10,1,0,1,1,0
DN7ZD4,29,0,0,0,0,0,1,1,0,10,1,1,0,0,0
DYD2QI,29,0,0,0,0,0,1,0,0,11,1,0,0,0,1
E7M7UP,29,0,0,0,0,0,1,1,0,12,0,0,0,0,0
E7URC8,29,0,0,0,0,0,1,1,0,11,1,0,0,0,0
EL4IU5,29,0,0,0,0,0,1,1,0,10,1,0,0,1,0
ENOEBY,29,0,0,0,1,0,1,0,0,10,1,0,0,1,0
EVU29I,29,0,0,0,1,0,1,1,0,10,1,0,0,0,0
F8OVISR2,29,0,0,0,0,0,1,1,0,10,1,1,0,0,0
F8P19NUC,29,0,0,0,0,0,1,0,0,11,1,1,0,0,0
F8PVMXPK,29,0,0,0,0,1,1,0,0,10,1,0,0,1,0
F8PXUO4P,29,0,0,0,0,0,1,1,0,12,0,0,0,0,0
F8QCOYT3,29,0,0,0,0,0,1,1,0,11,1,0,0,0,0
F8QUGVVL,29,0,0,0,0,1,1,1,0,10,1,0,0,0,0
F8RG2U8X,29,0,0,0,0,1,1,1,0,10,1,0,0,0,0
F8RJ46TA,29,0,0,0,0,0,1,0,0,12,0,0,0,1,0
F8RTWYJL,29,0,0,0,0,0,1,1,0,10,1,0,1,0,0
F8S5DUB7,29,0,0,0,0,0,1,1,0,10,1,1,0,0,0
F8SAH1X4,29,0,0,0,1,0,1,1,0,10,0,0,1,0,0
F8STQQAH,29,0,0,0,0,0,1,0,0,11,1,0,0,1,0
F8SW8QH2,29,0,0,0,0,0,1,1,0,11,1,0,0,0,0
F8SY8X2R,29,0,0,0,0,0,1,0,0,11,0,0,0,1,1
F8TJNDPS,29,0,0,0,0,0,1,1,0,11,0,0,1,0,0
F8TZO3BW,29,0,0,0,0,0,1,0,0,10,1,1,0,1,0
F8U69GC1,29,0,0,0,0,0,1,1,0,10,1,1,0,0,0
F8UA4ZUH,29,0,0,0,0,0,1,1,0,10,1,0,0,1,0
F8UIME5E,29,0,0,0,0,0,1,1,0,11,0,0,0,0,1
F8UIRJVG,29,0,0,0,0,0,1,1,0,12,0,0,0,0,0
F8UPRNVA,29,0,0,0,0,0,1,1,0,11,1,0,0,0,0
F8USHB11,29,0,0,0,0,0,1,0,0,10,1,1,0,0,1
F8UUTCB3,29,0,0,0,0,1,1,1,0,11,0,0,0,0,0
F8UWD72Z,29,0,0,0,1,0,1,1,0,10,1,0,0,0,0
F8V2D2LO,29,0,0,0,0,0,1,1,0,12,0,0,0,0,0
F8V47MY4,29,0,0,0,0,0,1,1,0,10,1,0,0,1,0
F8V5ISYF,29,2,0,0,0,0,1,0,0,11,1,0,0,0,0
F8VG6TGR,29,0,0,0,1,0,1,0,0,11,1,0,0,0,0
F8VP18CG,29,0,0,0,0,1,1,0,0,11,0,0,0,0,1
F8VPWG1H,29,0,0,0,0,0,1,1,0,11,1,0,0,0,0
F8VPY3G1,29,0,0,0,0,0,1,1,0,10,1,0,1,0,0
F8WLZ2UP,29,0,0,0,0,0,1,1,0,10,1,0,0,1,0
F8WNRB2R,29,0,0,0,0,0,1,0,0,10,1,0,1,1,0
F8X1AB8G,29,0,0,0,0,0,1,1,0,11,1,0,0,0,0
F8XFX1X1,29,0,0,0,0,0,1,1,0,10,1,0,0,0,1
F8XTXT9T,29,0,0,0,1,0,1,0,0,12,0,0,0,0,0
F8YBBYNA,29,0,0,0,1,0,1,0,0,11,1,0,0,0,0
F8YP974Q,29,0,0,0,0,0,1,1,0,10,1,0,0,1,0
F8YPAHUY,29,0,0,0,1,0,1,0,0,12,0,0,0,0,0
F8YTAVY3,29,0,0,0,0,0,1,1,0,10,1,0,0,1,0
F8ZLD88V,29,0,0,0,0,0,1,0,0,11,1,0,0,0,1
F8ZVQJ41,29,0,0,0,0,0,1,0,0,11,0,0,1,1,0
F8ZW53RW,29,0,0,0,1,1,1,1,0,10,0,0,0,0,0
F919MGOV,29,0,0,0,0,0,1,1,0,11,1,0,0,0,0
F91EVVTI,29,0,0,0,0,0,1,1,0,10,1,0,0,1,0
F91FWOX6,29,0,0,0,0,0,1,1,0,12,0,0,0,0,0
F91IFYPO,29,0,0,0,0,0,1,1,0,10,0,0,1,1,0
F923Y483,29,0,0,0,0,0,1,1,0,12,0,0,0,0,0
F938KQ1G,29,0,0,0,1,0,1,0,0,10,1,0,1,0,0
F93HXBC4,29,0,0,0,1,0,1,1,0,10,1,0,0,0,0
F93XIL5L,29,0,0,0,0,1,1,0,0,10,0,0,1,1,0
F943USD5,29,0,0,0,0,0,1,1,0,10,1,0,0,1,0
F944SVTU,29,0,0,0,0,1,1,1,0,10,1,0,0,0,0
F94D95J6,29,0,0,0,0,0,1,0,0,11,1,1,0,0,0
F94MC9GO,29,0,0,0,0,0,1,3,0,10,1,0,0,0,0
F94SS1XP,29,0,0,0,1,0,1,1,0,10,0,0,0,1,0
F94UK1FA,29,0,0,0,0,0,1,0,0,11,1,0,1,0,0
F95KLDQ5,29,0,0,0,0,0,1,1,0,10,1,0,0,1,0
F95SQC83,29,0,0,0,1,0,1,1,0,10,0,0,1,0,0
F978TGW5,29,0,0,0,0,0,1,1,0,10,1,0,0,1,0
F97EI87B,29,0,0,0,1,0,1,0,0,11,1,0,0,0,0
F97MEZOZ,29,0,0,0,0,0,1,1,0,12,0,0,0,0,0
F988RTDG,29,0,0,0,0,0,1,0,0,12,0,0,0,1,0
F98LLHKR,29,0,0,0,0,0,1,0,0,11,1,1,0,0,0
F99JZUVK,29,0,0,0,0,1,1,0,0,11,1,0,0,0,0
F99MHF2Y,29,0,0,0,1,0,1,0,0,11,0,0,1,0,0
F9A8CR8V,29,0,0,0,0,0,1,1,0,12,0,0,0,0,0
F9ACCHUS,29,0,0,0,0,0,1,1,0,11,1,0,0,0,0
F9AWELTL,29,0,0,0,0,0,1,1,0,11,0,0,0,0,1
F9B21N9O,29,0,0,0,0,0,1,1,0,12,0,0,0,0,0
F9BAVS3L,29,0,0,0,0,0,1,1,0,12,0,0,0,0,0
F9BYJL7T,29,0,0,0,0,0,1,1,0,11,1,0,0,0,0
F9CLQ3YY,29,0,0,0,0,0,1,0,0,12,0,0,0,1,0
F9CPSBT4,29,0,0,0,1,0,1,1,0,10,0,0,1,0,0
F9CUENI6,29,0,0,0,0,0,1,1,0,11,1,0,0,0,0
F9D94ITX,29,0,0,0,0,1,1,0,0,12,0,0,0,0,0
F9DRIWTQ,29,0,0,0,0,0,1,0,0,12,1,0,0,0,0
F9E1C1CM,29,0,0,0,0,0,1,0,0,10,1,1,0,1,0
F9EZ363F,29,2,0,0,0,0,1,1,0,10,1,0,0,0,0
F9FFSIY7,29,0,0,0,0,0,1,1,0,11,0,0,0,1,0
F9FL9E11,29,0,0,0,1,0,1,1,0,10,0,0,0,1,0
F9GJ5R6D,29,0,0,0,0,0,1,1,0,10,1,1,0,0,0
F9GVPSZ6,29,0,0,0,0,0,1,0,0,10,1,1,1,0,0
F9H9AYMC,29,0,0,0,0,0,1,1,0,10,1,0,1,0,0
F9HK8BKL,29,0,0,0,0,0,1,1,0,11,1,0,0,0,0
FG9XO1,29,0,0,0,0,0,1,1,0,11,1,0,0,0,0
GDKDGR,29,0,0,0,1,0,1,1,0,10,1,0,0,0,0
K5TWK,29,0,0,0,0,0,1,1,0,10,1,0,0,0,1
KBNN4CGI,29,2,0,0,1,1,1,0,0,10,0,0,0,0,0
KBNRICMO,29,0,0,0,0,0,1,1,0,10,1,0,0,1,0
KBNS922Q,29,1,0,0,0,1,2,0,0,10,1,0,0,0,0
KBP3TYJV,29,0,0,0,1,0,1,1,0,10,1,0,0,0,0
KBPAGLNI,29,0,0,0,1,0,1,0,0,10,1,0,1,0,0
KBPI1KP6,29,0,0,0,1,0,1,1,0,11,0,0,0,0,0
KBPMACGO,29,0,0,0,0,0,1,1,0,10,1,0,0,0,1
KBQ9ZY4J,29,0,0,0,0,0,1,1,0,11,1,0,0,0,0
KBQO42IT,29,0,0,0,0,0,1,0,0,11,1,0,1,0,0
KBQQU53J,29,0,0,0,0,0,1,1,0,10,1,0,0,1,0
KBR8G55V,29,0,0,0,0,0,1,0,0,10,1,1,1,0,0
KBRAWJBS,29,0,0,0,0,0,1,0,0,10,1,1,1,0,0
KBREKTRF,29,0,0,0,0,1,1,0,0,12,0,0,0,0,0
KBRHJLH2,29,0,0,0,1,0,1,1,0,11,0,0,0,0,0
KBRKH4O5,29,0,0,0,0,0,1,1,0,12,0,0,0,0,0
KBRWKPSB,29,0,0,0,1,0,1,1,0,10,0,0,0,1,0
OPEHI,29,0,0,0,0,0,1,0,0,11,1,0,1,0,0
Q577BUN5,29,0,0,0,0,0,1,1,0,11,1,0,0,0,0
RUB37LSE,29,0,0,0,0,0,1,0,0,10,1,0,0,1,1
RUBQFJXZ,29,0,0,0,0,1,1,1,0,10,1,0,0,0,0
RUBTCY4L,29,0,0,0,0,0,1,1,0,10,1,1,0,0,0
RUBXN7UO,29,0,0,0,0,0,1,0,0,11,1,0,0,1,0
RUCE8YSY,29,0,0,0,1,0,1,1,0,11,0,0,0,0,0
RUCZPRA6,29,0,0,0,0,0,1,1,0,10,0,0,1,1,0
RUDKF7A2,29,0,0,0,1,0,1,0,0,10,1,0,0,1,0
RUDMNJ8T,29,0,0,0,1,1,1,0,0,11,0,0,0,0,0
RUDQ5IMI,29,0,0,0,0,0,1,1,0,10,1,0,0,1,0
RUDQHHHG,29,0,0,0,1,0,1,1,0,10,1,0,0,0,0
RUE3XM7X,29,0,0,0,0,0,1,1,0,11,0,0,1,0,0
RUE6AQBZ,29,0,0,0,1,0,1,1,0,10,1,0,0,0,0
RUEUC3KB,29,0,0,0,0,0,1,1,0,11,1,0,0,0,0
RUF1G7Z9,29,0,0,0,0,0,1,1,0,12,0,0,0,0,0
RUFA9ZER,29,0,0,0,0,0,1,1,0,11,1,0,0,0,0
RUFNXI2C,29,2,0,0,0,0,1,1,0,10,1,0,0,0,0
RUG9HJ5H,29,0,0,0,0,0,1,0,0,12,0,0,0,1,0
RUGAPC4W,29,0,0,0,0,0,1,1,0,10,1,0,0,1,0
RUGV6SDN,29,1,0,0,0,0,2,0,0,10,1,0,1,0,0
RUHD16X1,29,0,0,0,0,0,1,1,0,12,0,0,0,0,0
RUHM9R8D,29,0,0,0,0,0,1,0,0,11,1,0,0,1,0
RUHMXQV7,29,0,0,0,0,0,1,0,0,12,0,0,1,0,0
RUHTW7KF,29,0,0,0,0,0,1,1,0,11,1,0,0,0,0
RUI8X1VV,29,0,0,0,0,0,1,1,0,10,1,1,0,0,0
RUIB61M6,29,0,0,0,0,1,1,1,0,10,1,0,0,0,0
RUII6BNQ,29,0,0,0,0,0,1,1,0,12,0,0,0,0,0
RUIRW1KT,29,0,0,0,0,0,1,0,0,13,0,0,0,0,0
RUJ6ULVL,29,0,0,0,1,0,1,1,0,10,1,0,0,0,0
RUJGFHUF,29,0,0,0,0,1,1,0,0,11,1,0,0,0,0
RUJSV4M5,29,0,0,0,0,0,1,1,0,11,1,0,0,0,0
RUK7I7DH,29,0,0,0,0,1,1,1,0,11,0,0,0,0,0
RUKVA3B7,29,0,0,0,0,0,1,0,0,11,1,0,0,0,1
RUKW6MOY,29,0,0,0,0,0,1,0,0,11,1,0,0,0,1
RUMCC4E3,29,0,0,0,0,0,1,1,0,12,0,0,0,0,0
RUMFUFSX,29,0,0,0,1,0,1,0,0,10,0,0,1,1,0
RUMQJ6W1,29,1,0,0,0,0,2,1,0,10,0,0,1,0,0
RUN6O6CY,29,0,0,0,0,0,1,1,0,10,1,0,0,1,0
RUNRNCZ5,29,0,0,0,0,1,1,1,0,10,1,0,0,0,0
RUNXTOPA,29,0,0,0,1,0,1,0,0,11,1,0,0,0,0
RUO7VRU8,29,0,0,0,0,0,1,0,0,11,0,0,1,1,0
RUO8O15M,29,0,0,0,0,0,1,1,0,11,1,0,0,0,0
RUO9VIRH,29,0,0,0,1,0,1,0,0,10,1,0,0,1,0
RUODKAH4,29,0,0,0,0,0,1,1,0,10,1,1,0,0,0
RUP4IB1T,29,2,0,0,1,0,1,0,0,10,1,0,0,0,0
RUP7I5CR,29,0,0,0,1,0,1,0,0,10,0,0,1,1,0
RUP9J517,29,0,0,0,0,0,1,1,0,12,0,0,0,0,0
RUPAAUN4,29,0,0,0,0,0,1,1,0,12,0,0,0,0,0
RUPAKTOL,29,0,0,0,0,0,1,1,0,10,1,0,0,1,0
RUPWNSC8,29,0,0,0,0,0,1,1,0,11,1,0,0,0,0
RUQ25KVX,29,0,0,0,0,0,1,1,0,11,0,0,0,1,0
RUQ3HUHM,29,0,0,0,1,0,1,0,0,12,0,0,0,0,0
RUQ7GAZS,29,0,0,0,0,0,1,1,0,10,1,1,0,0,0
RUQGTMMR,29,0,0,0,0,1,1,1,0,10,1,0,0,0,0
RUQMDOGY,29,0,0,0,1,0,1,0,0,10,1,0,0,1,0
RUQRZ5LN,29,0,0,0,1,0,1,1,0,11,0,0,0,0,0
RUQYGJJU,29,0,0,0,0,0,1,0,0,11,1,0,0,1,0
RUR3NQWN,29,0,0,0,0,0,1,1,0,12,0,0,0,0,0
RUR538XY,29,0,0,0,0,0,1,1,0,11,0,0,0,1,0
RUR9H1VI,29,1,0,0,0,0,2,0,0,10,0,0,1,0,1
RURHRDS9,29,0,0,0,1,0,1,0,0,10,1,0,0,1,0
RURMAA9Y,29,0,0,0,0,0,1,0,0,12,1,0,0,0,0
RURWQEV1,29,0,0,0,1,0,1,0,0,12,0,0,0,0,0
RURWS1WF,29,0,0,0,0,0,1,0,0,11,1,0,0,1,0
RUTRHMJP,29,0,0,0,0,0,1,1,0,11,0,0,0,1,0
RUU7MHXY,29,0,0,0,1,0,1,0,0,11,1,0,0,0,0
RUUFQ65F,29,1,0,0,0,0,1,1,0,10,0,0,0,0,2
RUUURSZN,29,0,0,0,1,0,1,1,0,10,1,0,0,0,0
RUVSPDOI,29,0,0,0,0,1,1,0,0,11,0,0,0,1,0
RUVWO77G,29,0,0,0,0,0,1,1,0,11,1,0,0,0,0
RUW7MF49,29,0,0,0,0,0,1,1,0,10,1,0,1,0,0
RUW9F3QA,29,0,0,0,1,0,1,0,0,10,1,1,0,0,0
RUWBDP67,29,0,0,0,0,1,1,1,0,11,0,0,0,0,0
ZRVKMEOV,29,0,0,0,0,0,1,1,0,12,0,0,0,0,0
ZRVR1JM6,29,0,0,0,0,0,1,1,0,11,0,0,0,1,0
ZRWCWM2U,29,0,0,0,1,0,1,1,0,10,1,0,0,0,0
ZRXC45LT,29,1,0,0,0,1,2,0,0,10,0,0,0,1,0
ZRXN4YBK,29,0,0,0,0,0,1,0,0,11,1,1,0,0,0
ZRXSOBBE,29,0,0,0,0,0,1,0,0,12,1,0,0,0,0
ZRXWE211,29,0,0,0,0,0,1,1,0,12,0,0,0,0,0
ZRY59L41,29,0,0,0,0,0,1,0,0,11,1,0,1,0,0
1FOVBL,28,1,0,0,1,1,1,0,0,10,0,0,0,0,0
2B6AW8,28,0,0,0,1,0,1,2,0,10,0,0,0,0,0
3683MC,28,0,0,0,0,0,2,1,0,10,1,0,0,0,0
3ALTMW,28,0,0,0,0,0,2,0,0,10,1,0,0,1,0
3PGY1O,28,0,0,0,0,0,1,1,0,10,2,0,0,0,0
3Z54GF,28,1,0,0,0,0,1,1,0,10,0,0,0,1,0
42L6A,28,0,0,0,0,1,1,0,0,10,2,0,0,0,0
44LBCD,28,0,0,0,1,0,2,0,0,10,1,0,0,0,0
5RKOZW,28,0,0,0,0,0,2,1,0,11,0,0,0,0,0
61TTIZ,28,1,0,0,0,0,1,0,0,10,1,1,0,0,0
6JLNPX,28,0,0,0,0,0,1,0,0,10,1,0,2,0,0
6JQKAY,28,1,0,0,0,0,1,0,0,10,1,1,0,0,0
7QFZZG,28,0,0,0,0,0,1,1,0,10,2,0,0,0,0
858XPB,28,0,0,0,0,0,2,1,0,10,1,0,0,0,0
8T84MM,28,1,0,0,0,1,1,1,0,10,0,0,0,0,0
8XTRYB,28,1,0,0,1,0,1,0,0,10,1,0,0,0,0
99M6WT,28,0,0,0,0,0,2,0,0,12,0,0,0,0,0
AK5AER,28,1,0,0,0,0,1,1,0,10,0,0,0,1,0
BFUYNS,28,1,0,0,1,0,1,0,0,10,1,0,0,0,0
C53LP9XT,28,0,0,0,0,0,1,0,0,10,2,1,0,0,0
C53TA9Z7,28,1,0,0,1,0,1,0,0,10,0,0,0,1,0
C53XNJ9V,28,1,0,0,0,0,1,1,0,10,0,0,0,1,0
C5454QZS,28,1,0,0,0,0,1,1,0,10,1,0,0,0,0
C55YLB4C,28,1,0,0,0,0,1,1,0,10,1,0,0,0,0
C56Z8ETP,28,0,0,0,0,0,2,0,0,11,1,0,0,0,0
C59OSJA3,28,0,0,0,0,0,2,1,0,10,1,0,0,0,0
C5CKOSTF,28,1,0,0,0,0,1,1,0,10,1,0,0,0,0
C5D5AXWJ,28,0,0,0,0,1,1,2,0,10,0,0,0,0,0
C5DCNDSR,28,1,0,0,0,0,1,0,0,10,1,0,0,1,0
C5DFS7Y2,28,1,0,0,0,0,1,0,0,10,1,1,0,0,0
C5DY8V1U,28,1,0,0,0,0,1,1,0,10,0,0,1,0,0
C5EC8KKV,28,0,0,0,0,0,2,0,0,10,1,0,0,1,0
C5FIYD9O,28,0,0,0,0,0,2,1,0,10,0,0,0,1,0
C5FTJ2VL,28,0,0,0,0,0,1,0,0,10,2,1,0,0,0
C5GMONSR,28,1,0,0,0,0,1,1,0,11,0,0,0,0,0
C5H5VS4H,28,0,0,0,0,0,2,0,0,12,0,0,0,0,0
C5I1VMZ6,28,1,0,0,0,0,1,1,1,10,0,0,0,0,0
C5JF3JXG,28,1,0,0,0,0,1,1,0,10,0,0,0,1,0
C5L3QW6C,28,1,0,0,0,0,1,0,0,11,1,0,0,0,0
C5LOTQ1M,28,1,0,0,0,0,1,0,0,10,1,1,0,0,0
C5LPK22W,28,0,0,0,0,0,2,0,0,11,1,0,0,0,0
C5M9ESSP,28,1,0,0,0,0,1,1,0,10,1,0,0,0,0
C5MBA44A,28,1,0,0,0,0,1,1,0,10,1,0,0,0,0
C5MCTYR6,28,1,0,0,0,0,1,1,1,10,0,0,0,0,0
C5MS46WS,28,0,0,0,0,0,2,1,0,11,0,0,0,0,0
C5MXFMLB,28,0,0,0,0,0,1,2,0,11,0,0,0,0,0
C5NGBCCY,28,0,0,0,0,0,2,0,0,12,0,0,0,0,0
C5NO13AQ,28,1,0,0,0,0,1,1,0,11,0,0,0,0,0
C5ONB7EL,28,0,0,0,0,0,2,1,0,10,0,0,0,1,0
C5SI95F6,28,1,0,0,0,0,1,0,0,10,1,0,0,1,0
C5SLTFCG,28,0,0,0,2,1,1,0,0,10,0,0,0,0,0
C5SQ399T,28,1,0,0,0,0,1,1,0,10,1,0,0,0,0
C5SV2BWE,28,0,0,0,0,0,1,0,0,11,2,0,0,0,0
C5TJL79G,28,1,0,0,0,0,1,1,0,10,0,0,1,0,0
C5TK6BYT,28,0,0,0,0,0,1,0,0,10,2,1,0,0,0
C5TX5OOZ,28,1,0,0,0,0,1,1,0,10,0,0,1,0,0
C5V2T9BX,28,0,0,0,0,0,2,1,0,11,0,0,0,0,0
C5VXNJPT,28,1,0,0,0,0,1,0,0,11,1,0,0,0,0
C5XQLLH3,28,0,0,0,0,1,1,0,0,10,2,0,0,0,0
C5Y5MYVS,28,0,0,0,0,0,2,0,0,11,1,0,0,0,0
C5Y92VQZ,28,0,0,0,0,0,2,1,0,10,0,0,1,0,0
C5ZHC9WO,28,1,0,0,0,0,1,1,0,10,0,0,1,0,0
C5ZQQV82,28,1,0,0,0,1,1,0,0,11,0,0,0,0,0
C61BZV48,28,1,0,0,0,0,1,0,0,10,1,1,0,0,0
C61DWT5H,28,1,0,0,0,0,1,0,0,11,1,0,0,0,0
C61K5R74,28,1,0,0,0,0,1,1,0,11,0,0,0,0,0
C628H5HL,28,1,0,0,0,0,1,1,0,10,0,0,0,1,0
C628IV9Y,28,0,0,0,0,0,2,0,0,12,0,0,0,0,0
C62I13OG,28,1,0,0,0,0,1,1,0,10,1,0,0,0,0
C635M2TY,28,0,0,0,0,0,1,2,0,10,0,0,0,0,1
C63S9DP1,28,1,0,0,0,0,1,1,0,11,0,0,0,0,0
C64JVNOD,28,1,0,0,0,0,1,1,0,10,1,0,0,0,0
C64SSKT9,28,1,0,0,0,0,1,1,0,11,0,0,0,0,0
C67S5N8S,28,1,0,0,0,0,1,0,0,12,0,0,0,0,0
C69FDUR8,28,1,0,0,0,1,1,0,0,10,0,0,0,1,0
C69FIMOH,28,0,0,0,0,0,1,0,0,10,2,0,1,0,0
C6ADLWH2,28,1,0,0,0,0,1,1,0,11,0,0,0,0,0
C6AGSO6K,28,1,0,0,0,0,1,0,0,11,0,0,0,1,0
C6B7OMPD,28,1,0,0,0,0,1,1,0,10,1,0,0,0,0
C6BA61J4,28,1,0,0,0,0,1,1,0,10,1,0,0,0,0
C6BO9SX3,28,0,0,0,0,0,2,1,0,10,0,0,1,0,0
C6BQXBAZ,28,1,0,0,0,0,1,0,0,10,1,1,0,0,0
C6BZ5AQH,28,1,0,0,0,1,1,1,0,10,0,0,0,0,0
C6C9CA2Q,28,1,0,0,0,0,1,0,0,11,0,0,0,1,0
C6D5CZ3I,28,1,0,0,0,1,1,0,0,11,0,0,0,0,0
CXPWNN,28,0,0,0,0,0,1,0,0,10,2,0,0,1,0
D6C9GA,28,1,0,0,0,0,1,1,0,10,0,0,1,0,0
F1X717,28,1,0,0,0,1,1,0,0,11,0,0,0,0,0
F8RHF3DL,28,0,0,0,0,0,1,2,0,10,1,0,0,0,0
F8SQNUXG,28,0,0,0,0,0,2,0,0,10,0,0,1,1,0
F8T49L3O,28,1,0,0,0,0,1,0,0,10,1,1,0,0,0
F8T7N4RC,28,1,0,0,1,0,1,0,0,10,0,0,0,1,0
F8TN1F87,28,0,0,0,0,0,1,0,0,10,0,0,0,2,1
F8TZUC6R,28,0,0,0,0,0,1,1,0,10,2,0,0,0,0
F8UIAX4B,28,0,0,0,0,0,1,2,0,10,0,0,0,0,1
F8UXKOK1,28,0,0,0,0,0,2,1,0,10,1,0,0,0,0
F8V2C9Y7,28,1,0,0,0,0,1,0,0,10,1,0,1,0,0
F8VAGIO8,28,0,0,0,0,0,1,0,0,11,0,0,0,0,2
F8W1FQY1,28,1,0,0,1,0,1,1,0,10,0,0,0,0,0
F8W3ZD3G,28,0,0,0,0,0,2,1,0,10,0,0,0,1,0
F8WS1SFP,28,0,0,0,0,0,2,0,0,10,1,0,1,0,0
F8WYYM6P,28,1,0,0,1,0,1,0,0,10,0,0,0,1,0
F8XEWGBY,28,1,0,0,0,1,1,1,0,10,0,0,0,0,0
F8YDYTSP,28,1,0,0,0,0,1,1,0,10,1,0,0,0,0
F8YOX99H,28,1,0,0,0,0,1,1,1,10,0,0,0,0,0
F8ZYFBZ9,28,1,0,0,0,1,1,0,0,10,1,0,0,0,0
F8ZYKCG1,28,1,0,0,0,0,1,1,0,10,1,0,0,0,0
F9162J9L,28,0,0,0,0,0,1,2,0,10,1,0,0,0,0
F9255MB2,28,0,0,0,0,0,2,1,0,10,1,0,0,0,0
F92FLULI,28,1,0,0,1,0,1,0,0,11,0,0,0,0,0
F93KW6TI,28,0,0,0,0,0,2,1,0,10,1,0,0,0,0
F93U28AT,28,0,0,0,0,0,1,0,0,10,1,0,0,2,0
F94FRE5N,28,1,0,0,0,0,1,0,0,11,0,0,0,1,0
F94UQTCW,28,0,0,0,0,0,1,1,0,10,2,0,0,0,0
F9548ZK5,28,0,0,0,0,0,2,1,0,10,0,0,0,1,0
F958P4DV,28,0,0,0,0,0,2,1,0,10,0,0,0,1,0
F96FAVYU,28,1,0,0,0,0,1,1,0,10,1,0,0,0,0
F96MCM4L,28,1,0,0,0,1,1,0,0,11,0,0,0,0,0
F973W61V,28,0,0,0,0,0,1,1,0,10,2,0,0,0,0
F97PJAZO,28,1,0,0,0,0,1,0,0,10,1,1,0,0,0
F99B4TNT,28,1,0,0,0,1,1,1,0,10,0,0,0,0,0
F9BVXJBP,28,0,0,0,0,0,2,1,0,11,0,0,0,0,0
F9D9NASI,28,1,0,0,0,0,1,1,0,10,0,0,0,1,0
F9DT2J9J,28,1,0,0,0,0,1,1,0,11,0,0,0,0,0
F9E415ZF,28,0,0,0,0,0,2,1,0,10,1,0,0,0,0
F9FFMG6J,28,1,0,0,0,0,1,1,0,10,0,0,1,0,0
F9G5FNOH,28,0,0,0,0,0,1,0,0,11,2,0,0,0,0
F9H7SFO6,28,0,0,0,0,0,2,0,0,11,0,0,0,1,0
G2TV3Z,28,1,0,0,1,0,1,1,0,10,0,0,0,0,0
G8F89G,28,1,0,0,0,0,1,0,0,10,1,1,0,0,0
GE61S7,28,1,0,0,0,0,1,1,0,10,1,0,0,0,0
KBNXZCIF,28,0,0,0,0,0,1,2,0,11,0,0,0,0,0
KBOXVONB,28,1,0,0,0,0,1,1,0,11,0,0,0,0,0
KBQUSEMN,28,1,0,0,0,0,1,1,0,10,0,0,0,1,0
KBR4IU7T,28,1,0,0,0,1,1,0,0,10,0,0,0,0,1
LZFY8C,28,1,0,0,0,0,1,1,0,10,0,0,1,0,0
MOBFPH,28,1,0,0,1,0,1,1,0,10,0,0,0,0,0
RUB3U867,28,1,0,0,0,0,1,1,0,11,0,0,0,0,0
RUC84KQZ,28,1,0,0,1,0,1,0,0,10,1,0,0,0,0
RUCYXLLJ,28,1,0,0,0,0,1,1,0,10,1,0,0,0,0
RUDGTAWW,28,0,0,0,1,0,2,0,0,11,0,0,0,0,0
RUFDYWZJ,28,1,0,0,0,0,1,1,0,10,1,0,0,0,0
RUFNU6WB,28,0,0,0,0,0,1,0,0,10,2,1,0,0,0
RUFVQ3SS,28,1,0,0,1,0,1,0,0,10,1,0,0,0,0
RUG2K1RD,28,0,0,0,0,0,2,1,0,11,0,0,0,0,0
RUGCEJCU,28,1,0,0,0,0,1,1,0,10,1,0,0,0,0
RUGD48AX,28,1,0,0,0,0,1,0,0,11,1,0,0,0,0
RUGSK8MM,28,0,0,0,0,0,2,0,0,11,1,0,0,0,0
RUGWNN2T,28,1,0,0,0,0,1,1,0,10,1,0,0,0,0
RUH55YOA,28,1,0,0,0,0,1,0,0,11,0,0,1,0,0
RUJY326K,28,0,0,0,0,0,1,0,0,10,1,0,0,0,2
RUK8LFPT,28,1,0,0,0,0,1,0,0,10,1,1,0,0,0
RUKHMWJL,28,0,0,0,0,0,1,1,0,10,2,0,0,0,0
RUKZK7HK,28,1,0,0,1,0,1,1,0,10,0,0,0,0,0
RULL4GHI,28,0,0,0,1,0,1,0,0,10,0,0,0,0,2
RUMGFUP1,28,1,0,0,0,0,1,0,0,10,1,0,0,1,0
RUMRE31Y,28,0,0,0,0,0,2,0,0,12,0,0,0,0,0
RUNKSM29,28,1,0,0,0,0,1,0,0,10,1,0,0,0,1
RUOOUCEK,28,1,0,0,0,0,1,1,0,10,1,0,0,0,0
RUOWYAK9,28,1,0,0,0,1,1,0,0,10,0,0,0,1,0
RUP6YH95,28,0,0,0,0,0,2,0,0,10,0,0,1,0,1
RUPCESEE,28,1,0,0,0,1,1,0,0,10,1,0,0,0,0
RUPUVSP9,28,0,0,0,1,0,1,0,0,10,2,0,0,0,0
RUPWME6T,28,0,0,0,0,0,2,0,0,11,1,0,0,0,0
RUQVQYST,28,0,0,0,1,0,2,1,0,10,0,0,0,0,0
RURM44EL,28,0,0,0,1,0,2,0,0,11,0,0,0,0,0
RUSK1UQ5,28,0,0,0,0,0,1,2,0,10,1,0,0,0,0
RUSZOUOC,28,1,0,0,0,0,1,1,0,11,0,0,0,0,0
RUTLB22B,28,0,0,0,0,0,2,1,0,10,1,0,0,0,0
RUUCW9VB,28,0,0,0,1,0,1,0,0,10,2,0,0,0,0
RUUIJO6B,28,1,0,0,0,0,1,0,0,11,0,0,0,1,0
RUVONIPE,28,0,0,0,0,0,1,1,0,10,0,0,0,0,2
RUWBM91F,28,1,0,0,0,0,1,0,0,11,1,0,0,0,0
Z5SSM,28,1,0,0,0,0,1,1,0,10,1,0,0,0,0
ZRVI1ICH,28,0,0,0,0,1,2,1,0,10,0,0,0,0,0
ZRVT38OU,28,0,0,0,0,0,1,0,0,10,2,0,0,1,0
ZRW8IL4U,28,0,0,0,0,0,2,0,0,10,1,1,0,0,0
ZRWLUAOJ,28,1,0,0,0,0,1,0,0,12,0,0,0,0,0
ZRWZFMXV,28,1,0,0,0,1,1,0,0,11,0,0,0,0,0
ZRXYYCOS,28,1,0,0,0,1,1,1,0,10,0,0,0,0,0
ZRYG571X,28,1,0,0,0,0,1,1,0,11,0,0,0,0,0
ZRYIAZHD,28,0,0,0,0,0,2,1,0,10,1,0,0,0,0
ZRYLQ4D5,28,0,0,0,0,1,1,2,0,10,0,0,0,0,0
12KLCE,27,0,0,0,0,0,1,0,0,10,1,0,0,1,0
1961KR,27,0,0,0,0,0,1,0,0,11,1,0,0,0,0
1CMQNY,27,0,0,0,1,0,1,0,0,10,1,0,0,0,0
1GMO9D,27,0,0,0,0,0,1,1,0,10,0,0,0,1,0
1R1PWV,27,0,0,0,0,0,1,1,0,10,1,0,0,0,0
1XYIM3,27,1,0,0,0,0,2,1,0,10,0,0,0,0,0
226SEC,27,0,0,0,1,0,1,0,0,11,0,0,0,0,0
2DI4E3,27,0,0,0,0,0,1,0,0,11,1,0,0,0,0
2E4HJ7,27,0,0,0,0,0,1,0,0,10,0,0,1,1,0
2EDCDX,27,0,0,0,0,0,1,1,0,10,0,0,0,1,0
2ID63A,27,0,0,0,0,0,1,1,0,11,0,0,0,0,0
2KM19O,27,0,0,0,0,0,1,1,0,10,1,0,0,0,0
2OZXHK,27,0,0,0,0,0,1,0,0,10,1,1,0,0,0
341TDP,27,0,0,0,0,0,1,0,0,10,1,1,0,0,0
3IMZT4,27,0,0,0,0,0,1,1,0,10,0,0,1,0,0
3J9U7X,27,0,0,0,0,1,1,1,0,10,0,0,0,0,0
3SHU4X,27,0,0,0,0,0,1,1,0,10,1,0,0,0,0
44C3ZS,27,0,0,0,0,0,1,1,0,10,1,0,0,0,0
46FZJK,27,0,0,0,0,0,1,1,0,10,1,0,0,0,0
4L8AUQ,27,0,0,0,1,0,1,1,0,10,0,0,0,0,0
4LDUU2,27,0,0,0,0,0,1,0,0,11,1,0,0,0,0
4XAP2N,27,0,0,0,0,0,1,0,0,12,0,0,0,0,0
51S8BM,27,0,0,0,0,0,1,0,0,10,1,1,0,0,0
54PSRG,27,0,0,0,0,0,1,0,0,11,0,0,0,1,0
56XUAH,27,0,0,0,0,0,1,0,0,10,1,1,0,0,0
5FVQBZ,27,0,0,0,0,0,1,1,0,10,0,0,0,1,0
5IFW5K,27,1,0,0,0,0,2,0,0,10,0,0,0,1,0
5LRV7P,27,0,0,0,0,1,1,1,0,10,0,0,0,0,0
5PUQDG,27,0,0,0,0,0,1,0,0,11,1,0,0,0,0
5VA2UB,27,0,0,0,0,0,1,0,0,12,0,0,0,0,0
6RUFLV,27,0,0,0,0,0,1,1,0,10,1,0,0,0,0
753ZX5,27,0,0,0,0,1,1,0,0,10,1,0,0,0,0
78AHUX,27,0,0,0,0,0,1,0,0,10,1,1,0,0,0
79GDH7,27,0,0,0,0,0,1,0,0,12,0,0,0,0,0
7AXXAC,27,0,0,0,0,0,1,0,0,10,1,1,0,0,0
7BOHYG,27,0,0,0,1,1,1,0,0,10,0,0,0,0,0
7H59VV,27,0,0,0,0,0,1,1,0,10,1,0,0,0,0
7HNRM4,27,0,0,0,0,0,1,1,0,10,0,0,1,0,0
7JEIU6,27,0,0,0,0,0,1,0,0,10,1,0,1,0,0
7MSTYC,27,0,0,0,0,0,1,1,0,10,1,0,0,0,0
7SNVDQ,27,0,0,0,0,0,1,1,0,10,1,0,0,0,0
7TQIM2,27,0,0,0,0,0,1,1,0,11,0,0,0,0,0
85MENE,27,0,0,0,1,0,1,1,0,10,0,0,0,0,0
87J5F4,27,0,0,0,1,0,1,0,0,11,0,0,0,0,0
8CY2I9,27,0,0,0,0,0,1,0,0,10,1,0,1,0,0
8JYVT3,27,0,0,0,0,0,1,0,0,10,1,0,0,1,0
9AMKBM,27,0,0,0,0,0,1,0,0,10,1,1,0,0,0
9CZCAW,27,0,0,0,1,0,1,0,0,11,0,0,0,0,0
9F26VO,27,0,0,0,1,1,1,0,0,10,0,0,0,0,0
9FU1O4,27,0,0,0,0,0,1,0,0,11,0,0,1,0,0
9FW2NT,27,0,0,0,1,0,1,1,0,10,0,0,0,0,0
9IQTT1,27,0,0,0,0,0,1,1,0,10,1,0,0,0,0
9KC6TC,27,0,0,0,0,0,1,1,0,10,0,0,0,1,0
9VGT2J,27,0,0,0,0,1,1,0,0,10,1,0,0,0,0
9W6TLE,27,0,0,0,0,0,1,1,0,10,1,0,0,0,0
A2GZT,27,1,0,0,0,0,2,1,0,10,0,0,0,0,0
A79VQ6,27,1,0,0,0,0,2,0,0,10,1,0,0,0,0
A9K3R,27,0,0,0,1,0,1,0,0,11,0,0,0,0,0
A9QFKK,27,0,0,0,1,0,1,0,0,11,0,0,0,0,0
AUS392,27,0,0,0,0,0,1,1,0,10,1,0,0,0,0
AZ15WJ,27,0,0,0,0,0,1,0,0,11,1,0,0,0,0
AZ7XLR,27,0,0,0,0,0,1,1,0,10,0,0,0,1,0
B1XLUW,27,0,0,0,0,0,1,0,0,10,1,0,0,1,0
B42G6B,27,0,0,0,1,0,1,0,0,11,0,0,0,0,0
B491JP,27,0,0,0,0,0,1,0,0,10,1,0,1,0,0
B6O45V,27,0,0,0,0,0,1,1,0,10,0,0,0,1,0
B6V875,27,0,0,0,0,1,1,0,0,10,0,0,0,1,0
BD81L4,27,0,0,0,0,0,1,1,0,10,0,0,0,1,0
BVQXN4Q7,27,0,0,0,0,0,1,3,0,10,0,0,0,0,0
BVQYFPYX,27,0,0,0,0,1,1,0,0,10,1,0,0,0,0
BVQYTOKD,27,0,0,0,0,0,1,1,0,11,0,0,0,0,0
BVR2IKKO,27,0,0,0,0,0,1,1,0,10,1,0,0,0,0
BVRCWDNJ,27,0,0,0,0,0,1,0,0,10,1,0,0,1,0
BVRNXODO,27,0,0,0,0,0,1,1,0,10,1,0,0,0,0
BVRPXL5F,27,0,0,0,0,0,1,0,0,11,1,0,0,0,0
C3O3XV,27,0,0,0,0,0,1,0,0,10,1,0,1,0,0
C53EOMJG,27,0,0,0,0,0,1,0,0,11,1,0,0,0,0
C53GBE81,27,0,0,0,0,0,1,1,0,10,0,0,0,1,0
C53I353R,27,0,0,0,0,1,1,1,0,10,0,0,0,0,0
C53ICLBV,27,0,0,0,0,0,1,1,0,10,1,0,0,0,0
C53TD3VB,27,0,0,0,1,0,1,0,0,10,1,0,0,0,0
C53X8UVX,27,0,0,0,0,0,1,0,0,10,0,0,1,0,1
C54BMYJI,27,0,0,0,0,0,1,1,0,11,0,0,0,0,0
C552PW97,27,0,0,0,0,0,1,1,0,11,0,0,0,0,0
C556S9M6,27,0,0,0,0,0,1,1,0,10,0,0,0,1,0
C55DR1Y6,27,0,0,0,0,0,1,0,0,11,0,0,0,1,0
C55GGSDZ,27,0,0,0,0,1,1,1,0,10,0,0,0,0,0
C55JN7EI,27,0,0,0,0,0,1,1,0,11,0,0,0,0,0
C55OK5OU,27,0,0,0,0,1,1,1,0,10,0,0,0,0,0
C55P2M2T,27,0,0,0,0,0,1,1,0,10,1,0,0,0,0
C55QRLVA,27,0,0,0,0,1,1,0,0,10,1,0,0,0,0
C55SQC3Z,27,0,0,0,0,0,1,1,0,11,0,0,0,0,0
C561SL1Q,27,0,0,0,0,1,1,0,0,11,0,0,0,0,0
C565JOJI,27,0,0,0,0,0,1,0,0,10,1,0,0,1,0
C56CFKLB,27,0,0,0,0,1,1,0,0,10,1,0,0,0,0
C56CHSCG,27,0,0,0,0,0,1,1,0,10,0,0,1,0,0
C56RNURW,27,0,0,0,0,0,1,0,0,10,1,0,0,1,0
C56UC5U9,27,0,0,0,0,0,1,1,0,10,0,0,0,1,0
C576LDJS,27,0,0,0,0,0,1,1,0,11,0,0,0,0,0
C57B5CF5,27,0,0,0,0,0,1,1,0,10,1,0,0,0,0
C57PSI4K,27,0,0,0,0,0,1,0,0,10,1,1,0,0,0
C57WHIIX,27,0,0,0,0,0,1,1,0,10,1,0,0,0,0
C57X6OVL,27,0,0,0,0,0,1,0,0,10,1,0,0,1,0
C57Z8OHP,27,0,0,0,0,1,1,1,0,10,0,0,0,0,0
C58197EO,27,0,0,0,0,0,1,0,0,10,0,0,1,0,1
C588JVOM,27,0,0,0,0,0,1,1,0,10,0,0,1,0,0
C589PBZE,27,0,0,0,0,0,1,1,0,11,0,0,0,0,0
C58HZDII,27,0,0,0,1,0,1,0,0,11,0,0,0,0,0
C58MAFPL,27,0,0,0,0,0,1,0,0,12,0,0,0,0,0
C58PQOHG,27,0,0,0,0,0,1,0,0,12,0,0,0,0,0
C58XG3FK,27,0,0,0,0,1,1,1,0,10,0,0,0,0,0
C58ZYEJV,27,0,0,0,1,0,1,1,0,10,0,0,0,0,0
C59A41R1,27,0,0,0,0,0,1,0,0,11,1,0,0,0,0
C59FZCB4,27,0,0,0,0,0,1,1,0,10,0,0,1,0,0
C59JBICV,27,0,0,0,1,0,1,0,0,10,1,0,0,0,0
C59N2RRX,27,0,0,0,0,0,1,1,0,10,0,0,0,1,0
C59UDY9U,27,0,0,0,0,0,1,0,0,10,1,1,0,0,0
C59Z65CG,27,0,0,0,0,0,1,1,0,10,1,0,0,0,0
C5A89KNK,27,0,0,0,0,0,1,0,0,10,1,0,0,1,0
C5AAMK5G,27,0,0,0,1,0,1,1,0,10,0,0,0,0,0
C5AHTCG9,27,0,0,0,0,0,1,1,0,10,1,0,0,0,0
C5AZD9HH,27,0,0,0,0,0,1,1,0,11,0,0,0,0,0
C5B25NAG,27,0,0,0,0,0,1,1,0,10,0,0,0,1,0
C5BBVG1Y,27,0,0,0,0,0,1,0,0,12,0,0,0,0,0
C5BGHUQH,27,0,0,0,0,1,1,0,0,10,0,0,0,1,0
C5BZ61XR,27,0,0,0,0,0,1,1,0,10,1,0,0,0,0
C5C28Y3D,27,0,0,0,0,1,1,0,0,10,0,0,1,0,0
C5C7VUFX,27,0,0,0,0,1,1,1,0,10,0,0,0,0,0
C5CCYW3G,27,0,0,0,0,0,1,1,0,10,1,0,0,0,0
C5CFNRHH,27,0,0,0,0,0,1,1,0,10,0,0,1,0,0
C5CK3ET3,27,0,0,0,0,0,3,0,0,10,1,0,0,0,0
C5CPYZTY,27,0,0,0,1,0,1,1,0,10,0,0,0,0,0
C5CRJ35V,27,0,0,0,0,0,1,0,0,11,1,0,0,0,0
C5CWGQO1,27,0,0,0,0,1,1,0,0,10,0,0,1,0,0
C5CYR571,27,0,0,0,0,0,1,1,0,10,1,0,0,0,0
C5D7OF9A,27,1,0,0,0,0,2,0,0,10,1,0,0,0,0
C5D9SIBB,27,0,0,0,0,0,1,3,0,10,0,0,0,0,0
C5DEDM7E,27,0,0,0,1,0,1,0,0,11,0,0,0,0,0
C5DEOU9L,27,0,0,0,0,0,1,0,0,10,1,0,1,0,0
C5DR1I1V,27,0,0,0,0,1,1,0,0,10,1,0,0,0,0
C5DR5O14,27,0,0,0,0,0,1,1,0,10,0,0,0,0,1
C5DT34EL,27,0,0,0,0,0,1,0,0,10,1,0,0,1,0
C5DTLWVJ,27,0,0,0,0,0,1,1,0,10,0,0,0,1,0
C5DU7BN9,27,0,0,0,0,0,1,1,0,10,0,0,1,0,0
C5DW4A5Y,27,0,0,0,0,0,1,1,0,10,1,0,0,0,0
C5E8QBR8,27,0,0,0,0,0,1,1,0,10,1,0,0,0,0
C5E9UBTQ,27,0,0,0,0,0,1,1,0,11,0,0,0,0,0
C5EAM1AM,27,0,0,0,0,0,1,1,0,10,1,0,0,0,0
C5ENVUK1,27,0,0,0,0,0,1,1,0,10,0,0,0,1,0
C5EU3UWQ,27,0,0,0,0,0,1,1,0,10,0,0,0,1,0
C5F29P23,27,0,0,0,0,0,1,0,0,11,1,0,0,0,0
C5FANR44,27,0,0,0,0,0,1,1,0,11,0,0,0,0,0
C5FNVR4Z,27,0,0,0,0,0,1,1,0,10,0,0,0,1,0
C5GCRO8L,27,0,0,0,0,0,1,0,0,11,1,0,0,0,0
C5GEPKV5,27,0,0,0,1,0,1,0,0,10,1,0,0,0,0
C5GGA5RK,27,0,0,0,0,0,1,0,0,10,1,0,0,0,1
C5GWOQNZ,27,0,0,0,0,0,1,1,0,10,0,0,0,1,0
C5GWZ52X,27,0,0,0,0,0,1,1,0,10,1,0,0,0,0
C5GX51FM,27,0,0,0,0,1,1,1,0,10,0,0,0,0,0
C5H2ORVD,27,0,0,0,0,1,1,1,0,10,0,0,0,0,0
C5H9Y678,27,0,0,0,0,1,1,0,0,11,0,0,0,0,0
C5HJYPXK,27,0,0,0,0,0,1,1,0,10,1,0,0,0,0
C5HMA7UE,27,0,0,0,0,1,1,1,0,10,0,0,0,0,0
C5HPTFP5,27,0,0,0,0,0,1,0,0,10,1,0,0,1,0
C5HX6XJL,27,0,0,0,0,0,1,0,0,10,1,0,0,1,0
C5I5FRQH,27,0,0,0,0,0,1,1,0,10,1,0,0,0,0
C5I69MFA,27,0,0,0,0,0,1,1,0,11,0,0,0,0,0
C5I77FCL,27,0,0,0,0,0,1,1,0,10,1,0,0,0,0
C5I8X1W9,27,0,0,0,0,0,1,0,0,10,1,0,1,0,0
C5IBNAOH,27,0,0,0,0,0,1,0,0,11,1,0,0,0,0
C5ID3VZN,27,0,0,0,0,0,1,0,0,11,1,0,0,0,0
C5IIRZIY,27,0,0,0,0,0,1,1,0,11,0,0,0,0,0
C5IMIVAW,27,0,0,0,0,0,1,0,0,11,1,0,0,0,0
C5IT93EV,27,0,0,0,0,0,1,1,0,10,1,0,0,0,0
C5IUC41H,27,0,0,0,0,1,1,0,0,11,0,0,0,0,0
C5IVMSSM,27,0,0,0,0,0,1,1,0,10,1,0,0,0,0
C5J4YQS3,27,0,0,0,0,1,1,1,0,10,0,0,0,0,0
C5JAWP25,27,0,0,0,1,0,1,1,0,10,0,0,0,0,0
C5JFR6OG,27,0,0,0,0,0,1,1,0,10,1,0,0,0,0
C5JINAFP,27,0,0,0,0,0,1,0,0,11,1,0,0,0,0
C5JLGWJE,27,0,0,0,0,0,1,0,0,10,1,1,0,0,0
C5JSOJVS,27,2,0,0,0,0,1,0,0,10,1,0,0,0,0
C5JSVLFR,27,0,0,0,0,0,1,0,0,10,1,0,0,1,0
C5K4M3LZ,27,0,0,0,0,0,1,1,0,10,1,0,0,0,0
C5L113CQ,27,0,0,0,0,0,1,1,0,10,0,0,1,0,0
C5L2AYKH,27,0,0,0,0,0,1,0,0,12,0,0,0,0,0
C5L3RQNJ,27,0,0,0,0,0,1,1,0,10,1,0,0,0,0
C5L7J4J5,27,0,0,0,0,0,1,1,0,10,1,0,0,0,0
C5L9LE76,27,0,0,0,0,0,1,1,0,10,1,0,0,0,0
C5LLXSHH,27,0,0,0,0,0,1,0,0,11,1,0,0,0,0
C5M28BLN,27,0,0,0,0,0,1,1,0,11,0,0,0,0,0
C5M2KHE3,27,0,0,0,0,0,1,1,0,10,1,0,0,0,0
C5M39B6O,27,0,0,0,0,0,1,1,0,10,1,0,0,0,0
C5MBP4QF,27,0,0,0,0,0,1,0,0,10,1,0,0,1,0
C5MC2O7E,27,0,0,0,0,0,1,0,0,10,1,0,0,1,0
C5MNE4IW,27,0,0,0,0,0,1,0,0,10,1,0,0,1,0
C5MQWF7U,27,0,0,0,0,1,1,0,0,10,0,0,0,1,0
C5MYG5MS,27,0,0,0,0,0,1,1,0,10,0,0,0,1,0
C5N2BKWT,27,0,0,0,1,0,1,1,0,10,0,0,0,0,0
C5N4R5PM,27,0,0,0,0,0,1,1,0,11,0,0,0,0,0
C5N828E4,27,0,0,0,0,1,1,0,0,11,0,0,0,0,0
C5NMYGRY,27,0,0,0,0,0,1,0,0,11,0,0,0,1,0
C5NT3T3Y,27,0,0,0,0,0,1,1,0,10,1,0,0,0,0
C5NW9SDN,27,0,0,0,1,0,1,0,0,10,0,0,0,1,0
C5NWBNET,27,0,0,0,0,0,1,0,0,11,1,0,0,0,0
C5O3LFPG,27,0,0,0,1,0,1,0,0,11,0,0,0,0,0
C5O7V5ZB,27,0,0,0,0,0,1,0,0,10,1,0,0,1,0
C5OAU9VL,27,0,0,0,0,0,1,1,0,10,0,0,0,0,1
C5OSEEYR,27,0,0,0,0,0,1,1,0,10,1,0,0,0,0
C5OTRTO1,27,0,0,0,0,0,1,1,0,10,1,0,0,0,0
C5P1ITCG,27,1,0,0,0,0,1,2,0,10,0,0,0,0,0
C5PFQ2P6,27,0,0,0,0,0,1,0,0,12,0,0,0,0,0
C5PKKEDA,27,0,0,0,0,0,1,0,0,10,1,0,1,0,0
C5PRNERE,27,0,0,0,0,0,1,1,0,10,0,0,0,1,0
C5PTQ1BQ,27,0,0,0,0,0,1,0,0,12,0,0,0,0,0
C5PXQJOY,27,0,0,0,0,0,1,0,0,11,1,0,0,0,0
C5PZB15M,27,0,0,0,0,0,1,1,0,10,1,0,0,0,0
C5QHTSR3,27,0,0,0,0,0,1,0,0,11,1,0,0,0,0
C5QM5V8W,27,0,0,0,0,0,1,1,0,10,1,0,0,0,0
C5QOE9EL,27,0,0,0,0,1,1,0,0,10,1,0,0,0,0
C5QS4B1A,27,0,0,0,0,0,1,1,0,11,0,0,0,0,0
C5RGP1QU,27,0,0,0,0,1,1,0,0,10,0,0,0,1,0
C5RNSIXV,27,0,0,0,0,0,1,0,0,11,0,0,0,1,0
C5S6T8Q4,27,0,0,0,0,0,1,0,0,10,1,0,0,1,0
C5SG1I3O,27,0,0,0,0,0,1,1,0,10,0,0,1,0,0
C5SG1YFJ,27,0,0,0,0,0,1,0,0,12,0,0,0,0,0
C5SNLERL,27,0,0,0,0,0,1,0,0,12,0,0,0,0,0
C5SQ3K7B,27,0,0,0,1,0,1,1,0,10,0,0,0,0,0
C5T5IR28,27,0,0,0,0,0,1,1,0,11,0,0,0,0,0
C5T72K8S,27,0,0,0,0,1,1,0,0,10,1,0,0,0,0
C5T8OEZ3,27,0,0,0,0,0,1,0,0,11,0,0,1,0,0
C5TB63DW,27,0,0,0,0,0,1,0,0,10,1,0,0,0,1
C5TF3E5C,27,0,0,0,0,0,1,1,0,10,0,0,0,1,0
C5TKWPQH,27,0,0,0,0,0,1,0,0,10,1,1,0,0,0
C5TM4B7D,27,0,0,0,0,0,1,1,0,11,0,0,0,0,0
C5TTFY7U,27,0,0,0,0,1,1,0,0,10,0,0,1,0,0
C5TU1OOI,27,0,0,0,0,0,1,1,0,10,1,0,0,0,0
C5TXWJWB,27,0,0,0,0,0,1,1,0,10,0,0,1,0,0
C5U2J6QY,27,0,0,0,0,0,1,1,0,10,1,0,0,0,0
C5U5FX48,27,0,0,0,0,1,1,1,0,10,0,0,0,0,0
C5U6UT1G,27,0,0,0,0,0,1,1,0,11,0,0,0,0,0
C5UBIIPW,27,0,0,0,0,0,1,0,0,10,1,1,0,0,0
C5UIY9HA,27,0,0,0,1,0,1,0,0,10,1,0,0,0,0
C5UMIB2P,27,0,0,0,0,0,1,1,0,10,1,0,0,0,0
C5URU638,27,0,0,0,0,0,1,1,0,10,0,0,0,1,0
C5V1WNIV,27,0,0,0,0,0,1,1,0,11,0,0,0,0,0
C5VP89MN,27,0,0,0,0,0,1,1,0,10,1,0,0,0,0
C5VX7T4H,27,0,0,0,0,1,1,0,0,10,0,0,0,1,0
C5VXZTCI,27,0,0,0,0,0,1,1,0,10,1,0,0,0,0
C5VZEODS,27,0,0,0,0,1,1,0,0,11,0,0,0,0,0
C5W7VLPY,27,0,0,0,0,0,1,0,0,11,0,0,0,1,0
C5WB8JNR,27,0,0,0,0,0,1,0,0,11,0,0,0,1,0
C5WJXIOI,27,0,0,0,0,0,1,0,0,11,0,0,0,1,0
C5WUF9WF,27,0,0,0,0,0,1,1,0,10,1,0,0,0,0
C5X1T11E,27,0,0,0,0,0,1,1,0,10,1,0,0,0,0
C5X31L58,27,0,0,0,0,1,1,0,0,11,0,0,0,0,0
C5X8H8UP,27,0,0,0,0,0,1,1,0,10,1,0,0,0,0
C5X8QUWY,27,0,0,0,0,0,1,1,0,10,0,0,0,1,0
C5XHKXUT,27,0,0,0,0,0,1,0,0,12,0,0,0,0,0
C5XL8U14,27,0,0,0,0,0,1,0,0,12,0,0,0,0,0
C5XQ77HR,27,0,0,0,0,0,1,1,0,11,0,0,0,0,0
C5XQDKC1,27,0,0,0,0,0,1,1,0,10,1,0,0,0,0
C5XYD8CQ,27,0,0,0,0,0,1,0,0,10,1,0,0,1,0
C5Y1D1AO,27,0,0,0,0,0,1,0,0,10,1,1,0,0,0
C5Y379F2,27,0,0,0,1,0,1,0,0,10,1,0,0,0,0
C5Y4DCY4,27,0,0,0,0,0,1,1,0,10,1,0,0,0,0
C5YEUUSJ,27,0,0,0,0,1,1,0,0,10,0,0,1,0,0
C5YFCKBQ,27,0,0,0,0,1,1,0,0,11,0,0,0,0,0
C5YJ5F9W,27,0,0,0,1,0,1,0,0,11,0,0,0,0,0
C5YQIR9T,27,0,0,0,0,0,1,0,0,11,0,0,1,0,0
C5YV242W,27,0,0,0,0,0,1,1,0,10,0,0,0,1,0
C5Z6FMCS,27,0,0,0,0,0,1,0,0,11,1,0,0,0,0
C5Z7CF6U,27,0,0,0,0,0,1,1,0,10,1,0,0,0,0
C5ZAFA53,27,0,0,0,0,0,1,0,0,11,1,0,0,0,0
C5ZHHH6U,27,0,0,0,0,1,1,0,0,10,1,0,0,0,0
C5ZLO1MX,27,0,0,0,0,0,1,1,0,11,0,0,0,0,0
C5ZSJ1VB,27,0,0,0,0,0,1,1,0,10,0,0,0,1,0
C5ZTF4PB,27,0,0,0,0,0,1,0,0,11,0,0,0,1,0
C611GWR7,27,0,0,0,0,0,1,1,0,10,0,0,0,1,0
C6138Y5T,27,0,0,0,0,0,1,1,0,10,1,0,0,0,0
C613EBWN,27,0,0,0,1,0,1,1,0,10,0,0,0,0,0
C61EXDYS,27,0,0,0,0,0,1,0,0,10,1,0,0,1,0
C61FIDJQ,27,0,0,0,0,0,1,0,0,10,1,0,0,1,0
C61HMQ9W,27,0,0,0,1,0,1,1,0,10,0,0,0,0,0
C61IKOY9,27,0,0,0,0,0,1,1,0,10,0,0,0,1,0
C61JDUUL,27,0,0,0,0,0,1,0,0,12,0,0,0,0,0
C61JGM1W,27,0,0,0,0,1,1,0,0,11,0,0,0,0,0
C61OFU1M,27,0,0,0,1,0,1,0,0,10,0,0,1,0,0
C627AXEM,27,0,0,0,0,0,1,1,0,10,1,0,0,0,0
C62EL25E,27,0,0,0,0,0,1,0,0,10,1,1,0,0,0
C62KBSRE,27,0,0,0,0,0,1,1,0,10,0,0,0,1,0
C63PDA1U,27,0,0,0,0,0,1,1,0,10,0,0,0,1,0
C63QKDO3,27,0,0,0,0,0,1,0,0,10,1,0,1,0,0
C63THDLG,27,0,0,0,0,1,1,0,0,11,0,0,0,0,0
C63VMZ15,27,0,0,0,0,0,1,1,0,10,0,0,0,1,0
C63YWRGJ,27,0,0,0,0,1,1,0,0,10,1,0,0,0,0
C645IM7F,27,0,0,0,0,0,1,0,0,12,0,0,0,0,0
C6466GOQ,27,0,0,0,0,0,1,1,0,11,0,0,0,0,0
C64JM8UP,27,0,0,0,0,1,1,1,0,10,0,0,0,0,0
C64NIX3D,27,0,0,0,0,0,1,0,0,11,0,0,0,1,0
C64NKLWL,27,0,0,0,0,0,1,0,0,10,1,0,0,1,0
C64UE3GY,27,0,0,0,0,0,1,0,0,10,0,0,0,1,1
C651INEP,27,0,0,0,0,1,1,0,0,10,1,0,0,0,0
C657RUNW,27,0,0,0,0,0,1,1,0,10,1,0,0,0,0
C65BCE4R,27,0,0,0,1,0,1,0,0,10,0,0,0,1,0
C65JTSXD,27,0,0,0,0,0,1,1,0,10,0,0,1,0,0
C65VS9UT,27,0,0,0,0,0,1,0,0,10,1,0,0,1,0
C665NYRC,27,0,0,0,0,0,1,0,0,11,1,0,0,0,0
C66F1O11,27,0,0,0,0,0,1,1,0,10,0,0,1,0,0
C66LI7Q6,27,0,0,0,0,0,1,1,0,11,0,0,0,0,0
C66P4WBZ,27,1,0,0,0,0,2,0,0,10,1,0,0,0,0
C66UWRKJ,27,0,0,0,0,0,1,1,0,10,1,0,0,0,0
C66WNZ9V,27,0,0,0,0,0,1,1,0,10,1,0,0,0,0
C66ZTFTY,27,0,0,0,0,0,1,0,0,12,0,0,0,0,0
C67FPCB9,27,0,0,0,0,0,1,1,0,10,0,0,1,0,0
C67GDNQH,27,0,0,0,0,0,1,1,0,10,0,0,0,1,0
C67GMMNP,27,0,0,0,0,0,1,1,0,10,0,0,1,0,0
C67HAF7X,27,0,0,0,0,0,1,0,0,11,1,0,0,0,0
C67MUCOH,27,0,0,0,0,0,1,0,0,10,1,1,0,0,0
C67YGF5F,27,0,0,0,0,0,1,1,0,11,0,0,0,0,0
C6811WUU,27,0,0,0,0,0,1,1,0,10,0,0,1,0,0
C686T1ZO,27,0,0,0,0,0,1,0,0,10,0,0,1,1,0
C68BHUTX,27,0,0,0,0,0,1,0,0,11,0,0,1,0,0
C68KMMIG,27,0,0,0,0,0,1,1,0,11,0,0,0,0,0
C68KQ4K5,27,0,0,0,0,0,1,0,0,11,0,0,0,1,0
C69166YZ,27,0,0,0,0,0,1,1,0,10,1,0,0,0,0
C697P74R,27,0,0,0,0,0,1,1,0,11,0,0,0,0,0
C6A169MY,27,0,0,0,0,0,1,0,0,11,1,0,0,0,0
C6A6NFQX,27,0,0,0,0,0,1,0,0,10,1,1,0,0,0
C6ABFI5Y,27,0,0,0,0,0,1,0,0,12,0,0,0,0,0
C6ABMR8B,27,0,0,0,0,0,1,0,0,11,1,0,0,0,0
C6ABXQI5,27,0,0,0,0,0,1,1,0,10,1,0,0,0,0
C6ACD9OS,27,0,0,0,0,0,1,1,0,11,0,0,0,0,0
C6ADTFUS,27,0,0,0,0,0,1,1,0,11,0,0,0,0,0
C6AHNCQR,27,0,0,0,0,0,1,0,0,10,1,0,0,1,0
C6AKCKGJ,27,0,0,0,0,0,1,1,0,11,0,0,0,0,0
C6AU3TQF,27,0,0,0,0,0,1,1,0,11,0,0,0,0,0
C6B5OV3P,27,0,0,0,0,0,1,1,0,10,1,0,0,0,0
C6B8TZLB,27,0,0,0,1,0,1,0,0,10,0,0,0,0,1
C6BADWC4,27,0,0,0,0,0,1,0,0,11,0,0,1,0,0
C6BKXQKZ,27,0,0,0,0,1,1,0,0,10,0,0,1,0,0
C6BNE347,27,0,0,0,0,0,1,1,0,10,1,0,0,0,0
C6BQJW3Z,27,0,0,0,0,0,1,0,0,11,0,0,1,0,0
C6BWHTQU,27,0,0,0,0,0,1,0,0,10,0,0,0,1,1
C6BXS5JH,27,0,0,0,0,0,1,1,0,11,0,0,0,0,0
C6CK3WMN,27,0,0,0,0,0,1,0,0,10,1,0,1,0,0
C6D2F1C8,27,0,0,0,0,0,1,0,0,12,0,0,0,0,0
C6D5C7ZJ,27,0,0,0,1,0,1,1,0,10,0,0,0,0,0
CADTE3,27,0,0,0,1,0,1,0,0,10,1,0,0,0,0
CGCC4J,27,0,0,0,0,0,1,0,0,10,0,0,1,1,0
CLD91I,27,0,0,0,0,0,1,1,0,11,0,0,0,0,0
D1KK6,27,0,0,0,0,0,1,1,0,10,0,0,1,0,0
D2NYKM,27,0,0,0,0,0,1,1,0,11,0,0,0,0,0
D42564,27,0,0,0,0,0,1,1,0,11,0,0,0,0,0
DAOP4W,27,0,0,0,1,0,1,0,0,10,1,0,0,0,0
DEZ8IM,27,0,0,0,0,1,1,0,0,11,0,0,0,0,0
DRUMUI,27,0,0,0,0,0,1,0,0,10,1,1,0,0,0
E18I9G,27,1,0,0,0,0,1,2,0,10,0,0,0,0,0
E3DJ25,27,0,0,0,0,0,1,1,0,10,1,0,0,0,0
E4ULNL,27,0,0,0,0,0,1,0,0,11,1,0,0,0,0
EC1F1W,27,0,0,0,0,1,1,1,0,10,0,0,0,0,0
EDQKYG,27,0,0,0,0,0,1,0,0,10,1,0,0,1,0
EW39OU,27,0,0,0,0,0,1,0,0,10,1,0,0,0,1
F8G3BC,27,0,0,0,0,0,1,1,0,10,1,0,0,0,0
F8OVDATS,27,0,0,0,0,1,1,1,0,10,0,0,0,0,0
F8OWT7O9,27,0,0,0,0,0,1,1,0,10,0,0,0,1,0
F8P1IDX5,27,2,0,0,0,1,1,0,0,10,0,0,0,0,0
F8PR8WDD,27,0,0,0,0,0,1,1,0,10,1,0,0,0,0
F8Q9M5XN,27,0,0,0,0,0,1,0,0,10,1,1,0,0,0
F8QDT84S,27,0,0,0,0,0,1,1,0,10,0,0,0,1,0
F8QOR3TM,27,0,0,0,0,0,1,0,0,10,1,0,0,0,1
F8QQ4YRK,27,0,0,0,0,0,1,0,0,10,1,1,0,0,0
F8QUHS67,27,0,0,0,0,1,1,1,0,10,0,0,0,0,0
F8QZ66KR,27,0,0,0,0,0,1,0,0,11,0,0,0,0,1
F8R1392D,27,0,0,0,1,0,1,0,0,10,0,0,0,0,1
F8R15SMH,27,0,0,0,1,0,1,0,0,10,1,0,0,0,0
F8RHAE7Z,27,0,0,0,0,0,1,0,0,11,0,0,0,1,0
F8ROHB1Z,27,0,0,0,0,0,1,0,0,11,1,0,0,0,0
F8RUC4V2,27,0,0,0,0,1,1,1,0,10,0,0,0,0,0
F8RV1DEM,27,0,0,0,0,0,1,0,0,10,1,0,0,0,1
F8S4R9O5,27,0,0,0,0,1,1,0,0,11,0,0,0,0,0
F8S4TPZ2,27,0,0,0,0,1,1,0,0,10,0,0,0,1,0
F8SC1XRY,27,0,0,0,0,0,1,0,0,11,0,0,0,1,0
F8SOYRWQ,27,0,0,0,0,0,1,0,0,10,1,0,0,1,0
F8SPJ3MU,27,0,0,0,0,1,1,0,0,10,1,0,0,0,0
F8SWKG5V,27,0,0,0,0,0,1,0,0,11,0,0,0,1,0
F8T9FKYP,27,0,0,0,0,0,1,1,0,10,1,0,0,0,0
F8TCSQ52,27,0,0,0,0,0,1,0,0,11,1,0,0,0,0
F8TYX356,27,0,0,0,0,0,1,1,0,11,0,0,0,0,0
F8U68PLI,27,0,0,0,0,0,1,0,0,11,1,0,0,0,0
F8U86M7H,27,0,0,0,0,0,1,0,0,11,0,0,0,1,0
F8UA54CW,27,0,0,0,1,0,1,1,0,10,0,0,0,0,0
F8UCWZV3,27,0,0,0,0,0,1,1,0,10,1,0,0,0,0
F8UMNYVS,27,0,0,0,0,0,1,0,0,10,0,0,1,1,0
F8UOMFIB,27,0,0,0,0,0,1,1,0,11,0,0,0,0,0
F8UVNUOK,27,0,0,0,0,0,1,0,0,10,1,1,0,0,0
F8UWIR4X,27,0,0,0,0,0,1,1,0,10,1,0,0,0,0
F8V7V5VN,27,0,0,0,0,0,1,1,0,10,1,0,0,0,0
F8VAH7NB,27,0,0,0,0,0,1,1,0,10,1,0,0,0,0
F8VF87YT,27,0,0,0,0,0,1,1,0,10,1,0,0,0,0
F8VL5XZV,27,1,0,0,0,0,1,0,0,10,0,0,0,0,2
F8VZQIIE,27,0,0,0,1,0,1,0,0,10,0,0,0,1,0
F8W8X8NK,27,0,0,0,0,0,1,1,0,10,1,0,0,0,0
F8WTVXCZ,27,0,0,0,0,0,1,1,0,11,0,0,0,0,0
F8WVTCB2,27,0,0,0,0,0,1,1,0,11,0,0,0,0,0
F8X8VCM2,27,0,0,0,0,0,1,1,0,11,0,0,0,0,0
F8XJIJOK,27,0,0,0,0,0,1,0,0,11,1,0,0,0,0
F8XLOFQW,27,0,0,0,0,1,1,1,0,10,0,0,0,0,0
F8XQXQBW,27,0,0,0,0,0,1,0,0,10,0,0,1,1,0
F8Y1BRVY,27,0,0,0,0,0,1,0,0,10,1,1,0,0,0
F8Y3GH3N,27,0,0,0,0,1,1,0,0,11,0,0,0,0,0
F8YZEUXY,27,0,0,0,0,1,1,1,0,10,0,0,0,0,0
F8Z9IVXA,27,0,0,0,0,0,1,0,0,11,1,0,0,0,0
F8ZJDSN3,27,0,0,0,0,0,1,0,0,10,0,0,1,1,0
F8ZJROGA,27,0,0,0,0,0,1,0,0,10,1,1,0,0,0
F8ZO4II7,27,0,0,0,0,0,1,0,0,11,0,0,0,1,0
F911GXPH,27,0,0,0,0,0,1,1,0,10,0,0,1,0,0
F91D11BZ,27,0,0,0,0,1,1,0,0,10,1,0,0,0,0
F91E2Y89,27,0,0,0,0,0,1,1,0,10,1,0,0,0,0
F91LC4XU,27,0,0,0,0,1,1,1,0,10,0,0,0,0,0
F91OCLD1,27,0,0,0,0,1,1,0,0,10,0,0,0,1,0
F91RNFLA,27,0,0,0,0,0,1,1,0,10,1,0,0,0,0
F92E6SJQ,27,0,0,0,0,0,1,0,0,11,1,0,0,0,0
F92IKMJP,27,0,0,0,0,0,1,1,0,11,0,0,0,0,0
F92SVX1M,27,0,0,0,1,1,1,0,0,10,0,0,0,0,0
F933LVCA,27,0,0,0,0,0,1,1,0,10,1,0,0,0,0
F939LEI8,27,0,0,0,0,0,1,0,0,12,0,0,0,0,0
F93HGG7C,27,0,0,0,0,0,1,1,0,10,1,0,0,0,0
F93RX8QQ,27,0,0,0,0,0,1,0,0,11,1,0,0,0,0
F93U1TM4,27,0,0,0,0,0,1,1,0,10,0,0,1,0,0
F93U5LKZ,27,0,0,0,0,0,1,1,0,10,0,0,0,0,1
F93XDXX3,27,1,0,0,0,0,2,0,0,10,0,0,1,0,0
F947CAW4,27,0,0,0,1,0,1,1,0,10,0,0,0,0,0
F94BAPV1,27,0,0,0,0,1,1,0,0,10,0,0,1,0,0
F94F9PVY,27,0,0,0,0,0,1,0,0,11,1,0,0,0,0
F94GUHRD,27,0,0,0,0,0,1,0,0,12,0,0,0,0,0
F94I9WYC,27,0,0,0,0,0,1,1,0,10,1,0,0,0,0
F94J86VK,27,0,0,0,0,1,1,0,0,10,0,0,0,0,1
F94JAQXE,27,0,0,0,0,1,1,1,0,10,0,0,0,0,0
F94L1X3D,27,0,0,0,0,0,1,0,0,12,0,0,0,0,0
F94MLZGC,27,0,0,0,0,0,1,1,0,10,0,0,1,0,0
F94T4XYQ,27,0,0,0,0,0,1,0,0,10,1,0,1,0,0
F959WGMM,27,0,0,0,0,0,1,0,0,11,1,0,0,0,0
F95BTCG9,27,0,0,0,0,0,1,1,0,10,1,0,0,0,0
F95EM2AR,27,0,0,0,0,0,1,1,0,11,0,0,0,0,0
F95FAWRQ,27,0,0,0,1,0,1,0,0,10,0,0,1,0,0
F95IIIWH,27,0,0,0,0,0,1,0,0,10,1,1,0,0,0
F95K4L9L,27,0,0,0,0,0,1,1,0,10,0,0,1,0,0
F95V8E1D,27,0,0,0,0,0,1,0,0,10,1,0,0,1,0
F96537G5,27,0,0,0,0,0,1,0,0,11,0,0,0,1,0
F96CFSTC,27,0,0,0,0,0,1,1,0,10,1,0,0,0,0
F96JVXAN,27,0,0,0,0,0,1,0,0,11,0,0,0,1,0
F96P4XOT,27,0,0,0,0,0,1,0,0,11,1,0,0,0,0
F97AOH3F,27,0,0,0,0,0,1,1,0,10,1,0,0,0,0
F97CNYJ7,27,0,0,0,0,0,1,1,0,10,0,0,0,1,0
F97E64TL,27,0,0,0,0,0,1,0,0,11,1,0,0,0,0
F97FP3C9,27,0,0,0,1,1,1,0,0,10,0,0,0,0,0
F97S7PGX,27,0,0,0,0,0,1,0,0,10,1,0,1,0,0
F97SWXQH,27,0,0,0,0,0,1,1,0,10,1,0,0,0,0
F97V45BC,27,0,0,0,0,0,1,0,0,10,1,0,0,1,0
F9826TDH,27,0,0,0,0,0,1,1,0,11,0,0,0,0,0
F9841DS2,27,0,0,0,1,0,1,1,0,10,0,0,0,0,0
F98D3MQT,27,0,0,0,0,0,1,0,0,10,1,1,0,0,0
F98F553D,27,0,0,0,0,0,1,1,0,10,0,0,0,1,0
F98IH86G,27,0,0,0,0,0,1,1,0,10,1,0,0,0,0
F98K8IHQ,27,0,0,0,0,0,1,0,0,10,1,1,0,0,0
F98O3UT7,27,0,0,0,0,1,1,0,0,10,1,0,0,0,0
F991DZ8C,27,0,0,0,0,1,1,0,0,10,1,0,0,0,0
F99QDQYT,27,0,0,0,0,0,1,1,0,10,1,0,0,0,0
F99UHRK4,27,0,0,0,0,0,1,1,0,10,1,0,0,0,0
F9A13BD3,27,0,0,0,0,0,1,0,0,10,1,1,0,0,0
F9A3N3EW,27,0,0,0,0,0,1,0,0,10,1,0,0,1,0
F9A7OD7E,27,0,0,0,0,0,1,1,0,10,1,0,0,0,0
F9AR14QX,27,0,0,0,0,0,1,0,0,10,1,1,0,0,0
F9AWPDPJ,27,0,0,0,1,0,1,1,0,10,0,0,0,0,0
F9B4FD19,27,0,0,0,0,0,1,1,0,10,1,0,0,0,0
F9BIADHE,27,0,0,0,0,0,1,1,0,11,0,0,0,0,0
F9BSDL4C,27,0,0,0,0,0,1,1,0,10,1,0,0,0,0
F9BWIW4X,27,0,0,0,0,0,1,0,0,11,1,0,0,0,0
F9C1O6ZG,27,0,0,0,0,0,1,1,0,10,1,0,0,0,0
F9C8NNAF,27,0,0,0,0,0,1,0,0,10,1,0,1,0,0
F9CCROS2,27,0,0,0,0,0,1,0,0,11,1,0,0,0,0
F9CS1KXI,27,0,0,0,0,0,1,0,0,10,1,1,0,0,0
F9CWX1IW,27,0,0,0,0,0,1,1,0,11,0,0,0,0,0
F9D51DEK,27,0,0,0,0,0,1,0,0,11,1,0,0,0,0
F9DF7XYY,27,0,0,0,0,0,1,1,0,11,0,0,0,0,0
F9DH65U6,27,0,0,0,0,0,1,0,0,11,0,0,0,0,1
F9DIQ86V,27,0,0,0,0,0,1,1,0,10,0,0,0,1,0
F9DNPZ79,27,0,0,0,0,0,1,0,0,12,0,0,0,0,0
F9DQ1D1Y,27,0,0,0,0,0,1,0,0,11,1,0,0,0,0
F9DQ49ET,27,0,0,0,1,0,1,0,0,10,1,0,0,0,0
F9DQDZPI,27,0,0,0,0,0,1,1,0,10,1,0,0,0,0
F9DQU62U,27,0,0,0,0,0,1,0,0,10,1,1,0,0,0
F9DSJ2UU,27,0,0,0,0,0,1,0,0,10,1,0,1,0,0
F9DW3RAH,27,0,0,0,0,1,1,1,0,10,0,0,0,0,0
F9E4Q8LE,27,0,0,0,0,0,1,0,0,11,1,0,0,0,0
F9E6LJ7P,27,0,0,0,0,0,1,0,0,10,1,1,0,0,0
F9E8IIYI,27,0,0,0,0,1,1,0,0,10,1,0,0,0,0
F9EHTV7V,27,0,0,0,0,0,1,1,0,11,0,0,0,0,0
F9EMGA1Q,27,0,0,0,0,0,1,1,0,10,1,0,0,0,0
F9EPUSPE,27,0,0,0,0,0,1,0,0,11,1,0,0,0,0
F9ES8M15,27,0,0,0,0,0,1,1,0,10,1,0,0,0,0
F9ETAURZ,27,0,0,0,1,0,1,1,0,10,0,0,0,0,0
F9ETJ6EB,27,1,0,0,0,0,1,2,0,10,0,0,0,0,0
F9F6HVNG,27,0,0,0,0,0,1,0,0,10,0,0,0,1,1
F9F7SR15,27,0,0,0,0,0,1,0,0,10,1,0,0,1,0
F9FCB1EL,27,0,0,0,1,0,1,1,0,10,0,0,0,0,0
F9FEKLJW,27,0,0,0,1,0,1,1,0,10,0,0,0,0,0
F9FPSI7B,27,0,0,0,0,1,1,0,0,10,1,0,0,0,0
F9FT8DIK,27,0,0,0,0,1,1,0,0,10,1,0,0,0,0
F9G7MLKW,27,0,0,0,0,1,1,0,0,10,1,0,0,0,0
F9G7R32X,27,0,0,0,0,0,1,1,0,10,1,0,0,0,0
F9GCKFEC,27,0,0,0,0,0,1,1,0,10,0,0,1,0,0
F9GI3QUK,27,0,0,0,0,0,1,1,0,10,1,0,0,0,0
F9GJR956,27,0,0,0,0,0,1,1,0,10,1,0,0,0,0
F9GQWG3Z,27,0,0,0,0,0,1,0,0,10,1,0,0,0,1
F9GVP8MM,27,0,0,0,0,0,2,2,0,10,0,0,0,0,0
F9GXO9VS,27,0,0,0,1,0,1,0,0,10,0,0,1,0,0
FB67CW,27,0,0,0,0,0,1,1,0,10,0,0,0,1,0
FEL66U,27,0,0,0,0,0,1,1,0,10,0,0,1,0,0
FHZILC,27,0,0,0,0,0,1,0,0,10,1,0,0,1,0
G4E8J2,27,0,0,0,0,0,1,0,0,11,0,0,1,0,0
GBZCLH,27,0,0,0,0,0,1,0,0,11,1,0,0,0,0
GED1WR,27,0,0,0,1,0,1,0,0,10,0,0,1,0,0
GINQKW,27,0,0,0,0,1,1,0,0,10,0,0,1,0,0
HIV1C,27,0,0,0,1,0,1,1,0,10,0,0,0,0,0
KBN8QLHX,27,0,0,0,0,1,1,0,0,10,1,0,0,0,0
KBNDC25L,27,0,0,0,1,0,1,1,0,10,0,0,0,0,0
KBNNWS5E,27,0,0,0,0,0,1,1,0,11,0,0,0,0,0
KBNR3L4A,27,0,0,0,0,0,1,0,0,11,0,0,1,0,0
KBNT6LNZ,27,0,0,0,0,0,1,1,0,10,1,0,0,0,0
KBO28SQD,27,0,0,0,1,0,1,0,0,10,1,0,0,0,0
KBO9E23A,27,0,0,0,0,1,1,1,0,10,0,0,0,0,0
KBOAZRCB,27,2,0,0,0,0,1,0,0,10,0,0,0,0,1
KBOCJ2M6,27,0,0,0,0,0,1,0,0,10,1,0,1,0,0
KBP9H83Y,27,0,0,0,0,0,1,0,0,11,1,0,0,0,0
KBP9NND9,27,0,0,0,0,0,1,1,0,10,0,0,1,0,0
KBPJJ7TG,27,0,0,0,1,1,1,0,0,10,0,0,0,0,0
KBPSVLUA,27,0,0,0,0,0,1,1,0,10,1,0,0,0,0
KBQ1F2P9,27,0,0,0,0,0,1,1,0,11,0,0,0,0,0
KBQ88VHD,27,0,0,0,0,0,1,0,0,10,1,0,1,0,0
KBQDB8GX,27,0,0,0,1,0,1,1,0,10,0,0,0,0,0
KBQKGZN4,27,0,0,0,0,0,1,1,0,10,1,0,0,0,0
KBQOBOOM,27,0,0,0,0,0,1,0,0,11,1,0,0,0,0
KBQPE59M,27,0,0,0,0,0,1,1,0,11,0,0,0,0,0
KBRICIZM,27,0,0,0,0,0,1,1,0,11,0,0,0,0,0
LTK45T,27,0,0,0,0,0,1,1,0,10,1,0,0,0,0
LYU6HY,27,0,0,0,0,0,1,1,0,10,1,0,0,0,0
M57VT5,27,0,0,0,0,0,1,1,0,10,0,0,0,1,0
M5D47,27,0,0,0,1,0,1,1,0,10,0,0,0,0,0
MAS3M,27,0,0,0,0,1,1,1,0,10,0,0,0,0,0
MBHLHV,27,0,0,0,0,0,1,0,0,12,0,0,0,0,0
MGDB4M,27,0,0,0,0,0,1,0,0,12,0,0,0,0,0
MN8VEQ,27,0,0,0,0,0,1,1,0,10,1,0,0,0,0
MRI6CJ,27,0,0,0,0,0,1,1,0,10,0,0,1,0,0
Q1J8AGAC,27,0,0,0,0,0,1,0,0,12,0,0,0,0,0
Q574H8G5,27,0,0,0,0,0,1,1,0,10,1,0,0,0,0
Q57AODEY,27,0,0,0,0,0,1,1,0,10,1,0,0,0,0
RUAVDKKV,27,0,0,0,0,1,1,0,0,10,1,0,0,0,0
RUB1GGRI,27,0,0,0,0,0,1,1,0,10,0,0,1,0,0
RUB1U7MP,27,0,0,0,1,0,1,0,0,10,1,0,0,0,0
RUB3FLZ3,27,0,0,0,1,0,1,1,0,10,0,0,0,0,0
RUB727CV,27,1,0,0,0,0,2,0,0,10,0,0,0,1,0
RUBNDNLI,27,0,0,0,0,0,1,1,0,10,0,0,0,1,0
RUBXVXG4,27,0,0,0,0,0,1,0,0,10,1,0,0,1,0
RUC1WHUG,27,0,0,0,0,1,1,0,0,10,0,0,0,1,0
RUC518DH,27,0,0,0,0,0,1,0,0,10,1,0,0,1,0
RUC52627,27,0,0,0,0,0,1,0,0,12,0,0,0,0,0
RUCRNZW3,27,0,0,0,0,0,1,0,0,10,1,0,0,1,0
RUCS7C85,27,0,0,0,0,1,1,0,0,10,1,0,0,0,0
RUD5RAN8,27,0,0,0,0,0,1,1,0,10,0,0,0,1,0
RUD66Z6O,27,0,0,0,0,0,1,1,0,10,1,0,0,0,0
RUD9LKQW,27,0,0,0,0,0,1,0,0,10,1,1,0,0,0
RUDBNLFN,27,0,0,0,0,0,1,1,0,10,0,0,0,1,0
RUDDXBWV,27,0,0,0,0,0,1,1,0,11,0,0,0,0,0
RUDNIEUY,27,0,0,0,0,1,1,0,0,10,0,0,0,1,0
RUDNQJ4V,27,0,0,0,0,0,1,1,0,10,1,0,0,0,0
RUDW2R8C,27,0,0,0,0,0,1,1,0,11,0,0,0,0,0
RUDX1X8N,27,0,0,0,1,0,1,1,0,10,0,0,0,0,0
RUE22ABM,27,0,0,0,0,0,1,1,0,10,1,0,0,0,0
RUE7PFWK,27,0,0,0,0,0,1,1,0,10,0,0,0,1,0
RUEI1YPW,27,0,0,0,0,0,1,1,0,11,0,0,0,0,0
RUEIDGOZ,27,0,0,0,0,0,1,0,0,10,0,0,0,1,1
RUF2VQ36,27,0,0,0,0,0,1,0,0,11,1,0,0,0,0
RUFBEL1U,27,0,0,0,1,0,1,1,0,10,0,0,0,0,0
RUFE1NTA,27,0,0,0,1,0,1,0,0,10,1,0,0,0,0
RUFH58TM,27,0,0,0,0,1,1,1,0,10,0,0,0,0,0
RUG2L2T8,27,0,0,0,0,0,1,1,0,10,0,0,1,0,0
RUG32CV8,27,0,0,0,0,0,1,0,0,11,0,0,0,1,0
RUGCME8M,27,0,0,0,0,0,1,0,0,11,1,0,0,0,0
RUGM27UR,27,0,0,0,0,0,1,1,0,10,0,0,0,1,0
RUGNFSWS,27,0,0,0,0,0,1,0,0,10,1,0,0,1,0
RUGQJPLN,27,0,0,0,0,0,1,0,0,10,1,0,0,1,0
RUGRK2G8,27,0,0,0,0,0,1,1,0,10,1,0,0,0,0
RUH1KS7T,27,0,0,0,0,0,1,0,0,12,0,0,0,0,0
RUH3BD13,27,0,0,0,0,1,1,1,0,10,0,0,0,0,0
RUH52PUY,27,0,0,0,0,1,1,1,0,10,0,0,0,0,0
RUHOZDXS,27,0,0,0,0,0,1,0,0,10,1,0,0,0,1
RUI2UIHQ,27,0,0,0,0,0,1,1,0,10,1,0,0,0,0
RUI33DW3,27,0,0,0,0,0,1,1,0,10,1,0,0,0,0
RUI6JJ9L,27,0,0,0,0,0,1,0,0,10,1,1,0,0,0
RUIMMRE5,27,0,0,0,0,0,1,1,0,10,1,0,0,0,0
RUIS198Z,27,0,0,0,0,0,1,0,0,10,1,1,0,0,0
RUITE9OK,27,0,0,0,1,0,1,0,0,10,0,0,0,1,0
RUIWVBRH,27,0,0,0,1,0,1,0,0,10,0,0,0,1,0
RUJ2XHVE,27,0,0,0,0,0,1,0,0,10,1,0,1,0,0
RUJF1DF5,27,0,0,0,0,0,1,1,0,10,1,0,0,0,0
RUJJQU2V,27,0,0,0,0,0,1,0,0,11,1,0,0,0,0
RUJNJ5Z4,27,0,0,0,0,0,1,0,0,11,0,0,0,1,0
RUJX5GZE,27,0,0,0,0,0,1,0,0,10,1,1,0,0,0
RUJZG9XL,27,0,0,0,0,0,1,0,0,10,0,0,1,1,0
RUKABL4L,27,1,0,0,0,0,1,2,0,10,0,0,0,0,0
RUKF51U3,27,0,0,0,0,0,1,1,0,10,1,0,0,0,0
RUKFYHCY,27,0,0,0,1,0,1,0,0,10,0,0,0,1,0
RUKLCQH2,27,0,0,0,0,0,1,1,0,10,0,0,1,0,0
RUKPDHEH,27,0,0,0,0,0,1,1,0,11,0,0,0,0,0
RUKXBGN7,27,0,0,0,1,0,1,0,0,11,0,0,0,0,0
RULEY5SH,27,0,0,0,0,0,1,0,0,11,1,0,0,0,0
RULVVSX9,27,0,0,0,1,0,1,1,0,10,0,0,0,0,0
RULX9JEV,27,0,0,0,0,0,1,1,0,10,1,0,0,0,0
RULXIJXY,27,0,0,0,0,1,1,0,0,10,1,0,0,0,0
RULXQJYT,27,0,0,0,0,0,1,0,0,10,1,0,0,1,0
RULY6HIS,27,0,0,0,0,1,1,0,0,11,0,0,0,0,0
RUM2ZXD8,27,0,0,0,0,0,1,0,0,12,0,0,0,0,0
RUMD2SM4,27,0,0,0,1,0,1,0,0,10,0,0,0,0,1
RUME28HB,27,0,0,0,1,0,1,0,0,11,0,0,0,0,0
RUMFU6WZ,27,1,0,0,0,1,2,0,0,10,0,0,0,0,0
RUMG4SHM,27,0,0,0,0,0,1,1,0,10,0,0,0,1,0
RUMOA41B,27,0,0,0,0,0,1,1,0,10,0,0,1,0,0
RUMQRIJE,27,0,0,0,0,0,1,1,0,10,1,0,0,0,0
RUMYRN1S,27,0,0,0,0,1,1,0,0,10,1,0,0,0,0
RUN59OPY,27,0,0,0,1,1,1,0,0,10,0,0,0,0,0
RUN7KGVD,27,0,0,0,0,0,1,0,0,11,0,0,0,1,0
RUNBE91A,27,0,0,0,0,0,1,1,0,11,0,0,0,0,0
RUNR175A,27,0,0,0,0,0,1,1,0,10,1,0,0,0,0
RUNVKSW7,27,0,0,0,0,0,1,0,0,10,1,0,0,1,0
RUNZNWD8,27,0,0,0,0,0,1,0,0,12,0,0,0,0,0
RUO43L3C,27,0,0,0,0,0,1,0,0,10,1,0,0,1,0
RUOB1TJY,27,0,0,0,0,0,1,1,0,11,0,0,0,0,0
RUOPUWOG,27,0,0,0,0,0,1,0,0,10,0,0,1,1,0
RUOSIYI5,27,0,0,0,0,0,2,0,0,10,0,0,0,0,2
RUOU6TG9,27,0,0,0,0,0,1,0,0,10,1,0,0,1,0
RUOV4QFQ,27,0,0,0,0,1,1,1,0,10,0,0,0,0,0
RUOXMGX1,27,0,0,0,0,1,1,0,0,11,0,0,0,0,0
RUOZ6TVT,27,0,0,0,1,0,1,0,0,11,0,0,0,0,0
RUP1YUHS,27,0,0,0,1,0,1,0,0,10,0,0,0,1,0
RUP8SXMG,27,0,0,0,0,0,1,1,0,10,0,0,0,1,0
RUPR7E7B,27,0,0,0,0,1,1,1,0,10,0,0,0,0,0
RUQ8CIV7,27,0,0,0,0,0,1,1,0,10,0,0,1,0,0
RUQFB7ES,27,0,0,0,0,0,1,1,0,10,1,0,0,0,0
RUQM7ABQ,27,0,0,0,1,0,1,1,0,10,0,0,0,0,0
RUQMFCUK,27,0,0,0,0,0,1,1,0,10,1,0,0,0,0
RUQPRXVA,27,0,0,0,0,0,1,1,0,10,0,0,0,0,1
RUQZVNIX,27,0,0,0,1,0,1,0,0,10,1,0,0,0,0
RURJS8KH,27,0,0,0,1,0,1,0,0,10,1,0,0,0,0
RUROKAVG,27,0,0,0,0,1,1,1,0,10,0,0,0,0,0
RURT63M6,27,0,0,0,0,0,1,1,0,10,1,0,0,0,0
RURV2FD1,27,0,0,0,1,0,1,0,0,10,0,0,1,0,0
RURZS5CI,27,0,0,0,0,0,1,0,0,10,1,1,0,0,0
RUS235NQ,27,0,0,0,0,0,1,0,0,12,0,0,0,0,0
RUS32AYN,27,0,0,0,0,1,1,1,0,10,0,0,0,0,0
RUSIPCKN,27,0,0,0,0,1,1,1,0,10,0,0,0,0,0
RUSJU9P4,27,0,0,0,0,1,1,0,0,11,0,0,0,0,0
RUSOIKYV,27,0,0,0,0,0,1,1,0,10,1,0,0,0,0
RUSULA5H,27,0,0,0,0,0,1,1,0,10,0,0,0,1,0
RUT6SUQB,27,0,0,0,1,0,1,1,0,10,0,0,0,0,0
RUTEPXTM,27,0,0,0,0,0,1,0,0,11,0,0,0,1,0
RUTGNK5F,27,0,0,0,0,0,1,0,0,11,0,0,0,0,1
RUTN75PO,27,0,0,0,0,0,1,1,0,10,0,0,0,1,0
RUU26R8X,27,0,0,0,0,1,1,0,0,11,0,0,0,0,0
RUU88WMS,27,0,0,0,0,0,1,0,0,10,1,1,0,0,0
RUUA48Y2,27,0,0,0,0,0,1,0,0,11,0,0,0,1,0
RUUBSGF1,27,0,0,0,0,0,1,0,0,11,1,0,0,0,0
RUUMYJ87,27,0,0,0,1,0,1,1,0,10,0,0,0,0,0
RUURD9C3,27,0,0,0,0,0,1,0,0,11,1,0,0,0,0
RUUSYV7I,27,0,0,0,0,0,1,1,0,10,0,0,0,1,0
RUUUKPDW,27,0,0,0,0,1,1,0,0,10,1,0,0,0,0
RUUX6952,27,0,0,0,0,0,1,1,0,10,0,0,0,1,0
RUVENCPB,27,0,0,0,1,0,1,1,0,10,0,0,0,0,0
RUVPTDBK,27,0,0,0,0,0,1,0,0,10,1,1,0,0,0
ZRVPLAYI,27,0,0,0,0,0,1,0,0,10,1,1,0,0,0
ZRW2Z5KR,27,0,0,0,0,0,1,1,0,10,1,0,0,0,0
ZRWBA2KU,27,0,0,0,0,1,1,0,0,11,0,0,0,0,0
ZRWCNO5H,27,0,0,0,0,0,1,0,0,11,1,0,0,0,0
ZRWWTSEQ,27,0,0,0,1,0,1,0,0,10,0,0,1,0,0
ZRXDIB9F,27,0,0,0,0,0,1,0,0,11,0,0,1,0,0
ZRXNB4T3,27,0,0,0,0,0,1,1,0,10,1,0,0,0,0
ZRXO5WTV,27,0,0,0,0,0,1,1,0,10,0,0,0,1,0
ZRXPD1NZ,27,0,0,0,0,1,1,0,0,10,0,0,1,0,0
ZRXQK1EF,27,0,0,0,0,0,1,0,0,11,0,0,0,1,0
ZRXXZOMY,27,0,0,0,0,0,1,1,0,10,0,0,1,0,0
ZRXYG68S,27,0,0,0,1,0,1,1,0,10,0,0,0,0,0
ZRY6X5CK,27,0,0,0,0,0,1,1,0,11,0,0,0,0,0
ZRYHMF87,27,0,0,0,0,0,1,0,0,11,0,0,0,1,0
ZRYIC6FW,27,0,0,0,0,0,1,0,0,10,0,0,1,1,0
1RT56B,26,1,0,0,0,0,1,0,0,11,0,0,0,0,0
2SCOZF,26,1,0,0,0,0,1,0,0,10,1,0,0,0,0
2VX298,26,1,0,0,0,0,1,0,0,10,1,0,0,0,0
3Q3DVV,26,0,0,0,0,0,1,0,0,10,2,0,0,0,0
4RSGFC,26,0,0,0,0,0,2,0,0,10,1,0,0,0,0
5J9TYC,26,1,0,0,0,0,1,1,0,10,0,0,0,0,0
6LF9O6,26,1,0,0,0,0,1,0,0,10,0,0,0,0,1
74L1F2,26,1,0,0,0,0,1,0,0,10,0,0,1,0,0
8OVVLD,26,0,0,0,0,0,2,0,0,10,1,0,0,0,0
98JTUS,26,0,0,0,0,0,2,0,0,10,1,0,0,0,0
B115PC,26,1,0,0,0,0,1,0,0,10,0,0,0,0,1
B5UZMZ,26,0,0,0,0,0,2,0,0,10,1,0,0,0,0
BVRE2YBW,26,0,0,0,0,0,1,0,0,10,2,0,0,0,0
C53GK511,26,1,0,0,0,0,1,0,0,10,0,0,0,1,0
C58O8852,26,1,0,0,0,0,1,0,0,10,0,0,1,0,0
C592W6P4,26,0,0,0,0,0,2,1,0,10,0,0,0,0,0
C593MYMC,26,0,0,0,0,0,1,2,0,10,0,0,0,0,0
C59CJHWX,26,0,0,0,0,0,2,1,0,10,0,0,0,0,0
C59NVNAM,26,0,0,0,0,0,1,2,0,10,0,0,0,0,0
C5A6QLTP,26,0,0,0,0,0,2,0,0,10,0,0,1,0,0
C5AL49IO,26,1,0,0,0,0,1,1,0,10,0,0,0,0,0
C5CY8PXV,26,1,0,0,0,0,1,1,0,10,0,0,0,0,0
C5ECFGYY,26,0,0,0,0,0,2,1,0,10,0,0,0,0,0
C5F1YT2B,26,1,0,0,0,0,1,1,0,10,0,0,0,0,0
C5FGU3B2,26,1,0,0,0,0,1,1,0,10,0,0,0,0,0
C5GGKS91,26,0,0,0,0,0,1,0,0,10,2,0,0,0,0
C5GMESJV,26,1,0,0,0,0,1,1,0,10,0,0,0,0,0
C5ITQ2VS,26,1,0,0,0,0,1,1,0,10,0,0,0,0,0
C5JOHEOL,26,0,0,0,0,0,2,1,0,10,0,0,0,0,0
C5KI2XXR,26,1,0,0,0,0,1,0,0,10,0,0,0,1,0
C5KNMMF4,26,1,0,0,0,0,1,1,0,10,0,0,0,0,0
C5KRI9PG,26,1,0,0,0,0,1,0,0,10,1,0,0,0,0
C5LA4TBO,26,1,0,0,0,0,1,0,0,10,1,0,0,0,0
C5LD3WK9,26,1,0,0,0,0,1,0,0,11,0,0,0,0,0
C5MT4YGP,26,1,0,0,0,0,1,0,0,10,0,0,0,1,0
C5MTGQW8,26,0,0,0,0,0,1,0,0,10,2,0,0,0,0
C5N2U9PR,26,0,0,0,0,0,2,1,0,10,0,0,0,0,0
C5NF6WZF,26,1,0,0,0,0,1,1,0,10,0,0,0,0,0
C5O5GECY,26,1,0,0,0,0,1,0,0,10,1,0,0,0,0
C5OP36ML,26,1,0,0,0,0,1,0,0,10,1,0,0,0,0
C5OZFNA5,26,0,0,0,0,0,2,0,0,10,0,0,0,1,0
C5P3NWCT,26,1,0,0,0,0,1,1,0,10,0,0,0,0,0
C5R7BN9V,26,1,0,0,0,0,1,0,0,10,1,0,0,0,0
C5TVLTJ2,26,1,0,0,0,1,1,0,0,10,0,0,0,0,0
C5UYV253,26,1,0,0,0,0,1,0,0,10,0,0,1,0,0
C5V31QN8,26,1,0,0,0,0,1,1,0,10,0,0,0,0,0
C5WHK4P7,26,1,0,0,0,0,1,0,0,10,0,0,1,0,0
C5YJS28A,26,1,0,0,0,0,1,0,0,11,0,0,0,0,0
C5YR1ANU,26,1,0,0,0,0,1,0,0,10,1,0,0,0,0
C5Z81ZAM,26,1,0,0,0,1,1,0,0,10,0,0,0,0,0
C5ZIZAFV,26,1,0,0,0,0,1,0,0,10,1,0,0,0,0
C5ZSUHJI,26,1,0,0,0,0,1,0,0,10,1,0,0,0,0
C614AACR,26,0,0,0,0,0,2,0,0,11,0,0,0,0,0
C626AB63,26,1,0,0,0,0,1,1,0,10,0,0,0,0,0
C62G9FOZ,26,0,0,0,0,0,1,0,0,10,2,0,0,0,0
C63PPGC4,26,1,0,0,0,0,1,0,0,10,0,0,1,0,0
C63V2CXE,26,0,0,0,0,0,2,0,0,10,1,0,0,0,0
C64DCTQ7,26,0,0,0,0,0,2,1,0,10,0,0,0,0,0
C64IHEL4,26,1,0,0,0,0,1,0,0,10,1,0,0,0,0
C64IVGMJ,26,0,0,0,0,0,1,0,0,10,0,0,0,2,0
C64ZBZER,26,1,0,0,0,0,1,1,0,10,0,0,0,0,0
C668F216,26,0,0,0,0,0,1,0,0,10,2,0,0,0,0
C66IA4AK,26,1,0,0,0,0,1,1,0,10,0,0,0,0,0
C67AESSY,26,1,0,0,1,0,1,0,0,10,0,0,0,0,0
C68EY5TO,26,1,0,0,0,0,1,0,0,10,0,0,1,0,0
C699UIAI,26,0,0,0,0,0,2,1,0,10,0,0,0,0,0
C69R6NRQ,26,1,0,0,0,0,1,0,0,10,1,0,0,0,0
C69VY7E3,26,0,0,0,0,0,2,0,0,11,0,0,0,0,0
C6AHLLJ4,26,1,0,0,1,0,1,0,0,10,0,0,0,0,0
C6ANELLA,26,1,0,0,0,0,1,1,0,10,0,0,0,0,0
C6BLTDDR,26,0,0,0,0,0,2,0,0,11,0,0,0,0,0
CM1LTG,26,0,0,0,0,0,2,0,0,10,1,0,0,0,0
D2DJ1N,26,1,0,0,0,0,1,0,0,10,1,0,0,0,0
D4KKQ,26,1,0,0,0,0,1,0,0,10,0,0,0,1,0
DGR6VV,26,1,0,0,0,0,1,1,0,10,0,0,0,0,0
DK33EO,26,1,0,0,0,1,1,0,0,10,0,0,0,0,0
EUVLW2,26,0,0,0,0,0,1,0,0,10,2,0,0,0,0
F8PBAU5A,26,0,0,0,0,0,1,0,0,10,2,0,0,0,0
F8QP54EG,26,1,0,0,0,0,1,1,0,10,0,0,0,0,0
F8V7GPLR,26,1,0,0,0,0,1,0,0,10,1,0,0,0,0
F8VMWC9D,26,1,0,0,0,0,1,0,0,10,1,0,0,0,0
F8VMXOE3,26,0,0,0,0,0,1,0,0,10,2,0,0,0,0
F8WB6LFD,26,0,0,0,0,0,2,0,0,10,1,0,0,0,0
F8XRLNZX,26,0,0,0,0,0,1,2,0,10,0,0,0,0,0
F8YANJST,26,1,0,0,0,1,1,0,0,10,0,0,0,0,0
F8YWHR79,26,0,0,0,0,0,1,0,0,10,2,0,0,0,0
F8YZJOPR,26,1,0,0,0,0,1,0,0,10,0,0,0,0,1
F8ZTEYNW,26,0,0,0,0,0,2,1,0,10,0,0,0,0,0
F91OXJ6S,26,0,0,0,0,0,2,0,0,10,1,0,0,0,0
F92I173I,26,0,0,0,0,0,1,0,0,10,2,0,0,0,0
F936PTDK,26,1,0,0,0,0,1,1,0,10,0,0,0,0,0
F93CM7XI,26,1,0,0,0,0,1,0,0,11,0,0,0,0,0
F94UUKM8,26,0,0,0,0,0,2,0,0,10,1,0,0,0,0
F94WFDWH,26,1,0,0,0,0,1,0,0,10,0,0,1,0,0
F959BNOM,26,1,0,0,0,0,1,1,0,10,0,0,0,0,0
F96NZLYL,26,1,0,0,0,0,1,0,0,10,0,0,1,0,0
F975ULSO,26,0,0,0,0,1,2,0,0,10,0,0,0,0,0
F977YT2R,26,1,0,0,0,0,1,0,0,10,0,0,1,0,0
F97EPNJA,26,0,0,0,0,0,2,0,0,10,0,0,0,1,0
F97Y89CK,26,0,0,0,0,0,2,1,0,10,0,0,0,0,0
F98C3AKF,26,0,0,0,0,0,2,1,0,10,0,0,0,0,0
F98JJM1C,26,1,0,0,0,0,1,0,0,11,0,0,0,0,0
F99EAD5D,26,1,0,0,0,0,1,0,0,10,0,0,0,1,0
F99OZJHY,26,0,0,0,0,0,2,1,0,10,0,0,0,0,0
F9ADXQSU,26,0,0,0,0,0,2,0,0,10,1,0,0,0,0
F9AJESWN,26,0,0,0,0,0,2,0,0,10,0,0,0,1,0
F9AKZCY7,26,0,0,0,0,0,2,0,0,10,1,0,0,0,0
F9C7GOG5,26,0,0,0,0,0,2,0,0,11,0,0,0,0,0
F9CIW62O,26,1,0,0,0,0,1,0,0,11,0,0,0,0,0
F9EOO7JR,26,1,0,0,0,0,1,0,0,10,1,0,0,0,0
F9FUECPS,26,0,0,0,0,0,2,0,0,11,0,0,0,0,0
F9GBJWO1,26,1,0,0,0,0,1,1,0,10,0,0,0,0,0
F9GD6XUX,26,0,0,0,0,0,2,1,0,10,0,0,0,0,0
F9GLWGJC,26,0,0,0,0,0,1,2,0,10,0,0,0,0,0
F9H4QU7C,26,0,0,0,0,0,2,0,0,10,1,0,0,0,0
FUIVQX,26,1,0,0,1,0,1,0,0,10,0,0,0,0,0
GETUVF,26,1,0,0,0,0,1,0,0,10,0,0,0,1,0
HA8JJ,26,1,0,0,0,0,1,0,0,10,0,0,0,1,0
KBNQLZBV,26,0,0,0,0,0,2,1,0,10,0,0,0,0,0
KBNW46UB,26,1,0,0,0,0,1,0,0,10,1,0,0,0,0
KBPMDTQH,26,1,0,0,0,0,1,1,0,10,0,0,0,0,0
KBQJZNDR,26,0,0,0,0,0,2,0,0,10,0,0,0,1,0
KBQTJQXH,26,1,0,0,0,0,1,0,0,10,1,0,0,0,0
KBQXHEVP,26,1,0,0,0,0,1,0,0,10,0,0,0,0,1
KBRKGEKI,26,1,0,0,0,0,1,0,0,10,1,0,0,0,0
KBS223N9,26,0,0,0,0,0,2,0,0,10,0,0,0,1,0
LQKWQV,26,1,0,0,1,0,1,0,0,10,0,0,0,0,0
RUBGKH4F,26,0,0,0,0,0,2,0,0,10,0,0,0,1,0
RUBT7ACP,26,1,0,0,0,0,1,0,0,10,0,0,0,1,0
RUC53JKF,26,0,0,0,0,0,1,2,0,10,0,0,0,0,0
RUCG51U2,26,1,0,0,0,0,1,0,0,10,0,0,0,1,0
RUDAUQGS,26,0,0,0,0,0,2,0,0,10,0,0,0,1,0
RUDHZVFQ,26,0,0,0,0,0,2,1,0,10,0,0,0,0,0
RUDMOI5K,26,1,0,0,0,0,1,0,0,10,1,0,0,0,0
RUDNY9HK,26,0,0,0,0,0,2,1,0,10,0,0,0,0,0
RUECX9IX,26,1,0,0,0,0,1,0,0,11,0,0,0,0,0
RUGL72J6,26,1,0,0,0,0,1,0,0,10,1,0,0,0,0
RUGR7CJM,26,1,0,0,1,0,1,0,0,10,0,0,0,0,0
RUHLACXL,26,1,0,0,0,0,1,0,0,11,0,0,0,0,0
RUHXSI5M,26,1,0,0,0,0,1,0,0,10,1,0,0,0,0
RUKYB1KL,26,1,0,0,1,0,1,0,0,10,0,0,0,0,0
RUMC3FOT,26,0,0,0,0,0,1,2,0,10,0,0,0,0,0
RUN27JEF,26,1,0,0,1,0,1,0,0,10,0,0,0,0,0
RUOI2BXN,26,1,0,0,0,0,1,1,0,10,0,0,0,0,0
RUP8JLL7,26,1,0,0,0,0,1,0,0,10,0,0,1,0,0
RUPUXJ4V,26,0,0,0,0,0,2,0,0,10,1,0,0,0,0
RUQJRMYK,26,0,0,0,0,0,2,0,0,11,0,0,0,0,0
RURK2CWI,26,1,0,0,1,0,1,0,0,10,0,0,0,0,0
RUS9WI5M,26,1,0,0,0,0,1,1,0,10,0,0,0,0,0
RUST8JI9,26,1,0,0,0,0,1,0,0,11,0,0,0,0,0
RUSUP77A,26,1,0,0,0,0,1,1,0,10,0,0,0,0,0
RUUF7B6N,26,0,0,0,0,0,2,1,0,10,0,0,0,0,0
RUUHXDUS,26,0,0,0,0,0,2,0,0,10,1,0,0,0,0
RUVFSV28,26,1,0,0,0,0,1,1,0,10,0,0,0,0,0
RUW4WMFQ,26,1,0,0,0,0,1,1,0,10,0,0,0,0,0
WR97P,26,1,0,0,0,0,1,0,0,10,0,0,0,1,0
ZRVS7ERL,26,0,0,0,0,0,2,0,0,10,0,0,0,1,0
ZRVU8UYX,26,1,0,0,0,0,1,0,0,10,1,0,0,0,0
ZRWKGKS5,26,1,0,0,0,0,1,0,0,10,0,0,0,1,0
ZRWKYLI1,26,1,0,0,0,0,1,0,0,10,1,0,0,0,0
ZRX2DORH,26,3,0,0,0,0,1,0,0,10,0,0,0,0,0
ZRY1E3ZB,26,0,0,0,0,0,2,0,0,10,1,0,0,0,0
1D2LPJ,25,0,0,0,0,0,1,0,0,10,1,0,0,0,0
1DLMNA,25,0,0,0,0,0,1,0,0,11,0,0,0,0,0
1E9AF6,25,0,0,0,0,0,1,1,0,10,0,0,0,0,0
1UJBV8,25,0,0,0,0,0,1,0,0,10,0,0,1,0,0
29BAZ6,25,0,0,0,0,0,1,0,0,10,1,0,0,0,0
2DSNTB,25,0,0,0,0,0,1,1,0,10,0,0,0,0,0
2FCZZQ,25,0,0,0,0,0,1,0,0,10,0,0,1,0,0
2VH2W,25,0,0,0,0,0,1,1,0,10,0,0,0,0,0
31TYLD,25,0,0,0,0,0,1,1,0,10,0,0,0,0,0
35VJSD,25,0,0,0,0,0,1,1,0,10,0,0,0,0,0
36ZFX1,25,0,0,0,0,0,1,0,0,10,1,0,0,0,0
3G8WN,25,0,0,0,0,0,1,0,0,10,1,0,0,0,0
3HO3UK,25,0,0,0,0,0,1,0,0,10,0,0,0,1,0
3YHV5Y,25,0,0,0,0,0,1,0,0,11,0,0,0,0,0
4APM6K,25,0,0,0,0,0,1,1,0,10,0,0,0,0,0
4GCJ6O,25,0,0,0,0,1,1,0,0,10,0,0,0,0,0
4GU146,25,0,0,0,0,0,1,1,0,10,0,0,0,0,0
4U5THZ,25,0,0,0,0,0,1,0,0,11,0,0,0,0,0
59EX7I,25,0,0,0,0,0,1,1,0,10,0,0,0,0,0
5AJJL,25,0,0,0,0,0,1,1,0,10,0,0,0,0,0
5CWI3G,25,0,0,0,0,0,1,0,0,10,0,0,1,0,0
61T29N,25,0,0,0,0,1,1,0,0,10,0,0,0,0,0
63HGUM,25,0,0,0,0,0,1,1,0,10,0,0,0,0,0
698RO4,25,0,0,0,0,0,1,1,0,10,0,0,0,0,0
69EQKE,25,0,0,0,0,0,1,0,0,11,0,0,0,0,0
6CD9I4,25,0,0,0,0,0,1,0,0,10,0,0,0,1,0
6LULV5,25,0,0,0,0,1,1,0,0,10,0,0,0,0,0
6PCLH5,25,0,0,0,0,0,1,1,0,10,0,0,0,0,0
6SLPOF,25,0,0,0,1,0,1,0,0,10,0,0,0,0,0
6X6ID4,25,0,0,0,0,0,1,0,0,10,1,0,0,0,0
6Y4VJ,25,0,0,0,0,0,1,0,0,10,1,0,0,0,0
7323P1,25,0,0,0,0,0,1,1,0,10,0,0,0,0,0
78A6IU,25,0,0,0,0,0,1,0,0,10,0,0,0,1,0
79F5AX,25,0,0,0,0,0,1,1,0,10,0,0,0,0,0
7ARY5I,25,0,0,0,0,0,1,1,0,10,0,0,0,0,0
7IJPHW,25,0,0,0,0,0,1,0,0,10,1,0,0,0,0
7O1X76,25,0,0,0,0,0,1,1,0,10,0,0,0,0,0
7Q3ME1,25,0,0,0,0,0,1,0,0,10,0,0,0,1,0
7Y5XW4,25,0,0,0,0,0,1,1,0,10,0,0,0,0,0
7Y7M4B,25,0,0,0,0,0,1,0,0,10,1,0,0,0,0
86KI46,25,0,0,0,0,0,1,0,0,10,1,0,0,0,0
8ALID5,25,0,0,0,0,0,1,0,0,10,1,0,0,0,0
8EF9PR,25,0,0,0,0,0,1,1,0,10,0,0,0,0,0
8LFRWS,25,0,0,0,0,1,1,0,0,10,0,0,0,0,0
8LWS22,25,0,0,0,1,0,1,0,0,10,0,0,0,0,0
8YE4E5,25,0,0,0,0,0,1,0,0,10,1,0,0,0,0
96AQ1V,25,0,0,0,0,0,1,0,0,10,1,0,0,0,0
96R5E2,25,0,0,0,0,0,1,0,0,11,0,0,0,0,0
99BTC3,25,0,0,0,0,0,1,0,0,10,0,0,1,0,0
9BZ3E6,25,0,0,0,0,0,1,1,0,10,0,0,0,0,0
9WBY8L,25,0,0,0,0,0,1,0,0,10,0,0,1,0,0
AEQP4P,25,0,0,0,0,0,1,0,0,10,0,0,0,1,0
ALHII5,25,0,0,0,0,1,1,0,0,10,0,0,0,0,0
AMHSZG,25,0,0,0,0,0,1,0,0,10,0,0,0,1,0
AQJHH7,25,0,0,0,0,0,1,1,0,10,0,0,0,0,0
AS4UH7,25,0,0,0,0,0,1,0,0,10,0,0,0,1,0
AXXGB1,25,1,0,0,0,0,2,0,0,10,0,0,0,0,0
B43SKM,25,0,0,0,0,0,1,1,0,10,0,0,0,0,0
B4ZUOJ,25,0,0,0,0,0,1,0,0,10,0,0,1,0,0
B56I2P,25,0,0,0,0,0,1,0,0,11,0,0,0,0,0
B6XVLC,25,0,0,0,0,1,1,0,0,10,0,0,0,0,0
B8J5DL,25,0,0,0,0,0,1,1,0,10,0,0,0,0,0
BADDAY,25,0,0,0,0,0,1,1,0,10,0,0,0,0,0
BOQ5P9,25,0,0,0,0,0,1,1,0,10,0,0,0,0,0
BPHLL2,25,0,0,0,0,0,1,0,0,11,0,0,0,0,0
BVR6PDNM,25,0,0,0,0,0,1,0,0,10,0,0,1,0,0
BVRCZLTR,25,0,0,0,0,0,1,1,0,10,0,0,0,0,0
C3MOJG,25,0,0,0,0,0,1,0,0,10,0,0,1,0,0
C4T7C4,25,0,0,0,0,0,1,0,0,10,0,0,0,1,0
C53HWWXP,25,0,0,0,0,0,1,1,0,10,0,0,0,0,0
C54CVY8F,25,0,0,0,0,0,1,0,0,10,1,0,0,0,0
C54HM393,25,0,0,0,0,0,1,1,0,10,0,0,0,0,0
C54LF4SX,25,0,0,0,0,0,1,1,0,10,0,0,0,0,0
C54XB144,25,0,0,0,0,1,1,0,0,10,0,0,0,0,0
C54YB6TG,25,0,0,0,0,0,1,0,0,10,0,0,0,0,1
C54YIUI8,25,0,0,0,0,0,1,0,0,11,0,0,0,0,0
C553MILC,25,0,0,0,0,0,1,1,0,10,0,0,0,0,0
C556D3ZG,25,0,0,0,0,1,1,0,0,10,0,0,0,0,0
C55FWOVV,25,0,0,0,0,0,1,0,0,10,0,0,0,1,0
C55MW3LN,25,0,0,0,0,0,1,0,0,10,0,0,0,1,0
C55WAQRZ,25,0,0,0,0,0,1,1,0,10,0,0,0,0,0
C56B1VLU,25,0,0,0,0,0,1,0,0,11,0,0,0,0,0
C56D5FYC,25,0,0,0,0,0,1,0,0,11,0,0,0,0,0
C56G4K46,25,0,0,0,0,0,1,0,0,10,1,0,0,0,0
C56HZZYZ,25,0,0,0,0,0,1,1,0,10,0,0,0,0,0
C571DLLL,25,0,0,0,0,0,1,0,0,11,0,0,0,0,0
C576YXSC,25,0,0,0,0,0,1,1,0,10,0,0,0,0,0
C57B9QY6,25,0,0,0,0,0,1,1,0,10,0,0,0,0,0
C57FED62,25,0,0,0,0,0,1,0,0,10,1,0,0,0,0
C57URMS3,25,0,0,0,0,0,1,0,0,10,0,0,1,0,0
C57UVPQG,25,0,0,0,0,0,1,1,0,10,0,0,0,0,0
C57VD4HR,25,0,0,0,0,0,1,1,0,10,0,0,0,0,0
C57VISXI,25,0,0,0,0,0,1,1,0,10,0,0,0,0,0
C57XDBJD,25,0,0,0,1,0,1,0,0,10,0,0,0,0,0
C57ZO59Q,25,0,0,0,0,0,1,0,0,11,0,0,0,0,0
C588UXR4,25,0,0,0,1,0,1,0,0,10,0,0,0,0,0
C58KHH5E,25,0,0,0,0,0,1,1,0,10,0,0,0,0,0
C58LCCCW,25,0,0,0,0,0,1,0,0,11,0,0,0,0,0
C58NNLG3,25,0,0,0,0,1,1,0,0,10,0,0,0,0,0
C58NYTN9,25,0,0,0,0,0,1,0,0,11,0,0,0,0,0
C58Q1QD1,25,0,0,0,0,0,1,0,0,10,0,0,0,0,1
C58TFCWH,25,0,0,0,0,0,1,0,0,10,0,0,0,1,0
C58WODCE,25,0,0,0,0,0,1,1,0,10,0,0,0,0,0
C58X58QT,25,0,0,0,0,1,1,0,0,10,0,0,0,0,0
C592R4V4,25,0,0,0,0,0,1,1,0,10,0,0,0,0,0
C593Q1CK,25,0,0,0,1,0,1,0,0,10,0,0,0,0,0
C595R6OC,25,0,0,0,0,1,1,0,0,10,0,0,0,0,0
C59FJMMP,25,0,0,0,1,0,1,0,0,10,0,0,0,0,0
C59J5GPA,25,0,0,0,0,0,1,0,0,10,0,0,1,0,0
C59VGXDB,25,0,0,0,0,0,1,0,0,10,1,0,0,0,0
C5A2HK5C,25,0,0,0,0,0,1,0,0,10,0,0,1,0,0
C5AIGYP7,25,0,0,0,0,0,1,0,0,10,1,0,0,0,0
C5ARGYF5,25,0,0,0,0,0,1,0,0,10,0,0,0,1,0
C5ARRFN8,25,0,0,0,0,0,1,0,0,11,0,0,0,0,0
C5AS3QIW,25,0,0,0,0,0,1,1,0,10,0,0,0,0,0
C5AZAIAX,25,0,0,0,0,0,1,0,0,10,0,0,1,0,0
C5B4AOOB,25,0,0,0,1,0,1,0,0,10,0,0,0,0,0
C5B5WCAB,25,0,0,0,0,1,1,0,0,10,0,0,0,0,0
C5BASO1R,25,0,0,0,0,0,1,0,0,10,1,0,0,0,0
C5BKSCGQ,25,0,0,0,0,0,1,0,0,11,0,0,0,0,0
C5BLLSTX,25,0,0,0,0,0,1,0,0,11,0,0,0,0,0
C5BPUL2V,25,0,0,0,0,0,1,0,0,11,0,0,0,0,0
C5BR3V12,25,0,0,0,0,0,1,0,0,11,0,0,0,0,0
C5BR9TRZ,25,0,0,0,0,0,1,1,0,10,0,0,0,0,0
C5BST1IY,25,0,0,0,0,0,1,1,0,10,0,0,0,0,0
C5BV3XC8,25,0,0,0,0,0,1,0,0,10,0,0,0,1,0
C5BZ7IFL,25,0,0,0,0,0,1,1,0,10,0,0,0,0,0
C5C482NW,25,0,0,0,0,0,1,0,0,10,1,0,0,0,0
C5C7DMEP,25,0,0,0,0,0,1,0,0,11,0,0,0,0,0
C5C7FBJ4,25,2,0,0,0,0,1,0,0,10,0,0,0,0,0
C5CBEUQK,25,0,0,0,0,0,1,0,0,11,0,0,0,0,0
C5CDBB3B,25,0,0,0,0,1,1,0,0,10,0,0,0,0,0
C5CSGE28,25,0,0,0,0,0,1,0,0,10,0,0,1,0,0
C5CT71AF,25,0,0,0,0,0,1,0,0,10,0,0,0,1,0
C5CYVZC8,25,0,0,0,1,0,1,0,0,10,0,0,0,0,0
C5DF7XIC,25,0,0,0,0,0,1,0,0,10,0,0,0,1,0
C5DMEIF1,25,0,0,0,0,0,1,1,0,10,0,0,0,0,0
C5E7DDJO,25,0,0,0,0,0,1,0,0,10,1,0,0,0,0
C5E7L5EE,25,0,0,0,0,0,1,1,0,10,0,0,0,0,0
C5EBXK4L,25,0,0,0,0,0,1,0,0,10,1,0,0,0,0
C5EDRT71,25,0,0,0,0,0,1,0,0,11,0,0,0,0,0
C5EL89WJ,25,0,0,0,0,0,1,0,0,10,1,0,0,0,0
C5ELYCLA,25,0,0,0,0,0,1,0,0,10,0,0,0,1,0
C5ERBPYP,25,0,0,0,1,0,1,0,0,10,0,0,0,0,0
C5ETJISH,25,0,0,0,0,0,1,1,0,10,0,0,0,0,0
C5F6FTUG,25,0,0,0,0,0,1,0,0,10,1,0,0,0,0
C5F9LD2B,25,0,0,0,0,0,1,1,0,10,0,0,0,0,0
C5FF8VPN,25,0,0,0,0,1,1,0,0,10,0,0,0,0,0
C5FLCAM2,25,0,0,0,0,0,1,0,0,11,0,0,0,0,0
C5FMWSOZ,25,0,0,0,1,0,1,0,0,10,0,0,0,0,0
C5G6J8JN,25,0,0,0,0,0,1,1,0,10,0,0,0,0,0
C5GR6Q2V,25,0,0,0,0,1,1,0,0,10,0,0,0,0,0
C5GVXHEP,25,0,0,0,0,0,1,0,0,11,0,0,0,0,0
C5H8TOPX,25,0,0,0,0,0,1,0,0,10,1,0,0,0,0
C5HPLMCZ,25,0,0,0,0,0,1,0,0,10,1,0,0,0,0
C5HTXH28,25,0,0,0,0,0,1,0,0,10,0,0,1,0,0
C5HWAVEO,25,0,0,0,0,0,1,1,0,10,0,0,0,0,0
C5I5POTQ,25,0,0,0,0,0,1,0,0,10,0,0,0,1,0
C5IF1WKL,25,0,0,0,0,0,1,1,0,10,0,0,0,0,0
C5IITOVM,25,0,0,0,0,0,1,0,0,10,1,0,0,0,0
C5IXVFTR,25,0,0,0,0,0,1,0,0,10,0,0,0,1,0
C5J4KF81,25,0,0,0,0,0,1,1,0,10,0,0,0,0,0
C5J4X2RS,25,0,0,0,0,1,1,0,0,10,0,0,0,0,0
C5JCFP57,25,0,0,0,0,0,1,0,0,11,0,0,0,0,0
C5JE3JGO,25,0,0,0,0,0,1,1,0,10,0,0,0,0,0
C5JE7ES1,25,0,0,0,0,0,1,0,0,11,0,0,0,0,0
C5JFNIJ3,25,0,0,0,0,0,1,1,0,10,0,0,0,0,0
C5JHQXCJ,25,0,0,0,0,0,1,0,0,10,0,0,0,1,0
C5JKS9UR,25,0,0,0,0,0,1,0,0,10,1,0,0,0,0
C5JOANZT,25,0,0,0,0,0,1,0,0,10,1,0,0,0,0
C5JRYY46,25,0,0,0,0,0,1,0,0,11,0,0,0,0,0
C5K86JQH,25,0,0,0,0,0,1,1,0,10,0,0,0,0,0
C5K8XLDB,25,0,0,0,0,0,1,0,0,10,1,0,0,0,0
C5KA58HQ,25,0,0,0,0,0,1,1,0,10,0,0,0,0,0
C5KC6L3S,25,0,0,0,0,0,1,0,0,10,0,0,0,0,1
C5KEBNHK,25,0,0,0,0,0,1,0,0,11,0,0,0,0,0
C5KF63OL,25,0,0,0,0,0,1,1,0,10,0,0,0,0,0
C5KI6WI2,25,0,0,0,0,0,1,0,0,10,1,0,0,0,0
C5KMW65E,25,0,0,0,0,0,1,0,0,11,0,0,0,0,0
C5LN54GM,25,0,0,0,0,1,1,0,0,10,0,0,0,0,0
C5LP5SFG,25,0,0,0,0,0,1,1,0,10,0,0,0,0,0
C5LW4HF1,25,0,0,0,0,0,1,0,0,10,1,0,0,0,0
C5LWLCSI,25,0,0,0,0,0,1,0,0,11,0,0,0,0,0
C5M274JP,25,0,0,0,0,0,1,0,0,10,1,0,0,0,0
C5M4FTQT,25,0,0,0,0,0,1,0,0,11,0,0,0,0,0
C5MG7PZ5,25,0,0,0,0,0,1,1,0,10,0,0,0,0,0
C5MQEB5J,25,0,0,0,0,0,1,1,0,10,0,0,0,0,0
C5MW1FVW,25,0,0,0,0,0,1,1,0,10,0,0,0,0,0
C5MZE4BQ,25,0,0,0,0,0,1,0,0,11,0,0,0,0,0
C5N4I8JC,25,0,0,0,0,0,1,0,0,11,0,0,0,0,0
C5NB48KW,25,0,0,0,0,0,1,0,0,10,0,0,0,1,0
C5NJVXHD,25,0,0,0,0,0,1,0,0,11,0,0,0,0,0
C5NQQUOI,25,0,0,0,0,0,1,1,0,10,0,0,0,0,0
C5OAHW2N,25,0,0,0,0,0,1,1,0,10,0,0,0,0,0
C5OB9CYB,25,0,0,0,0,0,1,1,0,10,0,0,0,0,0
C5ODLUMO,25,0,0,0,1,0,1,0,0,10,0,0,0,0,0
C5OFKTTB,25,0,0,0,0,0,1,0,0,11,0,0,0,0,0
C5OSI3CN,25,0,0,0,0,0,1,1,0,10,0,0,0,0,0
C5OZ7DXX,25,0,0,0,0,0,1,1,0,10,0,0,0,0,0
C5P7OIMU,25,0,0,0,0,0,1,1,0,10,0,0,0,0,0
C5PBV1H5,25,0,0,0,0,0,1,0,0,11,0,0,0,0,0
C5PV6IJV,25,0,0,0,0,0,1,0,0,11,0,0,0,0,0
C5PW6ZQ4,25,0,0,0,0,0,1,0,0,10,0,0,0,1,0
C5Q2EXIO,25,0,0,0,0,0,1,0,0,11,0,0,0,0,0
C5Q3B2ZN,25,0,0,0,0,0,1,0,0,10,1,0,0,0,0
C5QEI5TC,25,0,0,0,0,0,1,1,0,10,0,0,0,0,0
C5R832P6,25,0,0,0,1,0,1,0,0,10,0,0,0,0,0
C5RF2ZXK,25,0,0,0,0,0,1,1,0,10,0,0,0,0,0
C5RJ2EEW,25,0,0,0,0,0,1,0,0,10,1,0,0,0,0
C5RL4G58,25,0,0,0,0,0,1,0,0,11,0,0,0,0,0
C5RMDFAG,25,0,0,0,0,0,1,0,0,10,0,0,1,0,0
C5RVPV6X,25,0,0,0,0,0,1,1,0,10,0,0,0,0,0
C5RYLAAX,25,0,0,0,0,0,1,0,0,10,1,0,0,0,0
C5S2M5H9,25,0,0,0,0,0,1,0,0,10,1,0,0,0,0
C5S76GY3,25,0,0,0,0,0,1,1,0,10,0,0,0,0,0
C5SLAPMM,25,0,0,0,0,0,1,0,0,10,1,0,0,0,0
C5SLK8JY,25,0,0,0,0,0,1,1,0,10,0,0,0,0,0
C5T7EW4U,25,0,0,0,0,0,1,0,0,10,1,0,0,0,0
C5TPNVVI,25,0,0,0,0,0,1,1,0,10,0,0,0,0,0
C5TV4MK4,25,0,0,0,0,0,1,0,0,10,1,0,0,0,0
C5TZSHJU,25,0,0,0,0,1,1,0,0,10,0,0,0,0,0
C5U84CET,25,0,0,0,0,0,1,0,0,10,0,0,0,1,0
C5UFXROU,25,0,0,0,0,0,1,0,0,11,0,0,0,0,0
C5UL9HZ6,25,0,0,0,0,0,1,1,0,10,0,0,0,0,0
C5UNWZ1H,25,0,0,0,0,0,1,1,0,10,0,0,0,0,0
C5V7VQ2T,25,0,0,0,0,0,1,0,0,10,0,0,0,1,0
C5VTOA76,25,0,0,0,0,0,1,0,0,10,1,0,0,0,0
C5WGAPZM,25,0,0,0,0,0,1,1,0,10,0,0,0,0,0
C5WO7BGB,25,0,0,0,0,0,1,1,0,10,0,0,0,0,0
C5WSCNGC,25,0,0,0,0,0,1,0,0,11,0,0,0,0,0
C5WW1SI6,25,0,0,0,1,0,1,0,0,10,0,0,0,0,0
C5WYP4VE,25,0,0,0,0,0,1,0,0,10,1,0,0,0,0
C5X3MXQG,25,0,0,0,0,0,1,1,0,10,0,0,0,0,0
C5X9MWJY,25,0,0,0,0,0,1,0,0,11,0,0,0,0,0
C5XDFAZF,25,0,0,0,0,0,1,0,0,11,0,0,0,0,0
C5XR84OW,25,0,0,0,0,0,1,1,0,10,0,0,0,0,0
C5XXVYHF,25,0,0,0,0,0,1,0,0,11,0,0,0,0,0
C5Y5PT71,25,0,0,0,0,0,1,0,0,10,1,0,0,0,0
C5YBENC8,25,0,0,0,0,0,1,0,0,10,0,0,0,1,0
C5YO7VCZ,25,0,0,0,0,0,1,1,0,10,0,0,0,0,0
C5YYQNNE,25,0,0,0,0,0,1,1,0,10,0,0,0,0,0
C5Z3N3IU,25,0,0,0,0,0,1,1,0,10,0,0,0,0,0
C5ZJAKSM,25,0,0,0,0,0,1,1,0,10,0,0,0,0,0
C619RMBB,25,0,0,0,0,0,1,0,0,10,1,0,0,0,0
C61BGNFI,25,0,0,0,0,0,1,1,0,10,0,0,0,0,0
C61FRPRZ,25,0,0,0,0,0,1,0,0,10,1,0,0,0,0
C61IWC6N,25,0,0,0,0,0,1,0,0,10,1,0,0,0,0
C61JTTBJ,25,0,0,0,0,0,1,0,0,10,1,0,0,0,0
C61VHJHG,25,0,0,0,0,0,1,0,0,11,0,0,0,0,0
C625CI7Q,25,0,0,0,0,0,1,0,0,10,0,0,0,1,0
C62B9DJW,25,0,0,0,0,0,1,1,0,10,0,0,0,0,0
C62CO4NY,25,0,0,0,0,0,1,0,0,10,0,0,0,1,0
C62KC55S,25,0,0,0,0,0,1,0,0,10,0,0,0,1,0
C62NZRS2,25,0,0,0,0,0,1,1,0,10,0,0,0,0,0
C62OPDYW,25,0,0,0,0,0,1,0,0,11,0,0,0,0,0
C62VK1A2,25,0,0,0,0,0,1,0,0,10,1,0,0,0,0
C63CYX8M,25,0,0,0,0,0,1,1,0,10,0,0,0,0,0
C63EAQXA,25,0,0,0,0,0,1,0,0,10,1,0,0,0,0
C63GV8B3,25,0,0,0,0,0,1,0,0,10,1,0,0,0,0
C63N8TSL,25,0,0,0,0,0,1,0,0,10,1,0,0,0,0
C63OKG1O,25,0,0,0,0,0,1,0,0,11,0,0,0,0,0
C63WTZSQ,25,0,0,0,0,0,1,1,0,10,0,0,0,0,0
C63XKXEP,25,0,0,0,0,0,1,1,0,10,0,0,0,0,0
C63ZQH8E,25,0,0,0,0,1,1,0,0,10,0,0,0,0,0
C648F4NG,25,0,0,0,0,0,1,1,0,10,0,0,0,0,0
C64S8UDF,25,0,0,0,0,0,1,0,0,10,1,0,0,0,0
C64TABJA,25,0,0,0,1,0,1,0,0,10,0,0,0,0,0
C65HEERV,25,0,0,0,0,1,1,0,0,10,0,0,0,0,0
C65J6W9I,25,0,0,0,1,0,1,0,0,10,0,0,0,0,0
C65SF498,25,0,0,0,0,0,1,0,0,11,0,0,0,0,0
C65VPBPO,25,0,0,0,0,0,1,0,0,11,0,0,0,0,0
C6613CI5,25,0,0,0,0,0,1,0,0,10,0,0,0,1,0
C665IWVA,25,0,0,0,0,0,1,0,0,10,0,0,1,0,0
C665XARI,25,0,0,0,0,0,1,1,0,10,0,0,0,0,0
C66CLM5C,25,0,0,0,0,0,1,1,0,10,0,0,0,0,0
C66HOC6K,25,0,0,0,0,0,1,0,0,11,0,0,0,0,0
C66JTJOD,25,0,0,0,0,0,1,0,0,11,0,0,0,0,0
C673IJX1,25,0,0,0,0,0,1,0,0,11,0,0,0,0,0
C674T2B4,25,0,0,0,0,1,1,0,0,10,0,0,0,0,0
C678M9CB,25,0,0,0,0,0,1,1,0,10,0,0,0,0,0
C67RNHMK,25,0,0,0,0,0,1,1,0,10,0,0,0,0,0
C67S3S1A,25,0,0,0,0,0,1,0,0,10,1,0,0,0,0
C67YKWQV,25,0,0,0,0,0,1,0,0,11,0,0,0,0,0
C67ZBPAN,25,0,0,0,0,0,1,1,0,10,0,0,0,0,0
C689GRUW,25,0,0,0,0,0,1,1,0,10,0,0,0,0,0
C689PLY3,25,0,0,0,0,0,1,0,0,10,1,0,0,0,0
C68GSFCY,25,0,0,0,0,0,1,0,0,10,0,0,1,0,0
C68HHYMG,25,0,0,0,1,0,1,0,0,10,0,0,0,0,0
C68KFTQK,25,0,0,0,0,0,1,0,0,10,0,0,0,1,0
C696HEES,25,0,0,0,0,0,1,0,0,10,0,0,1,0,0
C6975DPM,25,0,0,0,0,0,1,1,0,10,0,0,0,0,0
C69F3MAR,25,0,0,0,0,0,1,0,0,10,1,0,0,0,0
C69FSV73,25,0,0,0,0,0,1,0,0,10,1,0,0,0,0
C69SR195,25,0,0,0,0,0,1,1,0,10,0,0,0,0,0
C69SSPGS,25,0,0,0,0,0,1,0,0,10,1,0,0,0,0
C6ABVPEF,25,0,0,0,0,0,1,1,0,10,0,0,0,0,0
C6AGQB7L,25,0,0,0,0,0,1,1,0,10,0,0,0,0,0
C6AQ9GY5,25,0,0,0,0,0,1,0,0,11,0,0,0,0,0
C6ATYYU8,25,0,0,0,0,0,1,1,0,10,0,0,0,0,0
C6AYE6IM,25,0,0,0,0,0,1,0,0,10,0,0,1,0,0
C6B46C9T,25,0,0,0,0,0,1,1,0,10,0,0,0,0,0
C6B8Y94O,25,0,0,0,0,0,1,0,0,11,0,0,0,0,0
C6BP8NK6,25,0,0,0,0,0,1,0,0,10,1,0,0,0,0
C6BQ2T9A,25,0,0,0,0,0,1,0,0,10,1,0,0,0,0
C6BSK3PQ,25,0,0,0,0,0,1,0,0,11,0,0,0,0,0
C6BW5XP9,25,0,0,0,0,0,1,0,0,10,1,0,0,0,0
C6C6OIIE,25,0,0,0,0,0,1,1,0,10,0,0,0,0,0
C6CCAB83,25,0,0,0,0,0,1,0,0,10,0,0,0,1,0
C6CGP57P,25,0,0,0,0,0,1,0,0,11,0,0,0,0,0
C6CHATQY,25,0,0,0,0,0,1,1,0,10,0,0,0,0,0
C6CKK4BC,25,0,0,0,0,0,1,1,0,10,0,0,0,0,0
C6CS4G2X,25,0,0,0,0,0,1,0,0,10,0,0,0,0,1
C6CT9I8C,25,0,0,0,0,0,1,1,0,10,0,0,0,0,0
C6D3N356,25,0,0,0,0,0,1,0,0,10,1,0,0,0,0
C786PS,25,0,0,0,0,0,1,0,0,11,0,0,0,0,0
CBJNII,25,0,0,0,0,0,1,0,0,10,1,0,0,0,0
CK5ST4,25,0,0,0,0,0,1,0,0,10,0,0,1,0,0
D8BFYO,25,0,0,0,0,0,1,0,0,10,1,0,0,0,0
DCZTXD,25,0,0,0,0,0,1,0,0,10,0,0,0,1,0
DDB5BL,25,0,0,0,0,0,1,0,0,10,0,0,0,1,0
DNKADY,25,0,0,0,0,0,1,1,0,10,0,0,0,0,0
DSQHPJ,25,0,0,0,0,0,1,1,0,10,0,0,0,0,0
DT4UOP,25,0,0,0,0,0,1,0,0,10,1,0,0,0,0
E7FW3M,25,0,0,0,0,0,1,1,0,10,0,0,0,0,0
EDRDG9,25,0,0,0,0,0,1,1,0,10,0,0,0,0,0
EJLM85,25,0,0,0,0,0,1,0,0,11,0,0,0,0,0
F8OS1EVL,25,0,0,0,0,0,1,0,0,10,1,0,0,0,0
F8OUC9FA,25,0,0,0,0,0,1,0,0,10,1,0,0,0,0
F8P12I2V,25,0,0,0,0,0,1,1,0,10,0,0,0,0,0
F8P1TIFH,25,0,0,0,0,0,1,0,0,10,1,0,0,0,0
F8P832RN,25,0,0,0,0,0,1,0,0,10,1,0,0,0,0
F8PB63GE,25,0,0,0,0,0,1,1,0,10,0,0,0,0,0
F8PIBO6O,25,0,0,0,0,0,1,1,0,10,0,0,0,0,0
F8PNAVSR,25,0,0,0,0,0,1,0,0,10,1,0,0,0,0
F8PTKZN7,25,0,0,0,0,0,1,0,0,11,0,0,0,0,0
F8QN47AJ,25,0,0,0,0,0,1,0,0,10,1,0,0,0,0
F8QOWEAX,25,0,0,0,0,0,1,0,0,10,0,0,1,0,0
F8QR8MOW,25,0,0,0,0,0,1,0,0,11,0,0,0,0,0
F8QY1S81,25,0,0,0,0,1,1,0,0,10,0,0,0,0,0
F8REWGRW,25,0,0,0,0,0,1,0,0,10,0,0,1,0,0
F8RNP1QN,25,0,0,0,0,0,1,0,0,10,0,0,0,1,0
F8RNXYEP,25,0,0,0,0,0,1,0,0,10,0,0,0,1,0
F8RW9WCC,25,0,0,0,0,0,1,1,0,10,0,0,0,0,0
F8RZ19IA,25,0,0,0,0,0,1,0,0,10,1,0,0,0,0
F8SASS96,25,0,0,0,0,0,1,1,0,10,0,0,0,0,0
F8SX9J76,25,0,0,0,0,0,1,0,0,10,1,0,0,0,0
F8TAV6GL,25,0,0,0,1,0,1,0,0,10,0,0,0,0,0
F8TTC6PX,25,0,0,0,0,0,1,0,0,10,1,0,0,0,0
F8TXJ3WU,25,0,0,0,1,0,1,0,0,10,0,0,0,0,0
F8U3SONM,25,0,0,0,0,0,1,0,0,11,0,0,0,0,0
F8UIW316,25,0,0,0,0,0,1,1,0,10,0,0,0,0,0
F8UPQT4V,25,0,0,0,0,0,1,1,0,10,0,0,0,0,0
F8URZ5EV,25,0,0,0,0,0,1,0,0,10,0,0,0,0,1
F8UVI1HF,25,0,0,0,0,0,1,0,0,10,0,0,1,0,0
F8UW543O,25,0,0,0,0,0,1,0,0,10,0,0,0,1,0
F8VHEZP1,25,0,0,0,0,0,1,0,0,10,1,0,0,0,0
F8VMPAHV,25,0,0,0,0,0,1,0,0,11,0,0,0,0,0
F8VNY9VD,25,0,0,0,0,0,1,1,0,10,0,0,0,0,0
F8WC5O7B,25,0,0,0,0,0,1,1,0,10,0,0,0,0,0
F8WEYSMN,25,0,0,0,0,0,1,1,0,10,0,0,0,0,0
F8WQEWE9,25,0,0,0,0,0,1,1,0,10,0,0,0,0,0
F8WRUCKB,25,0,0,0,0,0,1,0,0,10,1,0,0,0,0
F8WVG8EJ,25,0,0,0,0,0,1,0,0,10,0,0,0,1,0
F8WYG9WV,25,0,0,0,0,0,1,0,0,10,1,0,0,0,0
F8X61E5Q,25,0,0,0,0,0,1,1,0,10,0,0,0,0,0
F8X6ZWI9,25,0,0,0,0,0,1,0,0,10,0,0,0,1,0
F8XXW9TO,25,0,0,0,0,0,1,1,0,10,0,0,0,0,0
F8Y4ULQA,25,0,0,0,0,0,1,0,0,10,1,0,0,0,0
F8Y6ZD34,25,0,0,0,0,0,1,0,0,10,1,0,0,0,0
F8Y8FLPJ,25,0,0,0,0,0,1,0,0,10,1,0,0,0,0
F8YWAZJ1,25,0,0,0,0,0,1,1,0,10,0,0,0,0,0
F8Z8947G,25,0,0,0,0,0,1,1,0,10,0,0,0,0,0
F8ZFTY9J,25,0,0,0,0,0,1,1,0,10,0,0,0,0,0
F8ZL4Y9C,25,0,0,0,0,0,1,0,0,10,1,0,0,0,0
F8ZXB9AC,25,0,0,0,0,0,1,0,0,10,1,0,0,0,0
F8ZY59Z9,25,0,0,0,1,0,1,0,0,10,0,0,0,0,0
F911HQZY,25,0,0,0,0,0,1,1,0,10,0,0,0,0,0
F912E9S6,25,0,0,0,0,0,1,1,0,10,0,0,0,0,0
F91821JA,25,0,0,0,0,0,1,0,0,10,1,0,0,0,0
F91ANS6L,25,0,0,0,0,0,1,0,0,10,1,0,0,0,0
F91FYOHC,25,0,0,0,0,0,1,0,0,10,1,0,0,0,0
F91IOVHY,25,0,0,0,0,0,1,0,0,11,0,0,0,0,0
F91VLTVD,25,0,0,0,1,0,1,0,0,10,0,0,0,0,0
F929MFOE,25,0,0,0,1,0,1,0,0,10,0,0,0,0,0
F92PTC1R,25,0,0,0,0,0,1,0,0,10,0,0,0,1,0
F92VA1DL,25,0,0,0,0,1,1,0,0,10,0,0,0,0,0
F92YW4UT,25,0,0,0,0,0,1,0,0,10,1,0,0,0,0
F93DH4QG,25,0,0,0,0,0,1,0,0,10,0,0,0,0,1
F93EVCIP,25,0,0,0,0,0,1,0,0,10,0,0,0,1,0
F93J21TS,25,0,0,0,0,0,1,0,0,10,1,0,0,0,0
F93ZBHSB,25,0,0,0,0,0,1,1,0,10,0,0,0,0,0
F947J7A4,25,0,0,0,0,0,1,0,0,10,1,0,0,0,0
F94EPDTH,25,0,0,0,0,0,1,0,0,11,0,0,0,0,0
F94FUZR9,25,0,0,0,0,0,1,1,0,10,0,0,0,0,0
F94NW8AT,25,0,0,0,0,0,1,0,0,10,0,0,1,0,0
F94U7W17,25,0,0,0,0,0,1,0,0,10,1,0,0,0,0
F956P9RY,25,0,0,0,0,0,1,1,0,10,0,0,0,0,0
F95UB2,25,0,0,0,0,0,1,0,0,11,0,0,0,0,0
F9699ZRC,25,0,0,0,0,0,1,1,0,10,0,0,0,0,0
F96F2GKF,25,0,0,0,0,0,1,0,0,10,1,0,0,0,0
F96JPIWX,25,0,0,0,0,0,1,1,0,10,0,0,0,0,0
F96PIIVJ,25,0,0,0,0,0,1,1,0,10,0,0,0,0,0
F96QH1BJ,25,0,0,0,0,0,1,0,0,10,0,0,0,1,0
F96S7F3E,25,0,0,0,0,0,1,0,0,10,1,0,0,0,0
F96UKTN5,25,0,0,0,0,0,1,1,0,10,0,0,0,0,0
F972GTOR,25,0,0,0,0,0,1,1,0,10,0,0,0,0,0
F97519Q2,25,0,0,0,0,0,1,0,0,10,0,0,0,1,0
F97CAB5T,25,0,0,0,0,0,1,0,0,11,0,0,0,0,0
F97IWV29,25,0,0,0,0,0,1,1,0,10,0,0,0,0,0
F986VIWO,25,0,0,0,0,0,1,1,0,10,0,0,0,0,0
F989WEA3,25,0,0,0,0,0,1,0,0,10,1,0,0,0,0
F98V5I7K,25,0,0,0,0,1,1,0,0,10,0,0,0,0,0
F98XEL3D,25,0,0,0,0,0,1,0,0,10,0,0,0,1,0
F98ZNWBR,25,0,0,0,0,0,1,1,0,10,0,0,0,0,0
F9974U11,25,0,0,0,0,0,1,1,0,10,0,0,0,0,0
F99COD8Q,25,0,0,0,1,0,1,0,0,10,0,0,0,0,0
F99JBLD9,25,0,0,0,0,0,1,0,0,10,1,0,0,0,0
F99U47A4,25,0,0,0,0,0,1,0,0,10,0,0,0,1,0
F99WHH7N,25,0,0,0,0,0,1,0,0,10,1,0,0,0,0
F9A6X7LB,25,0,0,0,0,0,1,0,0,11,0,0,0,0,0
F9A717OG,25,0,0,0,0,0,1,1,0,10,0,0,0,0,0
F9AEXUVZ,25,0,0,0,0,0,1,0,0,10,1,0,0,0,0
F9AFWCKD,25,0,0,0,0,0,1,0,0,10,1,0,0,0,0
F9AVSYC1,25,0,0,0,0,0,1,1,0,10,0,0,0,0,0
F9B2572B,25,0,0,0,0,0,1,1,0,10,0,0,0,0,0
F9BK36TD,25,0,0,0,0,0,1,0,0,10,1,0,0,0,0
F9BS6VTV,25,0,0,0,0,0,1,1,0,10,0,0,0,0,0
F9BTCF9A,25,0,0,0,0,0,1,0,0,10,1,0,0,0,0
F9BTNECC,25,0,0,0,0,0,1,0,0,10,0,0,0,1,0
F9CK1BP9,25,0,0,0,0,1,1,0,0,10,0,0,0,0,0
F9D5DTXQ,25,0,0,0,0,0,1,0,0,11,0,0,0,0,0
F9D5NJ82,25,0,0,0,0,1,1,0,0,10,0,0,0,0,0
F9DCQQYT,25,0,0,0,0,0,1,1,0,10,0,0,0,0,0
F9DHVEBC,25,0,0,0,0,0,1,1,0,10,0,0,0,0,0
F9DIVS3P,25,0,0,0,0,0,1,1,0,10,0,0,0,0,0
F9DKXBLK,25,0,0,0,0,0,1,0,0,11,0,0,0,0,0
F9DPMQJE,25,0,0,0,0,0,1,1,0,10,0,0,0,0,0
F9EA126L,25,0,0,0,0,0,1,0,0,11,0,0,0,0,0
F9EBQEHX,25,0,0,0,0,0,1,1,0,10,0,0,0,0,0
F9EFFJY9,25,0,0,0,0,0,1,0,0,10,0,0,0,1,0
F9EFWJOY,25,0,0,0,0,0,1,1,0,10,0,0,0,0,0
F9EMDG9S,25,0,0,0,0,0,1,1,0,10,0,0,0,0,0
F9EQ8EU1,25,0,0,0,0,0,1,0,0,11,0,0,0,0,0
F9F1HVRG,25,0,0,0,0,0,1,1,0,10,0,0,0,0,0
F9FDUYJN,25,0,0,0,0,0,1,1,0,10,0,0,0,0,0
F9FJBST7,25,0,0,0,0,0,1,0,0,10,0,0,0,0,1
F9FM1ILS,25,0,0,0,0,0,1,1,0,10,0,0,0,0,0
F9FMBAO2,25,0,0,0,0,0,1,1,0,10,0,0,0,0,0
F9FYD6I2,25,0,0,0,0,0,1,1,0,10,0,0,0,0,0
F9G1YFV7,25,0,0,0,0,0,1,1,0,10,0,0,0,0,0
F9GARDYL,25,0,0,0,0,0,1,0,0,10,1,0,0,0,0
F9GI3HF8,25,0,0,0,0,0,1,0,0,10,0,0,1,0,0
F9GNLVZA,25,0,0,0,0,0,1,0,0,10,0,0,0,1,0
F9GQ5HOY,25,0,0,0,0,1,1,0,0,10,0,0,0,0,0
F9H7DGMX,25,0,0,0,0,0,1,0,0,10,0,0,0,1,0
F9HIY21K,25,0,0,0,0,0,1,0,0,11,0,0,0,0,0
FQS25X,25,0,0,0,0,0,1,0,0,10,1,0,0,0,0
FU84GA,25,0,0,0,0,0,1,0,0,10,0,0,1,0,0
FUG4ZM,25,0,0,0,0,0,1,0,0,11,0,0,0,0,0
G7SK5A,25,0,0,0,0,0,1,1,0,10,0,0,0,0,0
G8UVZ7,25,0,0,0,0,0,1,1,0,10,0,0,0,0,0
GGOOC5,25,0,0,0,0,0,1,1,0,10,0,0,0,0,0
GKZRYD,25,0,0,0,0,0,1,0,0,11,0,0,0,0,0
KBN9OOVY,25,0,0,0,0,0,1,1,0,10,0,0,0,0,0
KBNTLKF8,25,0,0,0,0,0,1,1,0,10,0,0,0,0,0
KBNX4VEE,25,0,0,0,0,0,1,0,0,10,1,0,0,0,0
KBNX933E,25,0,0,0,0,1,1,0,0,10,0,0,0,0,0
KBOBYT29,25,0,0,0,0,0,1,1,0,10,0,0,0,0,0
KBOVUCZX,25,0,0,0,0,0,1,1,0,10,0,0,0,0,0
KBP1PZMX,25,0,0,0,0,0,1,0,0,10,0,0,0,1,0
KBP4D5TG,25,0,0,0,0,0,1,1,0,10,0,0,0,0,0
KBP7JEJ9,25,0,0,0,0,0,1,1,0,10,0,0,0,0,0
KBP7T66O,25,0,0,0,0,0,1,1,0,10,0,0,0,0,0
KBPGD5LO,25,0,0,0,0,0,1,1,0,10,0,0,0,0,0
KBPM1OMK,25,0,0,0,0,0,1,0,0,11,0,0,0,0,0
KBPS136Z,25,0,0,0,0,0,1,0,0,10,1,0,0,0,0
KBPV9LSD,25,0,0,0,1,0,1,0,0,10,0,0,0,0,0
KBPW55QU,25,0,0,0,0,0,1,0,0,11,0,0,0,0,0
KBPW9BEN,25,0,0,0,0,1,1,0,0,10,0,0,0,0,0
KBQ4HS6N,25,0,0,0,0,0,1,0,0,10,0,0,0,1,0
KBQLL91E,25,0,0,0,0,1,1,0,0,10,0,0,0,0,0
KBQZR6EP,25,0,0,0,0,0,1,1,0,10,0,0,0,0,0
KBR3WCHH,25,0,0,0,0,0,1,0,0,10,0,0,0,1,0
KBR6V4MT,25,2,0,0,0,0,1,0,0,10,0,0,0,0,0
KBRBL5NC,25,0,0,0,0,0,1,0,0,10,0,0,0,1,0
KBRG63IO,25,0,0,0,0,0,1,1,0,10,0,0,0,0,0
KBRLQ82Z,25,0,0,0,0,0,1,0,0,10,1,0,0,0,0
KBRQDU6O,25,0,0,0,0,0,1,1,0,10,0,0,0,0,0
LOXYR9,25,0,0,0,0,0,1,1,0,10,0,0,0,0,0
M2B4MS,25,0,0,0,0,0,1,1,0,10,0,0,0,0,0
M4RTUA,25,0,0,0,0,0,1,0,0,10,1,0,0,0,0
M7MWVV,25,0,0,0,0,0,1,0,0,10,1,0,0,0,0
MOLLEW,25,0,0,0,0,0,1,1,0,10,0,0,0,0,0
Q577MI3J,25,0,0,0,0,0,1,0,0,10,0,0,0,1,0
RUAZRVVX,25,0,0,0,0,0,1,0,0,10,0,0,0,1,0
RUB89AU9,25,0,0,0,0,0,1,1,0,10,0,0,0,0,0
RUBAWLEY,25,0,0,0,0,0,1,0,0,10,1,0,0,0,0
RUBITRTC,25,0,0,0,0,0,1,1,0,10,0,0,0,0,0
RUBJQ8MJ,25,0,0,0,0,0,1,0,0,10,0,0,1,0,0
RUBVL7BB,25,0,0,0,0,0,1,1,0,10,0,0,0,0,0
RUBYXV5T,25,0,0,0,0,0,1,1,0,10,0,0,0,0,0
RUC845HN,25,0,0,0,0,0,1,0,0,10,0,0,1,0,0
RUCBADD9,25,0,0,0,0,0,1,0,0,11,0,0,0,0,0
RUCRDR8Z,25,0,0,0,0,0,1,0,0,10,0,0,0,0,1
RUCRZ2EL,25,0,0,0,0,0,1,0,0,10,0,0,0,1,0
RUD4FW1V,25,0,0,0,0,0,1,0,0,10,0,0,1,0,0
RUD6I5RJ,25,1,0,0,0,0,2,0,0,10,0,0,0,0,0
RUD9MN2R,25,0,0,0,0,0,1,0,0,10,1,0,0,0,0
RUDDI7ER,25,0,0,0,0,0,1,1,0,10,0,0,0,0,0
RUDMAZDZ,25,0,0,0,0,0,1,1,0,10,0,0,0,0,0
RUDPUE87,25,0,0,0,0,0,1,0,0,10,0,0,1,0,0
RUDQVV2B,25,0,0,0,0,0,1,0,0,10,1,0,0,0,0
RUDT3KZT,25,0,0,0,0,0,1,0,0,10,0,0,0,1,0
RUDUWTTH,25,0,0,0,0,0,1,1,0,10,0,0,0,0,0
RUDV7ZXQ,25,0,0,0,0,0,1,1,0,10,0,0,0,0,0
RUDVD9LP,25,0,0,0,0,0,1,0,0,11,0,0,0,0,0
RUDVEK8N,25,0,0,0,0,0,1,1,0,10,0,0,0,0,0
RUE3JF3V,25,0,0,0,0,0,1,1,0,10,0,0,0,0,0
RUE6SZ3S,25,0,0,0,1,0,1,0,0,10,0,0,0,0,0
RUEMRMWZ,25,0,0,0,0,0,1,0,0,10,1,0,0,0,0
RUETRE24,25,0,0,0,0,0,1,1,0,10,0,0,0,0,0
RUF8XBK1,25,0,0,0,0,0,1,1,0,10,0,0,0,0,0
RUFFCG2H,25,0,0,0,0,0,1,1,0,10,0,0,0,0,0
RUFI1ZC8,25,0,0,0,0,1,1,0,0,10,0,0,0,0,0
RUFM3GU7,25,0,0,0,0,0,1,0,0,10,0,0,0,1,0
RUG4ULLG,25,0,0,0,0,0,1,1,0,10,0,0,0,0,0
RUGFQF18,25,0,0,0,0,0,1,1,0,10,0,0,0,0,0
RUGRTRKD,25,0,0,0,0,0,1,0,0,11,0,0,0,0,0
RUGVRJ41,25,0,0,0,0,0,1,0,0,11,0,0,0,0,0
RUH4J99L,25,0,0,0,0,0,1,1,0,10,0,0,0,0,0
RUH4JAE6,25,0,0,0,0,0,1,1,0,10,0,0,0,0,0
RUHAU9CI,25,2,0,0,0,0,1,0,0,10,0,0,0,0,0
RUHDJSRS,25,0,0,0,0,0,1,0,0,11,0,0,0,0,0
RUHL3JWY,25,0,0,0,0,0,1,0,0,10,1,0,0,0,0
RUHO69MD,25,0,0,0,0,0,1,0,0,11,0,0,0,0,0
RUI98H7A,25,0,0,0,0,0,1,1,0,10,0,0,0,0,0
RUILC4W5,25,0,0,0,0,0,1,0,0,10,1,0,0,0,0
RUINBVB9,25,0,0,0,0,0,1,0,0,11,0,0,0,0,0
RUIUBKGQ,25,0,0,0,0,0,1,1,0,10,0,0,0,0,0
RUJ56AGE,25,0,0,0,0,0,1,0,0,10,1,0,0,0,0
RUJU9B6G,25,0,0,0,0,0,1,1,0,10,0,0,0,0,0
RUJV5V8G,25,0,0,0,0,0,1,0,0,10,1,0,0,0,0
RUK8EYIY,25,0,0,0,0,0,1,1,0,10,0,0,0,0,0
RUKADCBF,25,0,0,0,0,0,1,1,0,10,0,0,0,0,0
RUKLF4IJ,25,0,0,0,0,1,1,0,0,10,0,0,0,0,0
RUL9XIQY,25,0,0,0,0,0,1,0,0,10,1,0,0,0,0
RULBLBIV,25,0,0,0,0,0,1,1,0,10,0,0,0,0,0
RULGZB1S,25,0,0,0,0,0,1,1,0,10,0,0,0,0,0
RULOAJQE,25,0,0,0,0,0,1,1,0,10,0,0,0,0,0
RULYOTQZ,25,0,0,0,0,0,1,0,0,10,0,0,1,0,0
RUM3O62W,25,0,0,0,0,0,1,1,0,10,0,0,0,0,0
RUM4LSGZ,25,2,0,0,0,0,1,0,0,10,0,0,0,0,0
RUM64MXC,25,0,0,0,0,0,1,0,0,10,1,0,0,0,0
RUMBMGA4,25,0,0,0,0,0,1,0,0,10,0,0,0,1,0
RUMDOA29,25,0,0,0,0,0,1,0,0,10,0,0,0,1,0
RUMEMPJ1,25,0,0,0,0,0,1,1,0,10,0,0,0,0,0
RUMUTV4V,25,0,0,0,0,0,1,0,0,10,1,0,0,0,0
RUMY2DHV,25,0,0,0,0,0,1,0,0,10,0,0,0,1,0
RUN7CLTM,25,0,0,0,0,0,1,1,0,10,0,0,0,0,0
RUNU37C2,25,0,0,0,0,0,1,1,0,10,0,0,0,0,0
RUNXZ6GR,25,0,0,0,0,0,1,0,0,10,1,0,0,0,0
RUONU7OG,25,0,0,0,0,0,1,1,0,10,0,0,0,0,0
RUP1TCQV,25,0,0,0,0,1,1,0,0,10,0,0,0,0,0
RUQAAGAE,25,0,0,0,0,0,1,1,0,10,0,0,0,0,0
RUQE2QJ3,25,0,0,0,0,0,1,0,0,10,1,0,0,0,0
RUQPNZR3,25,0,0,0,0,0,1,1,0,10,0,0,0,0,0
RUQR2RV1,25,0,0,0,0,0,1,0,0,10,1,0,0,0,0
RUQW76Z5,25,0,0,0,0,0,1,0,0,10,1,0,0,0,0
RUQWBZD3,25,0,0,0,0,0,1,1,0,10,0,0,0,0,0
RUQWQC27,25,0,0,0,0,1,1,0,0,10,0,0,0,0,0
RUR1MZTF,25,0,0,0,0,0,1,0,0,10,1,0,0,0,0
RUR6QO5P,25,0,0,0,0,0,1,0,0,11,0,0,0,0,0
RURFVVVD,25,0,0,0,0,0,1,0,0,11,0,0,0,0,0
RURLEFDW,25,0,0,0,0,0,1,1,0,10,0,0,0,0,0
RURNSEK1,25,0,0,0,0,0,1,0,0,10,1,0,0,0,0
RURPIL5Y,25,0,0,0,0,0,1,1,0,10,0,0,0,0,0
RURQRSNJ,25,0,0,0,0,0,1,0,0,10,0,0,0,1,0
RUS5U5P2,25,0,0,0,0,0,1,0,0,10,0,0,0,1,0
RUSB58TL,25,0,0,0,0,0,1,0,0,10,1,0,0,0,0
RUSE9KLX,25,0,0,0,0,0,1,0,0,10,1,0,0,0,0
RUSQ6FUD,25,0,0,0,0,0,1,0,0,10,1,0,0,0,0
RUSQKE2E,25,0,0,0,0,0,1,1,0,10,0,0,0,0,0
RUT2HIYI,25,0,0,0,0,0,1,1,0,10,0,0,0,0,0
RUTBY6KJ,25,0,0,0,0,0,1,0,0,11,0,0,0,0,0
RUTP3FVD,25,0,0,0,0,0,1,0,0,10,0,0,0,1,0
RUV3VBVO,25,0,0,0,0,0,1,1,0,10,0,0,0,0,0
RUV5OQ4B,25,0,0,0,0,0,1,0,0,10,1,0,0,0,0
RUVCJ9WI,25,0,0,0,0,0,1,0,0,10,0,0,0,1,0
RUVHYEGD,25,0,0,0,0,1,1,0,0,10,0,0,0,0,0
RUVIPQ6N,25,0,0,0,0,0,1,0,0,10,1,0,0,0,0
RUW4A6IL,25,0,0,0,0,0,1,0,0,10,1,0,0,0,0
RUW7R15Q,25,0,0,0,0,0,1,0,0,10,0,0,1,0,0
STI9T,25,0,0,0,0,0,1,0,0,10,1,0,0,0,0
ZRVHRTQJ,25,0,0,0,1,0,1,0,0,10,0,0,0,0,0
ZRVLYEMY,25,0,0,0,0,0,1,0,0,10,0,0,0,1,0
ZRVNL239,25,0,0,0,0,0,1,1,0,10,0,0,0,0,0
ZRVSIT34,25,0,0,0,0,0,1,0,0,10,0,0,1,0,0
ZRVT2P79,25,0,0,0,0,0,1,1,0,10,0,0,0,0,0
ZRVXTR9U,25,0,0,0,0,0,1,0,0,10,0,0,0,1,0
ZRW1674U,25,0,0,0,0,0,1,1,0,10,0,0,0,0,0
ZRW77H4N,25,0,0,0,0,0,1,0,0,10,0,0,0,1,0
ZRW7DJRX,25,0,0,0,1,0,1,0,0,10,0,0,0,0,0
ZRWOZS3S,25,0,0,0,0,0,1,0,0,10,0,0,1,0,0
ZRX3C6ME,25,0,0,0,0,0,1,1,0,10,0,0,0,0,0
ZRX8TN6N,25,0,0,0,0,0,1,1,0,10,0,0,0,0,0
ZRY1FSXZ,25,0,0,0,0,0,1,0,0,10,0,0,1,0,0
ZRY56AEN,25,0,0,0,0,0,1,0,0,10,1,0,0,0,0
ZRY66LX3,25,0,0,0,0,0,1,1,0,10,0,0,0,0,0
ZRY9WOEV,25,0,0,0,0,0,1,0,0,10,1,0,0,0,0
ZRYE6TXV,25,0,0,0,0,0,1,0,0,10,1,0,0,0,0
2YDXWB,24,0,0,0,0,0,2,0,0,10,0,0,0,0,0
513UWQ,24,1,0,0,0,0,1,0,0,10,0,0,0,0,0
71C7ZD,24,1,0,0,0,0,1,0,0,10,0,0,0,0,0
AVXMBH,24,1,0,0,0,0,1,0,0,10,0,0,0,0,0
BFDIQK,24,1,0,0,0,0,1,0,0,10,0,0,0,0,0
BVRDGQ89,24,1,0,0,0,0,1,0,0,10,0,0,0,0,0
E6UYZF,24,0,0,0,0,0,2,0,0,10,0,0,0,0,0
EUAGRX,24,0,0,0,0,0,2,0,0,10,0,0,0,0,0
RUBQCDYH,24,1,0,0,0,0,1,0,0,10,0,0,0,0,0
RUDM3HPD,24,1,0,0,0,0,1,0,0,10,0,0,0,0,0
RUE8AYS6,24,1,0,0,0,0,1,0,0,10,0,0,0,0,0
RUFJUKTV,24,1,0,0,0,0,1,0,0,10,0,0,0,0,0
RUHPZ5UI,24,1,0,0,0,0,1,0,0,10,0,0,0,0,0
RUJGGB31,24,0,0,0,0,0,2,0,0,10,0,0,0,0,0
RUJH61YB,24,1,0,0,0,0,1,0,0,10,0,0,0,0,0
RUM2RYBD,24,1,0,0,0,0,1,0,0,10,0,0,0,0,0
RUN9AXSJ,24,1,0,0,0,0,1,0,0,10,0,0,0,0,0
RUQIRIT3,24,1,0,0,0,0,1,0,0,10,0,0,0,0,0
RUSVXQGU,24,0,0,0,0,0,2,0,0,10,0,0,0,0,0
RUURUR5Y,24,0,0,0,0,0,2,0,0,10,0,0,0,0,0
18RXD4,23,0,0,0,0,0,1,0,0,10,0,0,0,0,0
2UZG1G,23,0,0,0,0,0,1,0,0,10,0,0,0,0,0
3P81M1,23,0,0,0,0,0,1,0,0,10,0,0,0,0,0
67GQ2J,23,0,0,0,0,0,1,0,0,10,0,0,0,0,0
6J4427,23,0,0,0,0,0,1,0,0,10,0,0,0,0,0
6ZJ77,23,0,0,0,0,0,1,0,0,10,0,0,0,0,0
86TVAW,23,0,0,0,0,0,1,0,0,10,0,0,0,0,0
A8IHV9,23,0,0,0,0,0,1,0,0,10,0,0,0,0,0
ABPXMJ,23,0,0,0,0,0,1,0,0,10,0,0,0,0,0
BHHWJO,23,0,0,0,0,0,1,0,0,10,0,0,0,0,0
BI6PMP,23,0,0,0,0,0,1,0,0,10,0,0,0,0,0
BVR5UQ3X,23,0,0,0,0,0,1,0,0,10,0,0,0,0,0
BVR9S84D,23,0,0,0,0,0,1,0,0,10,0,0,0,0,0
BVRHXD6N,23,0,0,0,0,0,1,0,0,10,0,0,0,0,0
BVRL1BA3,23,0,0,0,0,0,1,0,0,10,0,0,0,0,0
BVRO927K,23,0,0,0,0,0,1,0,0,10,0,0,0,0,0
C5WQWD,23,0,0,0,0,0,1,0,0,10,0,0,0,0,0
CGE85H,23,0,0,0,0,0,1,0,0,10,0,0,0,0,0
CQIGUW,23,0,0,0,0,0,1,0,0,10,0,0,0,0,0
EHIHSV,23,0,0,0,0,0,1,0,0,10,0,0,0,0,0
EYPXYP,23,0,0,0,0,0,1,0,0,10,0,0,0,0,0
FADOTC,23,0,0,0,0,0,1,0,0,10,0,0,0,0,0
FM676C,23,0,0,0,0,0,1,0,0,10,0,0,0,0,0
MQ73P7,23,0,0,0,0,0,1,0,0,10,0,0,0,0,0
RUATLN3A,23,0,0,0,0,0,1,0,0,10,0,0,0,0,0
RUB92I21,23,0,0,0,0,0,1,0,0,10,0,0,0,0,0
RUBV7QYR,23,0,0,0,0,0,1,0,0,10,0,0,0,0,0
RUBZN9GF,23,0,0,0,0,0,1,0,0,10,0,0,0,0,0
RUC48WRT,23,0,0,0,0,0,1,0,0,10,0,0,0,0,0
RUCK14OX,23,0,0,0,0,0,1,0,0,10,0,0,0,0,0
RUCME4MX,23,0,0,0,0,0,1,0,0,10,0,0,0,0,0
RUEYYFZX,23,0,0,0,0,0,1,0,0,10,0,0,0,0,0
RUF1AXTC,23,0,0,0,0,0,1,0,0,10,0,0,0,0,0
RUF8SF6P,23,0,0,0,0,0,1,0,0,10,0,0,0,0,0
RUFDL66P,23,0,0,0,0,0,1,0,0,10,0,0,0,0,0
RUFYPWJI,23,0,0,0,0,0,1,0,0,10,0,0,0,0,0
RUGT3PFD,23,0,0,0,0,0,1,0,0,10,0,0,0,0,0
RUGU1N1C,23,0,0,0,0,0,1,0,0,10,0,0,0,0,0
RUH25B2J,23,0,0,0,0,0,1,0,0,10,0,0,0,0,0
RUH2ILNS,23,0,0,0,0,0,1,0,0,10,0,0,0,0,0
RUHDG5M2,23,0,0,0,0,0,1,0,0,10,0,0,0,0,0
RUHW9DYW,23,0,0,0,0,0,1,0,0,10,0,0,0,0,0
RUHYANUP,23,0,0,0,0,0,1,0,0,10,0,0,0,0,0
RUIIXQFC,23,0,0,0,0,0,1,0,0,10,0,0,0,0,0
RUJ8GSTE,23,0,0,0,0,0,1,0,0,10,0,0,0,0,0
RUJIZZKO,23,0,0,0,0,0,1,0,0,10,0,0,0,0,0
RUKLPIFO,23,0,0,0,0,0,1,0,0,10,0,0,0,0,0
RUKOVC91,23,0,0,0,0,0,1,0,0,10,0,0,0,0,0
RUKX52RD,23,0,0,0,0,0,1,0,0,10,0,0,0,0,0
RUL84BTG,23,0,0,0,0,0,1,0,0,10,0,0,0,0,0
RULV9K9D,23,0,0,0,0,0,1,0,0,10,0,0,0,0,0
RUM5YZ21,23,0,0,0,0,0,1,0,0,10,0,0,0,0,0
RUMKTQTV,23,0,0,0,0,0,1,0,0,10,0,0,0,0,0
RUMU2F28,23,0,0,0,0,0,1,0,0,10,0,0,0,0,0
RUMZKO55,23,0,0,0,0,0,1,0,0,10,0,0,0,0,0
RUNZQRBI,23,0,0,0,0,0,1,0,0,10,0,0,0,0,0
RUO6IMAP,23,0,0,0,0,0,1,0,0,10,0,0,0,0,0
RUO6MMB2,23,0,0,0,0,0,1,0,0,10,0,0,0,0,0
RUOEK1GO,23,0,0,0,0,0,1,0,0,10,0,0,0,0,0
RUP14169,23,0,0,0,0,0,1,0,0,10,0,0,0,0,0
RUP4MRBP,23,0,0,0,0,0,1,0,0,10,0,0,0,0,0
RUPAINUG,23,0,0,0,0,0,1,0,0,10,0,0,0,0,0
RUPTL4GV,23,0,0,0,0,0,1,0,0,10,0,0,0,0,0
RUQ8DUOL,23,0,0,0,0,0,1,0,0,10,0,0,0,0,0
RUQHNI1O,23,0,0,0,0,0,1,0,0,10,0,0,0,0,0
RUQNNZVD,23,0,0,0,0,0,1,0,0,10,0,0,0,0,0
RURIQKAR,23,0,0,0,0,0,1,0,0,10,0,0,0,0,0
RURXLAWW,23,0,0,0,0,0,1,0,0,10,0,0,0,0,0
RUSZQGWV,23,0,0,0,0,0,1,0,0,10,0,0,0,0,0
RUT1HAM8,23,0,0,0,0,0,1,0,0,10,0,0,0,0,0
RUTGYUKM,23,0,0,0,0,0,1,0,0,10,0,0,0,0,0
RUU25983,23,0,0,0,0,0,1,0,0,10,0,0,0,0,0
RUU3K242,23,0,0,0,0,0,1,0,0,10,0,0,0,0,0
RUUA4GGL,23,0,0,0,0,0,1,0,0,10,0,0,0,0,0
RUULRYE2,23,0,0,0,0,0,1,0,0,10,0,0,0,0,0
RUV59RLF,23,0,0,0,0,0,1,0,0,10,0,0,0,0,0
RUVPNSSJ,23,0,0,0,0,0,1,0,0,10,0,0,0,0,0
RUVTTOWR,23,0,0,0,0,0,1,0,0,10,0,0,0,0,0
RUVVH1QP,23,0,0,0,0,0,1,0,0,10,0,0,0,0,0
RUW38G79,23,0,0,0,0,0,1,0,0,10,0,0,0,0,0
