Seed,Score,Negative_Jokers,Ace,2,3,4,5,6,7,8,9,Jack,Queen,King,10
MAIL19FE,80,0,4,0,1,6,3,2,5,2,16,4,3,3,3
MAIL1LTY,80,0,15,2,3,5,5,3,2,3,2,3,2,5,2
MAIL11FD,79,0,5,4,2,5,2,4,4,1,14,2,2,3,4
MAIL12W6,79,0,6,3,3,0,3,5,3,15,4,2,4,3,1
MAIL13P9,79,0,3,3,15,2,5,0,4,5,3,3,5,3,1
MAIL14Q6,79,0,3,3,1,3,4,4,2,1,6,5,5,14,1
MAIL14YU,79,0,1,4,4,3,3,3,14,2,5,4,4,2,3
MAIL18E8,79,0,5,2,1,5,3,2,5,4,6,2,2,1,14
MAIL18FT,79,0,3,3,2,1,3,14,1,8,4,4,4,3,2
MAIL1A6T,79,0,4,1,2,5,14,3,3,4,2,3,5,3,3
MAIL1HKN,79,0,3,3,1,3,4,3,14,5,4,4,4,2,2
MAIL1M52,79,0,2,2,3,4,1,6,5,1,4,14,3,5,2
MAIL1OL4,79,0,2,5,3,6,14,1,3,2,1,3,4,6,2
MAIL1RGK,79,0,4,4,3,1,4,2,6,3,14,2,2,5,2
MAIL11P7,78,0,5,5,2,1,2,2,13,4,5,5,2,2,4
MAIL13UQ,78,0,2,2,4,4,1,2,3,5,5,2,6,13,3
MAIL14GV,78,0,2,13,3,4,3,2,4,4,5,4,3,2,3
MAIL14M8,78,0,5,5,13,5,3,2,1,6,3,4,1,2,2
MAIL15BW,78,0,8,2,2,3,3,2,2,13,3,3,1,6,4
MAIL15Q2,78,0,2,3,2,3,5,4,7,13,3,2,2,3,3
MAIL168R,78,0,5,2,4,2,13,4,5,3,6,4,2,1,1
MAIL16N1,78,0,1,3,4,4,7,3,4,2,1,2,7,1,13
MAIL188H,78,0,4,5,5,4,3,4,2,2,3,1,2,4,13
MAIL19CV,78,0,3,2,14,7,3,2,5,4,0,5,2,2,3
MAIL19SO,78,0,6,3,3,4,13,1,5,3,2,4,2,3,3
MAIL1BYE,78,0,3,1,0,14,2,8,3,4,1,6,4,1,5
MAIL1CLH,78,0,3,2,4,2,4,3,4,5,13,3,1,5,3
MAIL1D6Z,78,0,5,0,4,3,7,3,3,5,2,1,3,14,2
MAIL1E5O,78,0,2,6,7,13,2,2,7,1,2,4,1,2,3
MAIL1EEJ,78,0,2,5,8,4,3,3,13,1,2,5,4,1,1
MAIL1FB6,78,0,4,5,3,1,3,4,13,2,3,3,5,4,2
MAIL1G82,78,0,13,2,4,5,4,5,1,1,3,4,1,5,4
MAIL1H42,78,0,2,3,3,3,3,3,2,5,3,13,1,4,7
MAIL1ID3,78,0,5,3,3,3,4,2,1,1,3,6,5,13,3
MAIL1IEO,78,0,1,3,7,3,2,4,4,3,13,4,2,1,5
MAIL1J49,78,0,2,6,3,2,13,1,4,2,3,6,3,3,4
MAIL1JDK,78,0,4,2,0,2,7,3,2,2,14,4,2,7,3
MAIL1MF9,78,0,4,3,3,3,4,4,3,5,3,3,13,1,3
MAIL1MRI,78,0,5,3,1,13,3,2,2,3,2,7,3,4,4
MAIL1N3O,78,0,13,4,2,3,2,3,5,3,1,3,3,6,4
MAIL1NMH,78,0,1,4,1,13,2,6,4,6,2,4,3,4,2
MAIL1OQM,78,0,13,2,4,3,1,3,2,3,3,6,4,4,4
MAIL1QCG,78,0,4,1,1,5,1,3,5,5,2,5,13,4,3
MAIL1QVG,78,0,4,1,2,7,4,3,2,3,4,3,13,4,2
MAIL1RBF,78,0,4,1,5,9,3,1,4,1,4,3,3,13,1
MAIL1SPX,78,0,4,2,2,3,3,4,13,4,5,2,3,6,1
MAIL111G,77,0,5,5,3,4,2,6,3,3,2,5,12,1,1
MAIL111L,77,0,2,5,5,1,12,4,6,2,1,2,2,9,1
MAIL1157,77,0,3,2,2,4,12,6,4,3,5,4,3,1,3
MAIL11B5,77,0,4,0,5,6,5,1,4,2,13,5,4,2,1
MAIL11B6,77,0,3,3,6,6,5,2,1,5,12,1,3,4,1
MAIL11JR,77,0,4,6,5,3,2,4,12,3,2,1,4,3,3
MAIL11TG,77,0,4,2,3,5,5,4,6,4,2,12,2,1,2
MAIL122Y,77,0,2,3,2,3,6,2,3,3,12,2,2,6,6
MAIL127U,77,0,4,3,5,2,4,2,5,12,3,3,3,3,3
MAIL12DK,77,0,3,3,1,2,12,3,8,3,4,1,6,4,2
MAIL12NV,77,0,2,6,3,12,5,5,4,2,4,2,3,1,3
MAIL131B,77,0,12,8,2,4,5,3,3,2,4,5,1,2,1
MAIL15C4,77,0,4,1,2,5,4,1,3,6,3,12,6,2,3
MAIL16OH,77,0,4,4,2,4,7,2,3,3,3,12,2,3,3
MAIL16RN,77,0,2,2,4,3,2,13,2,5,3,0,3,4,9
MAIL16V1,77,0,2,6,3,5,3,2,4,12,2,3,5,3,2
MAIL173K,77,0,2,2,2,6,3,3,4,4,13,5,2,0,6
MAIL175F,77,0,2,3,7,4,4,1,2,4,12,1,4,5,3
MAIL17TB,77,0,5,5,3,5,1,4,5,2,3,3,12,3,1
MAIL186Y,77,0,2,1,4,4,2,7,4,2,12,5,1,6,2
MAIL189Y,77,0,2,5,12,2,2,4,2,6,8,2,3,3,1
MAIL18N8,77,0,0,3,5,6,13,4,3,2,1,1,5,3,6
MAIL18U8,77,0,2,5,2,1,6,12,3,5,2,1,7,4,2
MAIL1959,77,0,4,4,5,1,5,5,2,3,12,2,4,4,1
MAIL19VQ,77,0,2,5,6,4,3,3,2,2,4,12,2,3,4
MAIL1A5Y,77,0,4,2,2,1,5,12,4,4,4,5,4,3,2
MAIL1AEC,77,0,2,3,6,3,3,2,12,4,2,7,1,1,6
MAIL1AGF,77,0,3,1,3,1,2,7,6,12,4,2,2,6,3
MAIL1AIV,77,0,3,12,3,1,2,3,6,2,5,1,8,2,4
MAIL1AKA,77,0,4,2,12,4,2,2,3,7,5,1,3,2,5
MAIL1AO4,77,0,6,3,3,3,2,2,4,3,12,5,3,1,5
MAIL1AR1,77,0,2,4,7,4,1,2,2,2,1,7,5,3,12
MAIL1B1E,77,0,4,1,3,4,2,4,6,12,4,5,2,3,2
MAIL1B27,77,0,4,12,2,2,1,4,7,4,2,5,5,3,1
MAIL1BHW,77,0,3,5,12,2,4,5,1,1,5,2,3,5,4
MAIL1BIE,77,0,4,1,4,9,3,3,2,5,12,4,2,2,1
MAIL1BLS,77,0,2,4,1,5,12,7,1,3,1,3,5,6,2
MAIL1BNN,77,0,12,1,3,7,2,3,2,5,2,3,4,2,6
MAIL1BO7,77,0,1,3,3,3,2,2,5,3,6,3,6,12,3
MAIL1BPF,77,0,2,2,3,3,4,1,12,2,5,6,2,9,1
MAIL1CBW,77,0,5,1,3,12,6,6,1,2,5,4,3,1,3
MAIL1CWB,77,0,4,4,7,3,3,4,3,1,4,1,12,5,1
MAIL1CZI,77,0,3,12,3,5,3,2,3,5,3,1,5,1,6
MAIL1DGB,77,0,1,1,1,7,5,3,6,7,3,2,3,1,12
MAIL1DMW,77,0,3,2,7,2,4,3,2,2,2,12,4,5,4
MAIL1DRE,77,0,1,1,7,4,3,5,12,5,3,1,2,2,6
MAIL1DSV,77,0,4,3,1,2,5,1,7,4,12,2,4,4,3
MAIL1E4E,77,0,12,6,4,3,6,2,4,2,5,4,1,2,1
MAIL1EGS,77,0,2,3,3,2,4,12,6,4,5,4,2,4,1
MAIL1EMI,77,0,4,2,13,6,1,2,4,7,0,2,6,3,2
MAIL1ENK,77,0,1,2,3,5,3,12,4,3,5,5,3,5,1
MAIL1EOZ,77,0,2,2,5,5,4,1,3,5,5,12,4,2,2
MAIL1F47,77,0,7,4,0,13,2,3,4,4,4,3,1,3,4
MAIL1FAJ,77,0,4,4,2,2,4,5,12,6,2,1,3,4,3
MAIL1FT7,77,0,4,5,12,4,4,2,1,4,5,3,3,4,1
MAIL1FXI,77,0,2,4,4,1,2,12,2,2,6,5,4,2,6
MAIL1GCR,77,0,4,3,4,2,1,1,6,3,4,5,12,4,3
MAIL1HLC,77,0,3,3,3,6,5,3,3,5,3,12,1,1,4
MAIL1HMU,77,0,2,5,12,5,2,4,2,1,4,2,4,5,4
MAIL1HNG,77,0,12,4,1,4,3,5,3,3,4,5,3,3,2
MAIL1HPT,77,0,1,5,6,5,12,2,4,3,1,2,6,3,2
MAIL1HS1,77,0,3,2,6,6,2,1,12,5,4,3,3,1,4
MAIL1I1C,77,0,5,5,2,1,2,12,4,5,2,3,3,5,3
MAIL1I3W,77,0,12,3,4,3,2,2,3,5,4,3,1,8,2
MAIL1IRX,77,0,4,5,3,2,4,4,13,1,7,2,5,2,0
MAIL1IXG,77,0,1,1,6,1,4,5,5,12,2,3,3,4,5
MAIL1J6G,77,0,4,12,1,4,2,4,3,3,3,2,4,5,5
MAIL1JF3,77,0,12,4,3,4,5,4,2,1,4,4,3,3,3
MAIL1JQV,77,0,2,4,3,6,13,1,5,4,1,2,6,5,0
MAIL1KHB,77,0,5,4,13,3,4,0,4,2,6,5,2,2,2
MAIL1KX8,77,0,9,6,2,2,1,12,5,1,4,1,4,3,2
MAIL1KYV,77,0,1,4,4,3,5,2,6,6,5,2,1,1,12
MAIL1LCD,77,0,6,12,3,3,3,6,1,3,3,2,2,5,3
MAIL1LFW,77,0,5,1,2,2,6,12,3,5,2,3,5,4,2
MAIL1LGA,77,0,1,3,6,2,3,12,1,6,7,4,4,1,2
MAIL1LLT,77,0,6,6,5,1,2,12,2,4,4,2,2,4,2
MAIL1LO3,77,0,5,3,3,3,3,2,12,4,3,2,7,3,2
MAIL1M6V,77,0,3,1,1,2,2,2,9,3,4,6,12,5,2
MAIL1MAB,77,0,1,4,2,12,2,7,3,3,3,6,4,2,3
MAIL1MG1,77,0,2,3,3,4,4,2,3,1,2,12,6,2,8
MAIL1MKK,77,0,1,3,1,5,12,3,3,3,4,7,5,3,2
MAIL1MUB,77,0,3,4,3,2,3,3,4,4,7,1,12,2,4
MAIL1MWN,77,0,5,4,5,3,4,4,4,3,12,2,2,3,1
MAIL1NBW,77,0,2,1,6,3,2,3,12,5,5,4,4,2,3
MAIL1NJH,77,0,4,4,1,8,3,4,4,3,13,4,1,0,3
MAIL1NOI,77,0,2,4,5,3,2,6,12,4,2,3,3,4,2
MAIL1O53,77,0,3,2,5,7,12,4,1,4,2,3,4,2,3
MAIL1O8C,77,0,2,3,6,0,3,1,13,6,4,5,5,3,1
MAIL1ODZ,77,0,6,2,1,4,6,2,3,12,2,5,1,2,6
MAIL1OL5,77,0,2,12,5,3,3,5,3,1,2,6,5,3,2
MAIL1ORD,77,0,6,1,3,2,2,4,3,3,1,6,12,3,6
MAIL1OSJ,77,0,5,2,3,1,4,5,12,6,1,2,4,4,3
MAIL1P17,77,0,3,2,6,1,4,6,2,5,12,3,1,3,4
MAIL1PKH,77,0,4,12,2,4,5,4,4,2,3,2,6,2,2
MAIL1PQZ,77,0,12,2,2,1,4,7,3,5,3,4,2,4,3
MAIL1PUM,77,0,3,12,2,1,3,7,6,7,3,2,1,4,1
MAIL1PXC,77,0,3,3,12,2,3,4,3,3,4,1,5,3,6
MAIL1Q1P,77,0,3,2,5,9,1,2,2,3,12,5,3,2,3
MAIL1Q2P,77,0,1,12,3,3,5,6,3,1,4,2,5,5,2
MAIL1Q57,77,0,2,3,3,2,13,10,2,0,4,2,5,4,2
MAIL1Q6J,77,0,2,1,3,3,4,5,4,6,2,2,4,12,4
MAIL1QB1,77,0,2,6,6,1,4,2,12,3,2,2,1,6,5
MAIL1QLY,77,0,4,4,3,4,1,3,4,12,6,3,4,1,3
MAIL1R8B,77,0,1,3,3,9,3,4,2,2,1,3,4,12,5
MAIL1RB4,77,0,2,6,6,5,4,2,3,12,4,3,1,3,1
MAIL1RG6,77,0,2,2,3,3,5,5,4,3,3,12,2,4,4
MAIL1RRL,77,0,5,2,12,2,5,4,3,3,3,3,2,3,5
MAIL1SAZ,77,0,5,2,3,3,2,4,4,4,3,12,3,2,5
MAIL1SDS,77,0,5,1,6,1,3,2,3,3,12,3,5,5,3
MAIL1SJN,77,0,4,3,5,5,3,3,4,6,1,12,3,2,1
MAIL1SPE,77,0,3,3,2,3,5,4,4,4,2,2,6,12,2
MAIL1125,76,0,3,1,3,3,11,3,7,3,2,5,6,2,3
MAIL113B,76,0,3,11,4,6,3,3,2,3,6,2,5,1,3
MAIL116H,76,0,3,4,3,2,4,6,3,2,11,4,5,3,2
MAIL116W,76,0,3,6,3,3,2,1,11,3,6,4,4,4,2
MAIL1185,76,0,6,2,3,1,1,2,5,11,4,7,3,2,5
MAIL11A5,76,0,3,4,4,4,8,1,3,3,3,3,11,3,2
MAIL11AR,76,0,1,4,1,3,11,3,5,5,4,3,7,3,2
MAIL11B2,76,0,7,3,2,7,2,2,1,7,4,3,1,11,2
MAIL11DA,76,0,0,3,3,3,4,5,3,1,4,4,12,5,5
MAIL11EU,76,0,2,1,4,9,3,2,3,3,11,6,3,2,3
MAIL11HU,76,0,4,4,1,1,4,2,3,2,6,11,2,9,3
MAIL11JL,76,0,3,4,11,2,3,4,6,1,3,3,3,6,3
MAIL11L4,76,0,4,5,2,6,2,3,11,3,2,3,3,1,7
MAIL11RD,76,0,11,3,8,2,2,3,4,3,6,3,1,3,3
MAIL11RR,76,0,2,4,6,3,3,2,2,11,4,5,4,4,2
MAIL11V2,76,0,9,4,7,2,11,2,1,1,4,1,2,5,3
MAIL121K,76,0,1,1,2,2,6,1,8,3,3,4,7,3,11
MAIL122Q,76,0,11,4,2,6,5,3,3,7,3,2,3,2,1
MAIL1231,76,0,7,12,2,1,0,3,3,5,5,6,2,3,3
MAIL124N,76,0,3,2,6,4,8,2,2,3,3,4,2,2,11
MAIL127Z,76,0,2,2,2,4,4,4,1,2,6,6,6,11,2
MAIL12B9,76,0,4,3,5,11,3,4,3,2,5,2,4,4,2
MAIL12BQ,76,0,5,11,4,3,5,3,2,2,2,3,1,4,7
MAIL12F3,76,0,6,5,3,11,5,3,4,4,3,2,1,3,2
MAIL12F5,76,0,4,2,2,4,11,6,5,1,1,6,1,5,4
MAIL12HZ,76,0,5,4,3,11,2,4,3,2,4,1,3,6,4
MAIL12IG,76,0,3,3,3,5,7,11,2,4,3,5,3,1,2
MAIL12JB,76,0,3,2,2,11,3,5,4,5,1,4,3,6,3
MAIL12MV,76,0,1,2,3,4,5,3,2,7,4,2,11,5,3
MAIL12Q9,76,0,2,1,1,5,2,11,3,1,5,6,2,6,7
MAIL12UD,76,0,8,2,2,1,2,3,5,3,3,3,6,11,3
MAIL12WS,76,0,6,11,4,2,4,1,6,2,4,2,1,3,6
MAIL1317,76,0,4,5,2,3,2,1,4,11,3,4,4,5,4
MAIL133A,76,0,3,4,3,3,11,3,4,5,4,6,3,2,1
MAIL134O,76,0,5,11,7,2,2,2,1,3,1,2,6,5,5
MAIL135N,76,0,6,2,4,5,1,4,3,6,2,11,3,2,3
MAIL1365,76,0,4,3,11,1,4,5,3,2,1,1,5,9,3
MAIL13A6,76,0,3,3,1,7,4,3,4,1,6,2,11,3,4
MAIL13AC,76,0,4,1,0,3,12,7,5,2,5,4,2,3,4
MAIL13FT,76,0,5,5,3,2,2,4,1,2,4,4,11,5,4
MAIL13GD,76,0,3,1,5,11,1,5,4,4,3,3,5,4,3
MAIL13GL,76,0,3,1,11,3,2,2,7,4,4,3,2,3,7
MAIL13HO,76,0,1,2,4,5,12,4,4,0,4,6,3,1,6
MAIL13HT,76,0,3,2,1,4,6,4,2,6,2,4,5,2,11
MAIL13IC,76,0,2,11,1,5,5,2,3,3,3,4,3,3,7
MAIL13K8,76,0,5,3,11,5,2,4,3,5,3,4,3,1,3
MAIL13NI,76,0,11,8,1,4,2,3,4,3,4,4,2,2,4
MAIL13RS,76,0,1,3,3,3,2,2,4,3,6,5,7,2,11
MAIL13T9,76,0,12,3,6,1,5,4,6,3,3,1,2,6,0
MAIL13TT,76,0,5,3,5,5,2,11,3,1,4,6,3,2,2
MAIL13WX,76,0,4,6,6,2,11,2,2,7,4,3,1,2,2
MAIL13XB,76,0,3,2,3,3,3,4,2,3,4,6,11,4,4
MAIL13Y4,76,0,11,3,1,5,3,2,2,5,6,4,3,2,5
MAIL143N,76,0,2,5,2,5,3,5,1,2,5,11,3,5,3
MAIL1455,76,0,5,11,3,6,2,1,4,3,2,6,4,3,2
MAIL1466,76,0,3,7,11,2,3,2,2,4,2,4,5,3,4
MAIL1469,76,0,2,4,4,4,5,1,3,5,6,1,4,2,11
MAIL147F,76,0,5,4,4,11,2,4,4,3,2,2,4,4,3
MAIL147X,76,0,0,12,4,2,7,3,1,6,3,1,7,2,4
MAIL14AO,76,0,7,2,2,2,3,11,2,6,3,1,4,6,3
MAIL14BV,76,0,4,1,3,5,5,2,4,4,2,11,3,5,3
MAIL14D8,76,0,3,11,3,1,1,1,4,8,6,4,2,4,4
MAIL14DI,76,0,11,5,1,4,5,3,1,2,3,5,4,2,6
MAIL14FX,76,0,2,0,4,12,5,4,3,4,5,5,3,2,3
MAIL14JE,76,0,4,2,5,2,3,1,11,2,4,8,2,6,2
MAIL14L9,76,0,5,6,6,7,3,2,11,2,1,2,4,2,1
MAIL14M1,76,0,0,4,3,3,4,7,12,1,4,3,5,3,3
MAIL14OU,76,0,4,6,5,3,3,3,4,3,2,11,2,3,3
MAIL14RA,76,0,6,1,2,4,2,11,4,4,6,4,2,1,5
MAIL14UR,76,0,0,2,3,6,5,4,5,4,2,2,2,12,5
MAIL14VK,76,0,5,1,4,5,4,1,4,8,2,4,11,1,2
MAIL151R,76,0,2,1,6,2,4,11,3,3,3,3,5,5,4
MAIL15H2,76,0,3,1,11,3,2,3,3,5,5,3,5,2,6
MAIL15IE,76,0,4,4,3,2,2,11,1,8,3,3,6,2,3
MAIL15J2,76,0,3,5,2,4,3,2,7,2,2,3,4,4,11
MAIL15J4,76,0,2,2,8,5,6,2,11,2,3,4,1,3,3
MAIL15P3,76,0,4,3,4,1,3,2,6,2,1,1,7,7,11
MAIL15QG,76,0,2,5,4,2,4,6,6,2,1,4,11,4,1
MAIL15U6,76,0,6,1,2,11,3,1,1,2,5,5,2,4,9
MAIL15VQ,76,0,7,3,3,2,11,6,3,1,2,3,3,6,2
MAIL15YL,76,0,4,4,11,3,5,6,4,3,3,1,2,2,4
MAIL161M,76,0,2,8,1,1,4,4,3,5,3,2,11,2,6
MAIL1633,76,0,6,11,3,5,1,3,4,5,2,4,3,3,2
MAIL1672,76,0,3,4,4,11,2,2,1,3,6,6,4,4,2
MAIL167L,76,0,1,3,5,2,2,5,2,4,4,6,2,11,5
MAIL16AL,76,0,2,11,1,2,5,1,3,5,4,4,1,6,7
MAIL16IB,76,0,4,2,11,1,5,2,3,4,6,3,5,3,3
MAIL16N9,76,0,4,4,0,4,2,3,4,4,2,4,6,3,12
MAIL16NP,76,0,11,3,3,6,3,2,3,2,6,2,7,3,1
MAIL16RA,76,0,2,2,6,7,0,2,12,2,4,3,1,4,7
MAIL16Y7,76,0,4,3,11,2,5,4,4,3,4,3,3,4,2
MAIL171G,76,0,3,7,3,1,2,11,2,3,6,4,2,3,5
MAIL1739,76,0,2,3,7,6,3,2,4,11,4,5,1,3,1
MAIL1748,76,0,3,2,3,4,3,1,7,2,4,5,2,11,5
MAIL177S,76,0,7,3,3,3,4,4,1,2,4,3,11,4,3
MAIL1786,76,0,3,4,5,2,2,4,2,3,5,11,4,3,4
MAIL1798,76,0,4,2,6,2,2,5,3,5,1,5,3,11,3
MAIL179G,76,0,3,1,5,6,7,3,1,5,5,1,11,1,3
MAIL179P,76,0,4,5,2,3,2,4,6,1,4,3,4,3,11
MAIL17BG,76,0,3,4,3,6,2,5,4,1,4,11,5,2,2
MAIL17DS,76,0,7,5,2,2,5,2,1,4,5,3,2,11,3
MAIL17DU,76,0,2,1,3,11,2,6,4,2,2,6,2,7,4
MAIL17HJ,76,0,4,5,2,5,4,3,1,3,4,3,5,2,11
MAIL17HQ,76,0,3,2,2,3,3,1,3,6,3,2,11,9,4
MAIL17JC,76,0,4,3,2,2,3,5,4,3,4,1,7,11,3
MAIL17LV,76,0,2,4,2,2,5,4,4,3,5,4,5,11,1
MAIL17M4,76,0,11,3,1,7,3,6,2,2,5,4,2,2,4
MAIL17MI,76,0,11,2,1,5,3,4,2,3,3,2,3,8,5
MAIL17NN,76,0,3,1,3,4,5,7,6,3,2,2,2,11,3
MAIL17OY,76,0,11,2,1,1,2,4,5,3,3,2,4,9,5
MAIL17PM,76,0,4,2,3,1,4,2,2,5,5,11,8,3,2
MAIL17PN,76,0,3,2,5,4,3,5,1,5,4,5,3,11,1
MAIL17PY,76,0,5,1,5,3,1,3,6,1,5,5,1,5,11
MAIL17S2,76,0,3,2,3,7,3,3,4,5,2,3,2,11,4
MAIL17S9,76,0,4,3,2,6,2,11,3,3,4,2,3,6,3
MAIL17SQ,76,0,2,3,2,4,5,5,5,11,2,2,5,4,2
MAIL17TV,76,0,3,3,3,5,3,5,2,6,1,11,3,4,3
MAIL17UH,76,0,5,5,2,3,2,3,4,3,2,5,4,3,11
MAIL17ZF,76,0,3,2,5,4,3,2,1,11,3,8,3,5,2
MAIL184G,76,0,3,3,6,4,2,5,3,1,2,4,11,5,3
MAIL1866,76,0,1,6,2,3,5,3,6,3,3,2,4,3,11
MAIL186Q,76,0,3,1,6,3,3,11,1,4,4,5,4,4,3
MAIL186T,76,0,2,5,3,2,4,4,8,2,2,1,5,11,3
MAIL189I,76,0,1,4,11,4,5,6,5,1,4,4,2,1,4
MAIL18CR,76,0,6,2,5,2,6,2,5,3,2,1,11,4,3
MAIL18G6,76,0,6,0,5,2,4,12,5,6,2,3,1,2,4
MAIL18J6,76,0,5,11,5,2,4,2,1,5,4,3,2,3,5
MAIL18L3,76,0,2,2,6,4,2,3,7,3,3,1,11,4,4
MAIL18N5,76,0,12,0,4,1,5,6,2,4,1,1,8,6,2
MAIL18RO,76,0,2,2,6,11,3,5,4,1,4,3,2,6,3
MAIL18SE,76,0,1,4,4,3,3,3,5,1,2,5,6,11,4
MAIL18VH,76,0,2,5,1,11,2,4,3,5,4,3,6,2,4
MAIL1929,76,0,5,1,4,2,4,4,4,3,11,2,2,2,8
MAIL1943,76,0,7,4,4,1,12,4,3,0,4,3,3,4,3
MAIL197O,76,0,5,5,3,5,4,11,3,1,1,5,2,3,4
MAIL19A5,76,0,3,1,5,1,12,6,2,3,6,7,3,0,3
MAIL19AL,76,0,3,12,2,7,3,5,3,4,2,0,2,4,5
MAIL19BJ,76,0,3,11,2,4,5,1,4,4,4,7,1,4,2
MAIL19CI,76,0,11,3,6,2,4,2,2,4,3,3,4,2,6
MAIL19ER,76,0,3,7,2,1,4,11,4,3,5,3,4,3,2
MAIL19FW,76,0,3,5,4,1,2,5,1,5,5,4,3,11,3
MAIL19JU,76,0,1,4,11,1,5,5,2,2,6,1,4,7,3
MAIL19S9,76,0,2,5,11,3,1,3,5,6,3,2,6,1,4
MAIL19TS,76,0,11,4,1,1,1,3,4,5,8,4,1,5,4
MAIL19UH,76,0,1,1,4,4,11,5,3,3,2,6,5,5,2
MAIL19UL,76,0,5,1,2,2,4,4,2,4,5,11,7,1,4
MAIL19Z7,76,0,2,5,1,4,2,3,4,3,3,3,11,5,6
MAIL1AB9,76,0,5,2,7,2,5,4,4,11,2,2,4,3,1
MAIL1AC4,76,0,2,4,5,11,2,4,4,4,1,2,4,5,4
MAIL1AJG,76,0,2,4,11,3,4,3,4,6,6,2,4,2,1
MAIL1AL1,76,0,1,2,5,11,2,4,2,5,9,3,1,4,3
MAIL1AMT,76,0,2,11,3,6,6,5,2,5,2,1,3,3,3
MAIL1AN2,76,0,3,12,4,2,5,3,4,4,0,5,7,2,1
MAIL1ANP,76,0,4,3,5,2,2,2,11,2,4,6,3,3,5
MAIL1AOZ,76,0,3,2,3,1,6,11,8,1,5,5,3,1,3
MAIL1AWZ,76,0,1,5,1,2,5,11,4,4,2,3,5,6,3
MAIL1AZ5,76,0,4,3,1,5,5,1,7,11,2,2,4,4,3
MAIL1B13,76,0,3,2,12,3,0,3,3,4,5,5,3,3,6
MAIL1B1P,76,0,11,5,4,9,4,3,1,2,5,1,3,2,2
MAIL1B4C,76,0,5,2,3,2,4,4,6,11,3,3,3,3,3
MAIL1B6V,76,0,2,3,3,3,11,2,6,2,4,5,1,4,6
MAIL1B75,76,0,11,3,2,4,2,4,8,3,2,5,4,1,3
MAIL1B8R,76,0,4,11,5,3,2,4,3,2,3,2,6,2,5
MAIL1BBD,76,0,7,11,3,2,2,4,3,4,1,2,6,4,3
MAIL1BCM,76,0,4,11,4,4,3,5,2,4,4,3,4,2,2
MAIL1BE2,76,0,7,2,5,2,5,3,4,2,7,1,12,0,2
MAIL1BFX,76,0,4,7,4,6,3,3,12,2,2,0,2,3,4
MAIL1BGB,76,0,5,11,1,5,3,3,7,2,2,1,4,2,6
MAIL1BHB,76,0,3,2,5,8,2,4,1,11,3,3,3,4,3
MAIL1BHI,76,0,3,11,1,7,5,2,3,3,3,4,2,6,2
MAIL1BIG,76,0,3,4,3,2,2,6,11,5,4,3,1,4,4
MAIL1BK8,76,0,1,5,5,1,4,2,11,3,4,2,5,6,3
MAIL1BLP,76,0,3,7,1,5,2,11,3,3,2,4,5,4,2
MAIL1BNI,76,0,4,5,4,4,3,2,11,2,6,3,4,3,1
MAIL1BNK,76,0,3,1,2,7,3,9,3,1,11,2,3,5,2
MAIL1BO2,76,0,4,3,4,1,4,1,6,6,3,1,3,11,5
MAIL1BOE,76,0,6,4,3,1,5,1,4,4,4,4,2,11,3
MAIL1BQE,76,0,3,4,3,4,3,5,5,3,5,3,11,1,2
MAIL1BRA,76,0,3,3,2,1,3,11,4,7,6,5,1,2,4
MAIL1BSN,76,0,2,3,2,4,4,11,3,1,4,5,5,4,4
MAIL1BVT,76,0,4,1,4,4,4,2,5,5,1,11,5,3,3
MAIL1BW6,76,0,4,12,3,1,3,0,9,4,6,1,3,2,4
MAIL1BXD,76,0,6,1,6,4,1,4,2,1,11,3,5,5,3
MAIL1BZR,76,0,3,4,2,2,2,5,4,4,6,2,11,5,2
MAIL1C5G,76,0,5,1,3,1,3,5,11,3,2,6,6,2,4
MAIL1C8Q,76,0,9,3,2,3,7,2,4,1,1,11,3,2,4
MAIL1C8S,76,0,5,3,4,4,2,3,5,12,3,4,0,3,4
MAIL1C92,76,0,5,2,3,11,6,4,7,1,2,2,5,2,2
MAIL1C9P,76,0,3,7,3,5,2,1,2,4,3,6,3,2,11
MAIL1CAH,76,0,2,3,4,2,2,3,4,11,3,6,3,3,6
MAIL1CFE,76,0,1,7,2,4,3,3,2,11,5,6,4,3,1
MAIL1CKP,76,0,4,1,5,2,4,5,4,2,4,4,4,2,11
MAIL1CKU,76,0,3,3,6,4,2,5,11,4,2,3,4,1,4
MAIL1CKZ,76,0,7,3,2,2,4,4,2,3,2,11,3,4,5
MAIL1CML,76,0,3,1,11,4,2,5,3,5,4,2,5,3,4
MAIL1CU7,76,0,4,3,3,2,11,3,5,3,2,5,6,3,2
MAIL1CVI,76,0,3,11,4,6,4,2,3,1,6,3,2,4,3
MAIL1D2H,76,0,1,3,4,11,3,4,2,5,4,5,6,3,1
MAIL1D3U,76,0,5,3,6,3,2,2,2,1,6,7,2,2,11
MAIL1D5Z,76,0,2,1,4,3,2,7,5,5,4,2,1,11,5
MAIL1D6L,76,0,1,6,6,11,3,5,2,7,2,1,1,3,4
MAIL1DNS,76,0,9,2,3,2,2,6,1,3,3,11,2,4,4
MAIL1DPZ,76,0,1,1,11,4,2,1,3,8,5,7,6,1,2
MAIL1DQG,76,0,1,3,8,12,3,4,3,0,4,2,4,5,3
MAIL1DQL,76,0,3,2,4,4,6,12,0,2,3,8,3,4,1
MAIL1DR6,76,0,5,3,5,9,12,3,1,1,0,1,7,3,2
MAIL1DYN,76,0,2,6,3,1,6,11,1,2,4,4,4,4,4
MAIL1DZB,76,0,5,5,4,4,3,1,3,1,5,11,4,3,3
MAIL1E5L,76,0,2,2,1,6,6,4,4,2,5,11,1,5,3
MAIL1E7C,76,0,2,3,2,2,4,3,5,3,4,11,5,6,2
MAIL1EED,76,0,3,6,5,3,11,4,3,2,5,2,2,4,2
MAIL1ELG,76,0,3,2,3,2,2,2,4,11,4,3,3,10,3
MAIL1EMP,76,0,4,3,2,3,5,2,11,3,2,4,2,6,5
MAIL1EOI,76,0,2,5,1,11,3,4,4,2,6,2,4,6,2
MAIL1EPY,76,0,3,4,2,4,1,7,11,4,8,2,1,3,2
MAIL1ETC,76,0,4,3,4,2,11,2,3,5,4,3,2,5,4
MAIL1EUB,76,0,6,4,4,2,2,7,11,1,2,2,4,3,4
MAIL1EUD,76,0,5,6,2,3,4,4,3,4,2,2,2,4,11
MAIL1EW8,76,0,5,4,4,1,11,2,6,3,2,2,2,6,4
MAIL1EXZ,76,0,2,2,5,8,3,2,11,5,2,2,3,3,4
MAIL1EYD,76,0,4,5,1,5,3,1,6,2,5,2,4,11,3
MAIL1F2E,76,0,2,8,11,2,5,7,1,3,5,1,2,2,3
MAIL1F3U,76,0,7,1,4,5,4,2,4,2,11,3,4,3,2
MAIL1F69,76,0,3,3,7,3,1,4,3,2,3,5,6,11,1
MAIL1F79,76,0,5,1,5,4,1,11,4,1,4,6,3,2,5
MAIL1F7P,76,0,3,2,6,5,3,4,1,4,1,3,11,3,6
MAIL1FC5,76,0,4,2,7,2,6,2,5,1,2,2,3,5,11
MAIL1FEG,76,0,4,2,2,5,2,4,2,6,11,3,3,2,6
MAIL1FFE,76,0,2,3,2,5,2,5,6,4,11,5,1,1,5
MAIL1FH4,76,0,1,3,4,1,5,1,4,2,11,9,9,1,1
MAIL1FHX,76,0,4,4,2,1,3,3,3,11,3,7,3,5,3
MAIL1FHY,76,0,4,3,7,4,2,2,5,2,3,3,4,11,2
MAIL1FIR,76,0,2,1,5,2,11,4,5,5,4,2,4,3,4
MAIL1FNI,76,0,3,7,11,1,4,6,2,4,2,4,2,2,4
MAIL1FSL,76,0,4,6,4,5,3,3,2,11,2,3,5,2,2
MAIL1G38,76,0,1,4,3,5,0,4,5,12,3,4,4,4,3
MAIL1G48,76,0,3,3,4,5,1,3,11,3,2,2,6,4,5
MAIL1GDA,76,0,3,1,3,4,5,2,2,5,7,6,1,11,2
MAIL1GIQ,76,0,1,11,3,2,4,6,6,3,3,4,1,4,4
MAIL1GP4,76,0,5,11,3,1,4,5,5,3,5,2,1,4,3
MAIL1GQE,76,0,12,5,5,7,1,0,1,2,4,3,7,3,2
MAIL1GS5,76,0,3,2,4,3,7,6,1,3,2,5,11,2,3
MAIL1GUE,76,0,3,4,4,0,2,3,7,5,1,3,4,12,4
MAIL1GVA,76,0,4,5,6,1,12,6,1,0,5,3,3,3,3
MAIL1GVV,76,0,1,11,3,2,2,2,1,3,7,4,5,4,7
MAIL1GWH,76,0,4,5,3,2,3,11,5,2,2,5,7,1,2
MAIL1GX6,76,0,4,3,11,5,3,6,1,3,3,3,6,3,1
MAIL1GXR,76,0,8,3,1,4,3,1,11,3,3,6,2,4,3
MAIL1H3W,76,0,2,3,4,2,4,2,2,11,5,5,2,7,3
MAIL1HBD,76,0,3,4,5,11,4,3,5,4,3,1,3,3,3
MAIL1HBH,76,0,11,4,3,7,4,3,1,3,3,4,2,4,3
MAIL1HBS,76,0,4,3,4,2,4,3,4,3,3,4,3,4,11
MAIL1HFD,76,0,4,7,1,3,6,3,11,4,1,6,1,3,2
MAIL1HFI,76,0,11,2,3,2,3,8,2,5,3,1,2,7,3
MAIL1HFM,76,0,1,4,4,7,3,2,2,6,4,11,3,4,1
MAIL1HHU,76,0,2,4,3,4,2,4,3,2,5,11,3,6,3
MAIL1HLH,76,0,4,2,2,2,4,3,6,2,1,2,11,2,11
MAIL1HM6,76,0,3,5,2,5,2,3,11,3,5,3,1,1,8
MAIL1HV1,76,0,3,3,4,11,1,3,6,3,3,3,2,8,2
MAIL1HXX,76,0,2,3,3,4,5,4,5,4,3,2,11,3,3
MAIL1HYM,76,0,3,11,3,8,3,3,3,2,2,2,2,7,3
MAIL1HYP,76,0,3,1,2,4,1,3,7,3,6,5,5,11,1
MAIL1HYZ,76,0,4,4,12,3,4,0,1,2,9,1,5,2,5
MAIL1I3E,76,0,3,3,3,11,6,2,4,5,3,1,5,5,1
MAIL1I3I,76,0,5,3,5,2,1,11,2,4,4,2,5,3,5
MAIL1I3Y,76,0,5,3,10,1,3,2,3,2,3,1,4,4,11
MAIL1I45,76,0,5,1,6,4,2,3,11,2,6,4,2,1,5
MAIL1I71,76,0,2,1,5,8,11,2,5,4,4,3,2,3,2
MAIL1I7S,76,0,2,4,3,3,5,3,1,11,2,3,6,5,4
MAIL1IB8,76,0,3,1,2,3,5,3,7,4,11,4,4,2,3
MAIL1ID1,76,0,4,11,3,2,7,1,3,6,6,4,2,1,2
MAIL1IFJ,76,0,11,3,5,2,4,3,3,5,1,5,5,1,4
MAIL1II3,76,0,2,5,2,4,3,2,3,4,11,5,4,4,3
MAIL1IJF,76,0,4,4,1,11,2,3,3,4,4,3,6,4,3
MAIL1IRC,76,0,3,3,3,1,3,5,2,5,3,2,11,6,5
MAIL1IWE,76,0,1,7,2,3,7,1,3,5,3,2,4,3,11
MAIL1J18,76,0,5,2,2,3,4,7,6,2,4,3,1,11,2
MAIL1J2X,76,0,1,7,11,2,4,2,2,4,4,8,4,2,1
MAIL1J3U,76,0,5,3,11,3,5,3,2,3,3,3,3,7,1
MAIL1J42,76,0,1,2,5,2,4,4,4,2,3,4,3,11,7
MAIL1J8Q,76,0,4,3,2,3,3,2,3,5,5,11,3,3,5
MAIL1J8W,76,0,7,6,2,2,11,5,3,1,3,2,3,2,5
MAIL1J9Y,76,0,2,6,11,2,1,4,5,4,2,4,4,2,5
MAIL1JAK,76,0,2,11,3,4,4,4,6,3,5,3,3,3,1
MAIL1JBM,76,0,6,5,11,3,6,6,1,2,5,1,3,1,2
MAIL1JCI,76,0,2,1,2,6,3,5,3,3,3,2,5,6,11
MAIL1JFU,76,0,11,3,3,1,8,2,3,5,1,3,4,4,4
MAIL1JGA,76,0,4,0,3,3,0,5,13,6,3,3,2,6,4
MAIL1JGC,76,0,2,8,4,3,3,4,2,11,1,5,5,2,2
MAIL1JIG,76,0,12,0,3,4,5,3,3,5,4,4,3,3,3
MAIL1JJN,76,0,6,5,6,12,4,2,3,1,3,3,5,2,0
MAIL1JKE,76,0,2,3,4,4,3,3,4,5,3,11,3,2,5
MAIL1JKY,76,0,3,5,11,1,1,4,3,2,6,4,2,7,3
MAIL1JL6,76,0,1,4,2,11,2,5,7,3,2,4,1,5,5
MAIL1JLU,76,0,6,4,4,5,4,11,1,4,2,1,3,1,6
MAIL1JLW,76,0,3,3,5,3,4,3,4,11,2,2,4,2,6
MAIL1JM8,76,0,5,2,6,4,11,2,5,3,1,3,4,1,5
MAIL1JN4,76,0,5,11,5,4,3,3,3,3,2,2,5,2,4
MAIL1JO3,76,0,3,2,1,6,5,1,4,3,4,5,2,5,11
MAIL1JOU,76,0,11,3,4,3,1,3,4,4,2,1,3,8,5
MAIL1JUH,76,0,9,5,3,5,4,2,1,1,2,3,5,11,1
MAIL1K18,76,0,11,3,5,5,2,4,1,4,4,1,2,4,6
MAIL1K3C,76,0,11,1,2,3,2,5,4,4,6,2,5,5,2
MAIL1K5M,76,0,2,3,7,4,2,6,5,2,2,5,1,2,11
MAIL1K5S,76,0,2,3,1,4,2,5,5,2,11,8,3,2,4
MAIL1K9P,76,0,11,1,3,8,4,3,4,2,4,2,5,3,2
MAIL1KC8,76,0,4,5,3,2,6,11,2,2,4,4,2,2,5
MAIL1KCZ,76,0,2,1,3,2,3,7,4,1,5,3,11,2,8
MAIL1KIB,76,0,3,11,1,1,1,7,5,6,5,2,3,3,4
MAIL1KJI,76,0,9,2,2,2,2,4,2,3,11,3,3,6,3
MAIL1KNL,76,0,2,5,3,6,4,4,2,4,3,4,11,3,1
MAIL1KOC,76,0,3,3,5,3,5,2,1,5,4,11,3,2,5
MAIL1KRA,76,0,1,3,5,4,6,7,2,1,2,2,3,11,5
MAIL1KT5,76,0,4,3,7,2,11,1,5,6,2,3,3,2,3
MAIL1KTI,76,0,3,2,1,11,4,4,2,4,4,5,4,4,4
MAIL1KTJ,76,0,4,1,2,3,5,11,3,3,4,5,4,5,2
MAIL1KTK,76,0,1,4,4,1,5,2,1,5,1,7,11,5,5
MAIL1KUP,76,0,3,11,2,4,4,4,2,8,5,3,2,2,2
MAIL1KV3,76,0,1,3,2,5,1,11,2,3,7,4,2,5,6
MAIL1KYE,76,0,4,3,11,1,4,1,1,3,1,5,4,6,8
MAIL1L1B,76,0,2,1,4,11,6,3,3,4,5,2,5,4,2
MAIL1L1X,76,0,1,4,11,4,4,1,6,6,5,3,2,4,1
MAIL1L6A,76,0,5,2,3,4,4,4,2,2,2,5,11,4,4
MAIL1L7C,76,0,7,2,11,4,1,4,3,5,2,4,1,6,2
MAIL1L7N,76,0,2,11,1,3,2,3,1,3,6,4,7,5,4
MAIL1L8P,76,0,1,3,4,4,3,3,3,8,6,2,1,3,11
MAIL1LAG,76,0,2,11,1,3,3,5,2,3,2,7,6,3,4
MAIL1LBZ,76,0,6,3,11,1,3,4,4,3,4,3,2,7,1
MAIL1LEK,76,0,11,2,3,3,5,4,3,2,3,3,2,7,4
MAIL1LF6,76,0,4,4,3,3,5,2,4,7,4,11,2,2,1
MAIL1LGD,76,0,3,5,1,4,2,5,4,11,2,6,2,3,4
MAIL1LKJ,76,0,8,3,4,4,3,3,0,12,2,3,1,6,3
MAIL1LPH,76,0,2,5,11,2,1,2,3,6,3,5,2,8,2
MAIL1LYI,76,0,1,3,5,5,4,5,3,4,3,11,1,5,2
MAIL1M1M,76,0,2,11,5,4,4,3,1,4,6,2,3,3,4
MAIL1M3J,76,0,4,2,4,3,8,2,2,4,11,4,1,4,3
MAIL1M3K,76,0,5,5,2,11,5,4,2,1,5,4,2,3,3
MAIL1M5R,76,0,3,1,11,4,6,5,2,3,3,3,2,5,4
MAIL1M73,76,0,2,4,2,4,3,3,2,6,6,11,2,1,6
MAIL1MFQ,76,0,3,5,3,11,2,4,3,2,5,8,2,2,2
MAIL1MHZ,76,0,4,5,3,3,3,11,3,5,1,5,3,2,4
MAIL1ML4,76,0,3,1,7,11,4,2,2,6,2,4,2,5,3
MAIL1MLX,76,0,5,3,3,6,3,3,2,3,0,4,12,4,4
MAIL1MML,76,0,3,6,3,5,5,3,5,3,1,3,3,1,11
MAIL1MMR,76,0,4,4,5,1,11,3,3,3,7,1,5,4,1
MAIL1MMW,76,0,7,5,2,11,3,4,3,5,4,1,4,1,2
MAIL1MOA,76,0,5,3,3,2,11,3,3,2,4,3,4,1,8
MAIL1MQD,76,0,2,4,5,4,3,5,1,11,1,5,7,2,2
MAIL1MSZ,76,0,2,2,3,11,6,1,4,3,7,3,3,5,2
MAIL1MT8,76,0,4,3,4,5,11,4,1,3,2,3,3,4,5
MAIL1MTB,76,0,2,2,4,3,4,6,1,2,3,11,4,6,4
MAIL1MU9,76,0,3,11,2,3,3,2,2,3,9,3,4,4,3
MAIL1MWU,76,0,3,4,3,5,4,4,1,1,4,11,3,4,5
MAIL1N2T,76,0,4,8,1,3,2,1,4,2,3,5,5,11,3
MAIL1N9B,76,0,6,2,3,5,4,4,4,1,6,1,2,11,3
MAIL1NAN,76,0,4,3,3,2,11,2,4,5,6,1,5,4,2
MAIL1NDJ,76,0,2,3,4,4,3,2,4,3,4,11,2,5,5
MAIL1NEB,76,0,4,6,3,2,4,5,4,2,5,1,3,2,11
MAIL1NHV,76,0,4,3,11,6,1,2,2,3,4,4,5,3,4
MAIL1NJC,76,0,4,2,4,3,5,11,5,3,1,4,2,4,4
MAIL1NNR,76,0,4,2,3,4,4,3,1,5,4,4,5,11,2
MAIL1NO3,76,0,4,3,4,2,7,4,11,4,3,4,4,1,1
MAIL1NSN,76,0,3,3,2,8,4,4,11,1,2,6,1,1,6
MAIL1NSP,76,0,4,3,4,4,4,1,11,3,3,2,4,7,2
MAIL1NZ5,76,0,5,4,12,7,3,1,0,2,3,2,3,2,8
MAIL1NZA,76,0,2,5,4,3,1,2,3,4,11,8,5,2,2
MAIL1NZS,76,0,4,3,5,2,1,5,4,3,4,3,4,11,3
MAIL1O3D,76,0,1,2,3,11,4,6,2,3,3,6,2,6,3
MAIL1O66,76,0,3,3,11,4,4,2,5,5,3,3,3,2,4
MAIL1O98,76,0,2,9,5,3,5,4,2,2,3,1,2,3,11
MAIL1OAZ,76,0,7,1,3,6,7,3,11,1,4,2,2,4,1
MAIL1OFU,76,0,5,3,3,2,2,3,3,3,11,5,4,4,4
MAIL1OIL,76,0,4,11,1,1,3,10,5,1,2,5,3,3,3
MAIL1OLY,76,0,5,3,4,5,6,2,1,4,11,4,4,1,2
MAIL1ON6,76,0,8,2,11,2,5,2,3,3,1,5,4,4,2
MAIL1ONN,76,0,4,1,2,5,2,6,5,11,2,3,6,4,1
MAIL1OQB,76,0,4,1,3,3,2,3,5,2,11,4,3,7,4
MAIL1OSE,76,0,5,5,5,3,4,1,3,3,4,11,2,2,4
MAIL1OSU,76,0,3,6,3,11,3,4,1,3,3,4,2,2,7
MAIL1OU2,76,0,7,1,4,1,3,2,1,6,5,3,12,7,0
MAIL1OWF,76,0,3,2,4,3,3,5,4,2,8,3,11,3,1
MAIL1OWQ,76,0,11,4,4,3,3,4,4,1,6,1,6,2,3
MAIL1OZU,76,0,7,3,6,2,2,4,2,2,11,3,5,1,4
MAIL1P23,76,0,6,3,1,3,4,2,3,1,3,4,2,11,9
MAIL1P2Q,76,0,2,3,1,2,11,9,1,4,2,3,2,4,8
MAIL1P2Z,76,0,1,4,7,3,4,4,12,4,3,5,2,3,0
MAIL1P4A,76,0,5,12,5,3,6,4,3,3,2,0,2,5,2
MAIL1P4D,76,0,5,3,3,3,2,3,2,5,6,6,11,1,2
MAIL1P5F,76,0,6,1,3,3,6,11,2,2,3,3,7,2,3
MAIL1P98,76,0,1,4,2,3,4,11,3,4,6,5,4,3,2
MAIL1P9T,76,0,1,1,5,11,2,6,4,3,7,4,1,3,4
MAIL1PBO,76,0,5,4,11,4,2,4,2,4,3,6,2,2,3
MAIL1PDH,76,0,1,12,3,3,3,2,4,3,7,5,2,7,0
MAIL1PDN,76,0,3,8,3,5,4,3,11,2,3,5,1,3,1
MAIL1PEV,76,0,7,3,3,4,5,4,1,2,1,11,3,5,3
MAIL1PHI,76,0,1,3,10,4,6,11,3,2,2,1,2,4,3
MAIL1PJG,76,0,2,3,11,4,3,5,5,4,4,3,4,1,3
MAIL1PP1,76,0,2,6,1,6,3,5,11,1,3,1,3,6,4
MAIL1PQ5,76,0,2,11,3,2,1,4,6,2,5,2,1,6,7
MAIL1PSR,76,0,1,2,3,6,1,2,6,6,4,11,7,2,1
MAIL1PTO,76,0,6,1,1,4,4,4,3,4,11,2,3,4,5
MAIL1PUP,76,0,2,3,5,5,4,3,4,4,11,5,2,1,3
MAIL1PW7,76,0,6,11,4,3,4,3,1,3,1,3,1,6,6
MAIL1PY9,76,0,2,12,0,4,4,3,5,4,5,2,6,1,4
MAIL1Q5Z,76,0,4,3,1,4,3,2,4,4,3,11,6,4,3
MAIL1Q6N,76,0,2,3,2,4,4,4,6,11,3,3,4,3,3
MAIL1Q8C,76,0,1,5,2,2,1,6,3,3,11,3,6,4,5
MAIL1Q8R,76,0,2,11,2,6,6,3,3,2,5,1,5,3,3
MAIL1Q99,76,0,3,6,5,6,2,2,6,3,1,3,11,2,2
MAIL1QA7,76,0,4,3,3,4,0,12,2,3,5,5,2,7,2
MAIL1QC7,76,0,5,1,8,4,1,3,1,5,5,4,1,3,11
MAIL1QDM,76,0,11,1,4,2,4,3,3,8,3,4,3,1,5
MAIL1QLR,76,0,7,1,3,1,4,3,4,11,4,5,3,3,3
MAIL1QMI,76,0,2,7,2,5,2,11,4,1,4,4,3,4,3
MAIL1QNL,76,0,5,11,4,4,2,4,2,7,3,4,4,1,1
MAIL1QQB,76,0,4,2,3,3,1,4,4,4,11,5,4,6,1
MAIL1QR1,76,0,2,4,4,3,2,2,5,4,3,4,11,3,5
MAIL1QTA,76,0,1,2,4,11,3,3,4,6,5,1,5,6,1
MAIL1QUY,76,0,2,7,6,2,3,3,6,11,1,1,2,3,5
MAIL1QV1,76,0,4,13,0,4,2,8,4,4,4,0,4,2,3
MAIL1QWG,76,0,6,5,3,11,5,2,3,1,2,2,2,5,5
MAIL1R1J,76,0,2,3,2,11,3,4,2,1,3,6,5,5,5
MAIL1R3I,76,0,2,4,11,1,1,8,5,5,4,4,2,4,1
MAIL1R5I,76,0,2,3,3,2,3,2,11,7,2,2,6,5,4
MAIL1RB8,76,0,7,2,2,4,4,3,4,3,3,11,4,2,3
MAIL1RCA,76,0,11,2,3,1,4,2,4,2,5,2,5,7,4
MAIL1REH,76,0,2,3,8,3,3,3,2,3,3,11,4,4,3
MAIL1RH1,76,0,1,6,11,1,5,1,1,3,7,5,2,6,3
MAIL1RII,76,0,3,2,2,2,3,11,4,5,1,9,3,4,3
MAIL1RMN,76,0,11,2,6,2,2,3,6,4,6,2,4,1,3
MAIL1RR8,76,0,5,3,5,6,4,2,7,2,1,3,2,11,1
MAIL1RVX,76,0,5,4,4,2,3,8,4,4,2,3,1,11,1
MAIL1RWP,76,0,3,3,3,5,4,4,12,4,0,2,3,6,3
MAIL1S23,76,0,3,2,2,6,2,0,12,6,2,2,4,6,5
MAIL1S2V,76,0,3,3,6,6,1,3,2,4,4,11,2,5,2
MAIL1S46,76,0,2,6,6,3,4,4,2,1,6,2,4,1,11
MAIL1S4B,76,0,3,2,3,4,1,6,4,3,4,11,7,3,1
MAIL1S7G,76,0,1,11,3,3,4,4,2,7,4,3,3,4,3
MAIL1SAY,76,0,4,5,4,6,1,2,11,5,5,2,1,4,2
MAIL1SCU,76,0,3,4,1,1,4,5,6,3,11,5,2,6,1
MAIL1SKM,76,0,11,4,4,4,3,3,4,5,2,1,5,5,1
MAIL1SLC,76,0,7,2,1,3,1,1,7,11,7,3,2,2,5
MAIL1SOM,76,0,6,5,11,8,3,2,3,2,3,2,1,4,2
MAIL1SPK,76,0,11,6,2,2,2,5,3,3,4,3,5,3,3
MAIL1SR5,76,0,4,3,2,2,11,1,5,3,5,2,7,3,4
MAIL111M,75,0,4,2,1,2,4,6,3,7,10,5,2,4,2
MAIL111S,75,0,5,10,3,2,1,1,5,4,4,1,5,7,4
MAIL1126,75,0,5,2,0,6,5,3,3,4,5,1,4,11,3
MAIL112H,75,0,6,4,6,5,2,1,2,1,4,4,2,10,5
MAIL112I,75,0,4,3,2,10,3,6,5,5,4,1,3,4,2
MAIL1145,75,0,2,6,4,1,5,10,2,3,3,5,5,2,4
MAIL1148,75,0,3,1,1,5,6,4,10,5,2,2,7,4,2
MAIL114F,75,0,5,3,5,2,1,7,2,5,2,3,10,3,4
MAIL1154,75,0,4,4,10,3,2,2,4,2,3,4,3,6,5
MAIL1159,75,0,3,2,7,5,4,4,1,5,1,2,10,3,5
MAIL115F,75,0,1,1,4,2,3,8,5,3,10,5,6,3,1
MAIL117R,75,0,3,4,10,3,7,1,4,4,5,1,4,3,3
MAIL1183,75,0,3,2,4,3,3,4,4,10,2,5,1,5,6
MAIL1184,75,0,2,10,1,5,2,6,4,4,2,6,2,4,4
MAIL11A2,75,0,5,3,10,2,2,2,1,7,7,5,3,4,1
MAIL11AP,75,0,4,3,2,3,10,3,5,6,2,3,4,2,5
MAIL11BU,75,0,2,10,4,6,6,2,2,6,5,3,1,1,4
MAIL11C3,75,0,0,4,11,5,5,5,5,1,3,4,3,3,3
MAIL11D4,75,0,3,2,5,1,4,4,6,10,2,6,5,2,2
MAIL11D9,75,0,4,10,2,4,6,3,4,2,8,2,3,2,2
MAIL11DE,75,0,4,3,6,10,5,1,4,2,4,3,3,2,5
MAIL11DK,75,0,4,2,6,6,4,2,4,10,3,4,3,1,3
MAIL11EH,75,0,5,2,3,3,1,2,1,11,6,8,5,5,0
MAIL11ET,75,0,3,4,6,4,4,1,1,5,5,3,10,4,2
MAIL11F9,75,0,6,4,4,10,5,4,2,2,4,4,4,1,2
MAIL11GD,75,0,5,5,3,5,0,11,4,2,2,6,4,2,3
MAIL11HB,75,0,6,3,5,6,2,2,5,3,3,3,2,10,2
MAIL11HM,75,0,10,1,3,1,4,6,4,5,1,6,3,6,2
MAIL11I3,75,0,2,4,6,11,2,2,3,8,3,3,0,2,6
MAIL11IK,75,0,3,1,4,3,3,3,4,6,3,5,3,10,4
MAIL11JH,75,0,4,3,2,2,3,4,1,10,5,3,3,6,6
MAIL11K1,75,0,2,10,2,3,3,5,4,3,5,4,5,2,4
MAIL11KV,75,0,4,2,2,5,1,5,4,5,6,3,10,4,1
MAIL11LV,75,0,7,2,3,2,6,3,4,10,2,1,3,6,3
MAIL11MQ,75,0,10,2,5,4,3,4,4,2,5,1,3,7,2
MAIL11NG,75,0,10,4,5,2,1,3,2,5,3,3,4,6,4
MAIL11NI,75,0,1,1,4,2,5,2,5,3,5,3,7,10,4
MAIL11OE,75,0,4,2,5,2,3,5,10,4,5,3,3,3,3
MAIL11OM,75,0,3,7,4,5,4,1,4,4,10,2,2,3,3
MAIL11OO,75,0,3,2,4,10,3,3,4,4,4,3,5,6,1
MAIL11P5,75,0,3,3,2,3,5,5,4,1,10,4,2,4,6
MAIL11PK,75,0,5,3,1,2,4,6,2,10,5,4,3,3,4
MAIL11PL,75,0,4,1,7,2,2,3,3,4,5,5,5,10,1
MAIL11S1,75,0,3,5,3,5,3,5,3,2,1,2,10,6,4
MAIL11SM,75,0,4,10,2,3,1,2,5,4,2,4,4,5,6
MAIL11T5,75,0,2,6,5,2,4,2,10,2,3,5,3,3,5
MAIL11T6,75,0,4,2,6,3,8,6,1,1,3,11,0,2,5
MAIL11VL,75,0,3,3,2,5,5,1,2,6,2,6,2,5,10
MAIL11WG,75,0,5,5,2,3,3,4,3,10,3,4,2,4,4
MAIL11WN,75,0,3,5,2,4,2,6,1,5,6,2,3,3,10
MAIL11YE,75,0,2,6,4,3,10,4,4,4,4,2,3,4,2
MAIL11ZB,75,0,1,3,2,10,3,1,6,2,4,3,6,5,6
MAIL11ZY,75,0,5,3,4,8,4,3,3,2,2,10,2,4,2
MAIL1212,75,0,3,4,3,5,10,3,3,3,3,2,3,2,8
MAIL1219,75,0,4,1,5,1,5,4,4,4,2,2,10,3,7
MAIL121W,75,0,4,7,0,1,1,5,4,11,2,4,5,4,4
MAIL1227,75,0,2,2,3,6,7,3,3,3,3,5,10,3,2
MAIL122A,75,0,4,10,4,3,2,7,1,3,2,1,4,6,5
MAIL122X,75,0,1,4,2,5,10,6,4,4,5,2,2,3,4
MAIL1238,75,0,5,6,4,1,4,4,1,10,7,4,2,2,2
MAIL123S,75,0,2,3,4,10,2,7,4,6,2,3,2,4,3
MAIL123X,75,0,2,11,5,1,2,6,5,6,5,4,3,0,2
MAIL1243,75,0,2,6,4,1,6,1,5,1,7,5,3,1,10
MAIL1246,75,0,4,10,4,4,5,1,2,4,4,5,4,4,1
MAIL126T,75,0,4,2,10,5,6,4,2,5,4,4,2,2,2
MAIL1279,75,0,3,2,5,10,3,2,2,7,5,3,3,3,4
MAIL127B,75,0,1,5,4,2,4,4,3,4,2,4,4,10,5
MAIL127D,75,0,10,6,4,5,4,2,1,4,2,3,5,4,2
MAIL128K,75,0,10,4,4,5,3,4,3,3,5,3,3,1,4
MAIL12C1,75,0,8,3,1,5,2,2,3,4,10,2,6,2,4
MAIL12CN,75,0,5,3,4,2,5,3,10,2,3,2,5,3,5
MAIL12CY,75,0,4,6,1,3,10,4,2,2,3,7,4,2,4
MAIL12D4,75,0,4,1,3,1,4,5,4,3,3,2,8,4,10
MAIL12DE,75,0,3,2,5,5,4,10,2,5,4,1,4,3,4
MAIL12EE,75,0,3,2,3,8,2,3,10,5,1,6,5,1,3
MAIL12H7,75,0,2,10,1,4,7,4,3,3,4,7,1,1,5
MAIL12HE,75,0,5,3,10,6,4,3,2,1,3,3,2,3,7
MAIL12IB,75,0,3,10,3,2,1,4,3,3,1,10,6,3,3
MAIL12JM,75,0,3,10,2,3,4,3,6,3,7,3,2,4,2
MAIL12KR,75,0,4,1,6,3,7,2,3,10,1,3,5,1,6
MAIL12M3,75,0,3,1,2,1,2,3,5,6,10,3,5,8,3
MAIL12MA,75,0,2,2,4,2,2,6,6,2,5,3,10,4,4
MAIL12PG,75,0,1,2,4,5,5,1,4,3,1,5,4,10,7
MAIL12PJ,75,0,10,3,1,4,3,2,6,3,2,5,5,5,3
MAIL12PK,75,0,4,3,5,5,10,1,4,3,6,5,2,3,1
MAIL12Q1,75,0,4,3,4,3,2,4,6,3,4,4,4,1,10
MAIL12S1,75,0,5,6,3,10,3,2,2,3,5,6,2,3,2
MAIL12TW,75,0,3,6,5,2,6,2,3,11,3,0,2,3,6
MAIL12U6,75,0,2,6,10,3,6,2,3,4,3,1,6,2,4
MAIL12UH,75,0,4,3,6,5,3,6,5,10,1,2,1,4,2
MAIL12W2,75,0,3,2,3,3,5,10,2,3,7,2,5,4,3
MAIL12WC,75,0,2,4,6,3,3,7,3,2,3,6,2,10,1
MAIL12X5,75,0,5,4,2,4,10,4,4,1,3,5,2,5,3
MAIL12Y2,75,0,3,2,7,11,1,3,8,1,4,6,5,1,0
MAIL12Z2,75,0,3,10,2,1,2,5,6,2,4,5,5,2,5
MAIL12Z4,75,0,3,7,2,4,2,4,3,3,2,5,3,10,4
MAIL12ZE,75,0,5,4,0,4,1,3,7,2,4,11,4,3,4
MAIL12ZP,75,0,7,3,3,2,1,4,3,10,5,4,3,4,3
MAIL131K,75,0,2,6,3,5,2,4,3,3,5,3,3,10,3
MAIL131L,75,0,3,3,2,6,5,7,3,1,4,4,3,0,11
MAIL131Z,75,0,3,2,5,2,1,4,2,5,4,10,4,5,5
MAIL132A,75,0,7,2,10,1,1,5,4,7,2,2,5,2,4
MAIL133J,75,0,4,2,4,4,2,10,5,6,3,6,2,2,2
MAIL134C,75,0,10,3,2,4,2,3,1,4,3,2,7,8,3
MAIL134K,75,0,5,2,5,2,6,3,5,1,3,3,10,2,5
MAIL134V,75,0,2,7,2,3,2,6,2,5,3,3,10,3,4
MAIL135I,75,0,3,2,3,10,3,8,2,2,2,5,4,3,5
MAIL1387,75,0,4,1,4,3,5,1,10,5,5,2,5,3,4
MAIL138S,75,0,3,4,4,2,10,3,2,3,2,1,7,5,6
MAIL139O,75,0,10,6,1,5,5,2,4,5,5,1,3,3,2
MAIL13BN,75,0,7,2,4,4,3,10,4,4,2,4,4,1,3
MAIL13C2,75,0,1,3,6,5,2,2,3,5,4,1,10,5,5
MAIL13E7,75,0,2,3,1,2,9,10,5,7,2,1,4,3,3
MAIL13EX,75,0,2,7,4,10,4,1,2,6,1,3,3,6,3
MAIL13FU,75,0,2,2,3,4,5,4,3,5,3,7,10,3,1
MAIL13H9,75,0,4,4,6,3,4,1,4,4,2,1,5,4,10
MAIL13JC,75,0,2,1,3,4,3,10,6,6,4,2,5,4,2
MAIL13JL,75,0,5,1,3,4,3,4,6,10,1,6,2,4,3
MAIL13JV,75,0,2,2,8,0,1,6,4,3,3,3,4,5,11
MAIL13JY,75,0,3,4,7,2,3,5,10,1,2,2,4,7,2
MAIL13LM,75,0,3,3,2,2,5,2,3,6,10,3,7,4,2
MAIL13LX,75,0,5,4,7,10,1,3,4,2,5,4,1,1,5
MAIL13M2,75,0,4,5,5,2,3,3,1,5,4,10,5,3,2
MAIL13M8,75,0,2,1,2,6,4,5,5,10,5,6,1,3,2
MAIL13MN,75,0,3,4,6,10,3,4,2,2,2,2,5,5,4
MAIL13N4,75,0,5,1,3,6,2,1,1,10,1,4,8,4,6
MAIL13NU,75,0,4,10,1,4,7,4,3,2,1,4,7,4,1
MAIL13OD,75,0,4,2,8,2,10,2,3,3,6,2,3,2,5
MAIL13OT,75,0,2,3,3,3,5,4,10,3,4,6,5,3,1
MAIL13OY,75,0,4,3,5,3,3,3,10,3,5,2,5,3,3
MAIL13QA,75,0,4,11,0,2,4,6,2,6,2,3,3,5,4
MAIL13QL,75,0,3,3,4,4,0,11,5,3,6,4,2,4,3
MAIL13QX,75,0,2,5,11,5,0,1,6,6,3,2,6,4,1
MAIL13R5,75,0,1,5,6,10,5,1,3,3,3,6,2,4,3
MAIL13T8,75,0,4,1,3,2,3,1,11,5,8,3,0,7,4
MAIL13TD,75,0,1,7,5,6,4,4,5,3,2,1,1,3,10
MAIL13TF,75,0,2,1,10,2,6,5,6,1,4,2,8,3,2
MAIL13TI,75,0,3,4,4,2,5,3,8,2,10,2,2,1,6
MAIL13TR,75,0,3,7,1,3,4,10,6,2,2,2,2,3,7
MAIL13U8,75,0,2,2,2,1,11,8,4,6,0,2,3,3,8
MAIL13UP,75,0,3,6,2,4,4,2,2,3,5,3,4,10,4
MAIL13WB,75,0,1,4,2,5,5,1,6,2,1,3,10,6,6
MAIL13WL,75,0,7,5,3,3,5,4,4,3,10,3,2,1,2
MAIL13YR,75,0,2,2,7,10,3,2,3,1,4,5,5,3,5
MAIL13ZR,75,0,5,3,4,3,10,2,2,4,5,5,5,2,2
MAIL141V,75,0,4,9,1,1,10,4,1,5,4,1,3,5,4
MAIL1424,75,0,4,3,2,6,5,2,8,2,10,3,1,3,3
MAIL1425,75,0,1,4,4,6,2,5,4,4,5,1,3,3,10
MAIL1439,75,0,10,5,3,2,6,4,3,6,1,2,3,5,2
MAIL144E,75,0,2,10,5,2,3,4,2,5,4,7,1,4,3
MAIL144V,75,0,5,3,3,6,5,2,3,3,10,6,3,1,2
MAIL145E,75,0,5,4,5,2,2,10,5,3,4,1,5,3,3
MAIL148L,75,0,2,3,3,10,8,2,2,6,4,3,3,5,1
MAIL148T,75,0,3,3,4,5,4,1,2,10,6,7,2,2,3
MAIL1491,75,0,5,4,5,1,1,10,3,2,3,5,2,7,4
MAIL149E,75,0,6,2,5,5,1,2,2,10,3,3,4,5,4
MAIL149V,75,0,2,6,4,2,10,3,4,2,2,3,4,2,8
MAIL14B4,75,0,4,5,5,3,2,4,3,3,4,3,10,4,2
MAIL14B5,75,0,10,4,5,4,4,4,3,2,3,2,1,3,7
MAIL14B9,75,0,5,5,10,3,5,2,3,4,2,3,1,4,5
MAIL14BR,75,0,2,3,10,4,4,2,3,3,5,4,1,8,3
MAIL14BU,75,0,5,4,3,1,10,5,1,3,2,8,3,4,3
MAIL14CL,75,0,10,5,2,5,2,5,5,3,7,3,1,2,2
MAIL14CP,75,0,6,6,5,3,10,3,2,1,3,4,2,4,3
MAIL14CR,75,0,1,5,2,2,3,2,10,5,2,6,5,2,7
MAIL14D2,75,0,7,1,7,4,1,2,2,5,10,4,3,4,2
MAIL14E5,75,0,5,6,6,4,4,4,10,1,2,3,3,1,3
MAIL14E7,75,0,5,4,3,4,2,2,3,4,3,5,4,10,3
MAIL14ER,75,0,4,3,6,3,11,4,0,3,5,6,3,3,1
MAIL14EY,75,0,2,3,2,3,4,5,4,3,4,10,2,4,6
MAIL14G8,75,0,1,3,3,10,3,3,3,5,7,2,4,4,4
MAIL14GY,75,0,4,6,5,4,3,10,4,2,2,2,5,1,4
MAIL14HC,75,0,9,2,4,5,2,3,10,1,2,5,3,4,2
MAIL14HW,75,0,11,3,0,3,6,1,2,6,5,4,4,4,3
MAIL14IB,75,0,3,4,10,6,3,1,1,2,5,6,7,3,1
MAIL14ID,75,0,2,4,4,4,5,2,2,5,10,5,3,1,5
MAIL14IW,75,0,4,1,4,10,5,2,5,1,1,4,4,8,3
MAIL14J8,75,0,3,2,5,6,2,1,2,4,3,10,8,3,3
MAIL14JC,75,0,3,2,4,2,4,1,8,3,3,3,2,7,10
MAIL14PD,75,0,2,2,2,3,10,7,3,7,1,4,3,6,2
MAIL14QT,75,0,4,7,3,3,5,4,3,3,3,4,10,1,2
MAIL14S3,75,0,1,6,3,1,4,5,3,5,1,3,5,10,5
MAIL14SF,75,0,3,10,2,4,1,2,4,2,5,1,7,7,4
MAIL14SU,75,0,2,2,4,2,2,5,8,3,10,4,4,2,4
MAIL14TB,75,0,3,2,5,5,1,10,2,2,2,4,8,7,1
MAIL14TT,75,0,6,1,10,3,5,1,1,5,2,3,7,4,4
MAIL14UO,75,0,3,6,4,4,10,2,3,3,3,4,3,3,4
MAIL14VC,75,0,2,5,3,3,3,4,1,5,10,4,5,4,3
MAIL14VI,75,0,3,6,2,8,3,5,4,2,1,1,3,4,10
MAIL14X7,75,0,5,4,3,2,2,1,10,4,3,4,4,5,5
MAIL14XL,75,0,3,4,5,5,10,3,3,1,2,1,6,4,5
MAIL14XX,75,0,2,3,5,5,10,6,2,2,3,2,3,7,2
MAIL14YE,75,0,4,4,3,4,2,2,4,4,10,5,2,3,5
MAIL14Z3,75,0,2,2,4,5,3,3,4,10,2,5,2,5,5
MAIL14Z5,75,0,3,3,4,1,5,4,11,2,5,0,5,6,3
MAIL151U,75,0,2,10,7,5,4,2,3,3,2,2,1,6,5
MAIL152W,75,0,2,6,4,6,4,2,2,5,1,3,4,10,3
MAIL153E,75,0,2,3,6,4,4,1,5,4,2,3,3,5,10
MAIL1541,75,0,3,5,4,1,10,3,4,9,1,5,3,1,3
MAIL154D,75,0,6,5,4,4,2,3,4,1,10,1,6,3,3
MAIL154M,75,0,5,5,2,2,4,4,4,11,0,5,2,5,3
MAIL154W,75,0,4,1,6,5,10,1,5,3,2,2,5,4,4
MAIL1564,75,0,3,6,3,6,2,2,3,4,1,3,5,10,4
MAIL156O,75,0,10,1,3,4,6,3,3,1,2,3,6,7,3
MAIL156T,75,0,4,4,4,0,3,5,4,4,3,11,6,2,2
MAIL157G,75,0,6,4,4,5,7,10,1,3,2,1,1,5,3
MAIL159O,75,0,4,3,5,3,10,4,1,4,4,2,3,5,4
MAIL15AG,75,0,3,4,3,3,5,10,5,6,2,4,2,3,2
MAIL15AR,75,0,3,5,6,7,2,10,4,2,1,2,3,4,3
MAIL15B6,75,0,5,6,10,9,2,1,1,5,3,4,3,2,1
MAIL15B8,75,0,6,3,5,1,3,2,10,3,2,4,4,6,3
MAIL15D6,75,0,3,2,3,4,10,5,5,2,3,6,6,1,2
MAIL15E1,75,0,10,1,4,5,10,1,3,3,2,3,2,3,5
MAIL15GZ,75,0,2,2,10,1,5,5,2,1,5,4,7,4,4
MAIL15HL,75,0,3,4,1,10,1,5,5,2,5,6,1,3,6
MAIL15HN,75,0,5,3,10,3,1,2,5,5,2,3,1,5,7
MAIL15HP,75,0,3,3,3,1,4,6,2,6,4,3,3,10,4
MAIL15HY,75,0,3,4,2,2,4,4,4,4,3,5,10,2,5
MAIL15IX,75,0,1,7,2,3,8,4,2,2,10,5,2,1,5
MAIL15JZ,75,0,4,10,2,2,4,1,4,8,5,2,3,3,4
MAIL15K3,75,0,1,3,5,2,5,4,3,10,2,3,4,3,7
MAIL15KE,75,0,6,4,2,2,4,4,2,11,2,7,2,0,6
MAIL15KS,75,0,5,3,4,4,3,10,5,3,3,2,1,7,2
MAIL15LP,75,0,2,6,3,10,4,3,2,5,6,2,3,2,4
MAIL15LU,75,0,3,2,6,1,3,10,2,3,8,3,5,3,3
MAIL15N9,75,0,3,2,1,7,3,4,2,4,4,8,10,2,2
MAIL15O3,75,0,1,3,6,2,3,10,5,3,6,2,5,3,3
MAIL15OA,75,0,5,1,4,1,3,2,10,3,4,4,5,5,5
MAIL15QP,75,0,4,10,5,6,2,2,3,3,4,4,4,1,4
MAIL15QT,75,0,11,4,5,2,3,5,3,3,6,2,0,2,6
MAIL15RP,75,0,1,2,5,5,4,2,3,10,3,4,2,8,3
MAIL15RU,75,0,4,1,6,10,3,5,2,2,2,5,6,2,4
MAIL15SB,75,0,3,1,2,3,4,6,3,6,5,3,4,10,2
MAIL15SH,75,0,4,2,1,5,3,10,2,6,5,1,4,3,6
MAIL15SN,75,0,5,2,10,7,2,2,5,3,2,4,3,4,3
MAIL15TM,75,0,5,4,2,3,3,3,5,10,1,2,3,5,6
MAIL15U5,75,0,10,3,2,2,2,6,3,5,1,4,4,5,5
MAIL15V4,75,0,3,5,1,6,4,3,3,2,5,3,10,4,3
MAIL15W2,75,0,3,5,10,6,2,4,3,1,5,3,4,4,2
MAIL15WI,75,0,2,4,4,4,2,7,2,3,10,4,2,3,5
MAIL15WL,75,0,1,1,4,5,7,2,5,3,2,10,6,4,2
MAIL15X5,75,0,3,10,3,3,2,3,4,1,3,2,4,8,6
MAIL15XE,75,0,5,3,3,2,2,2,3,5,6,4,10,1,6
MAIL15YB,75,0,3,6,5,5,2,10,4,5,2,2,3,3,2
MAIL15ZQ,75,0,1,3,4,4,1,3,10,2,1,8,6,5,4
MAIL161U,75,0,2,1,5,5,6,5,6,3,2,2,3,2,10
MAIL163O,75,0,2,3,5,4,3,1,5,10,7,5,2,2,3
MAIL164T,75,0,1,6,5,1,5,5,2,6,2,4,0,4,11
MAIL1652,75,0,2,2,5,2,3,1,6,4,3,3,5,6,10
MAIL1658,75,0,5,5,3,4,2,10,2,5,5,2,4,2,3
MAIL1665,75,0,3,8,10,2,4,3,2,5,3,2,2,3,5
MAIL166D,75,0,4,3,4,4,2,6,3,3,4,4,1,10,4
MAIL1678,75,0,3,5,10,2,1,3,5,4,3,8,5,2,1
MAIL167J,75,0,4,10,3,5,2,3,5,3,2,6,2,2,5
MAIL167X,75,0,4,5,2,3,1,6,10,2,3,6,4,4,2
MAIL1684,75,0,8,1,4,4,2,1,10,5,5,3,3,2,4
MAIL1695,75,0,5,2,1,10,2,3,6,2,5,4,7,2,3
MAIL169O,75,0,6,3,4,2,10,1,4,4,5,2,5,3,3
MAIL16B7,75,0,3,2,4,10,6,5,2,3,3,3,3,4,4
MAIL16BP,75,0,4,4,2,4,4,1,5,3,10,4,2,6,3
MAIL16BS,75,0,2,10,2,2,5,4,6,1,2,3,6,3,6
MAIL16D9,75,0,5,11,3,7,4,4,3,3,0,3,5,3,1
MAIL16EI,75,0,5,0,2,4,11,4,3,5,3,5,3,5,2
MAIL16ES,75,0,4,10,5,2,4,3,4,3,2,4,7,1,3
MAIL16F4,75,0,7,1,1,4,4,4,5,3,4,4,10,2,3
MAIL16G3,75,0,2,3,5,6,4,3,4,1,10,4,3,4,3
MAIL16GJ,75,0,10,4,4,3,3,2,4,5,2,4,2,5,4
MAIL16GM,75,0,3,4,3,3,6,4,4,2,4,4,2,10,3
MAIL16HR,75,0,10,2,5,3,4,2,4,4,3,4,4,4,3
MAIL16HT,75,0,2,4,3,6,2,3,4,5,2,3,5,10,3
MAIL16J2,75,0,3,3,7,3,4,3,6,2,6,2,2,10,1
MAIL16KZ,75,0,2,3,6,5,6,4,0,3,5,3,1,11,3
MAIL16L4,75,0,10,4,3,4,2,4,5,2,4,2,3,4,5
MAIL16LP,75,0,10,3,1,5,2,4,5,6,4,3,4,2,3
MAIL16ME,75,0,5,1,1,5,6,2,4,6,10,5,2,3,2
MAIL16MM,75,0,2,2,2,4,3,3,7,3,10,3,3,5,5
MAIL16MV,75,0,1,2,2,3,3,10,3,6,3,6,4,5,4
MAIL16OC,75,0,4,6,10,1,1,4,3,6,2,4,2,7,2
MAIL16OZ,75,0,5,5,10,3,3,4,1,3,1,4,5,4,4
MAIL16P8,75,0,3,1,4,10,5,3,2,6,5,5,4,3,1
MAIL16P9,75,0,4,6,10,2,4,1,4,2,4,3,4,4,4
MAIL16PO,75,0,3,3,2,0,4,9,2,1,6,11,2,4,5
MAIL16Q8,75,0,1,2,4,3,5,6,3,10,4,2,3,4,5
MAIL16RD,75,0,7,4,3,3,2,3,10,3,3,4,2,2,6
MAIL16RM,75,0,2,4,5,5,2,4,1,10,5,2,3,2,7
MAIL16RS,75,0,2,4,5,4,5,1,3,2,10,6,4,3,3
MAIL16T2,75,0,2,2,5,3,4,4,3,10,3,2,5,4,5
MAIL16TB,75,0,2,4,8,2,3,5,2,9,2,10,2,2,1
MAIL16TN,75,0,6,4,4,6,2,4,10,3,3,3,2,2,3
MAIL16UT,75,0,10,4,7,3,3,3,3,2,4,4,4,3,2
MAIL16WO,75,0,3,2,4,5,2,2,3,6,5,2,7,0,11
MAIL16XG,75,0,11,5,5,5,6,2,6,1,1,3,0,1,6
MAIL16XO,75,0,3,6,3,2,3,3,3,2,10,6,2,4,5
MAIL16XQ,75,0,4,3,4,3,7,3,3,2,2,5,2,4,10
MAIL16XS,75,0,2,3,7,10,5,1,4,1,1,1,6,6,5
MAIL16YD,75,0,3,7,3,10,3,3,4,3,4,3,2,5,2
MAIL16YF,75,0,3,6,4,3,10,3,4,4,2,2,4,4,3
MAIL171X,75,0,0,3,11,5,3,3,7,2,4,6,3,4,1
MAIL172C,75,0,10,7,4,6,3,1,4,2,5,3,3,2,2
MAIL173R,75,0,4,7,5,3,2,5,2,0,3,4,5,11,1
MAIL176E,75,0,4,2,2,2,10,7,3,5,2,5,3,3,4
MAIL1777,75,0,2,5,2,10,5,2,4,2,5,3,5,3,4
MAIL178C,75,0,2,4,4,2,4,5,10,3,3,3,5,3,4
MAIL179D,75,0,2,0,11,4,2,4,3,7,1,5,3,6,4
MAIL179Z,75,0,10,2,5,4,4,4,1,8,1,1,4,3,5
MAIL17AK,75,0,3,5,3,3,4,1,3,10,5,4,5,3,3
MAIL17B3,75,0,5,2,10,6,4,4,7,4,2,2,3,1,2
MAIL17BD,75,0,2,3,5,5,4,3,6,3,3,4,3,10,1
MAIL17BP,75,0,4,3,10,4,4,4,3,4,2,3,2,4,5
MAIL17CK,75,0,10,3,6,5,4,3,3,2,3,3,6,1,3
MAIL17DD,75,0,1,10,7,4,5,2,4,5,4,1,4,2,3
MAIL17EE,75,0,6,7,3,4,5,6,10,3,3,1,1,2,1
MAIL17EK,75,0,3,5,4,6,4,2,1,4,6,11,4,0,2
MAIL17ES,75,0,5,6,1,2,11,4,4,5,5,1,0,5,3
MAIL17ET,75,0,1,7,1,7,10,3,6,1,4,1,3,6,2
MAIL17FQ,75,0,6,4,10,6,5,3,1,5,2,5,3,1,1
MAIL17G1,75,0,4,2,7,2,2,2,2,10,4,1,4,3,9
MAIL17IG,75,0,4,11,2,4,6,7,2,2,3,5,5,0,1
MAIL17J7,75,0,7,2,2,3,5,10,1,3,4,2,7,2,4
MAIL17LB,75,0,7,4,4,1,3,3,0,6,3,11,1,6,3
MAIL17LL,75,0,1,1,3,5,2,0,8,3,5,5,11,4,4
MAIL17M2,75,0,2,3,4,4,7,1,4,10,2,5,1,4,5
MAIL17MK,75,0,4,3,4,8,2,1,2,1,7,2,10,4,4
MAIL17MO,75,0,3,2,1,2,5,1,10,6,4,3,3,5,7
MAIL17MW,75,0,4,2,4,2,4,10,3,3,4,6,3,4,3
MAIL17N2,75,0,2,4,3,2,1,1,5,8,3,1,3,9,10
MAIL17NS,75,0,6,1,1,7,5,2,10,7,3,1,2,4,3
MAIL17OH,75,0,4,2,4,3,5,3,2,3,3,2,7,10,4
MAIL17QJ,75,0,10,5,2,5,2,3,4,4,2,5,3,2,5
MAIL17SO,75,0,3,1,1,11,0,6,3,4,3,4,3,6,7
MAIL17T1,75,0,4,3,7,3,5,4,0,11,3,3,4,3,2
MAIL17TX,75,0,2,10,4,3,5,3,7,5,1,2,5,3,2
MAIL17U3,75,0,4,3,1,5,5,10,4,7,4,2,3,2,2
MAIL17VM,75,0,5,7,4,3,2,1,4,3,10,5,3,1,4
MAIL17W3,75,0,4,4,2,3,2,10,3,2,7,4,3,3,5
MAIL17WB,75,0,3,5,4,2,1,5,4,2,8,10,3,3,2
MAIL17YS,75,0,7,7,11,3,3,4,1,1,0,5,3,5,2
MAIL17YU,75,0,3,2,6,5,5,2,1,6,4,3,2,3,10
MAIL17ZV,75,0,2,2,3,5,6,3,2,1,10,2,7,5,4
MAIL181U,75,0,3,2,10,4,3,7,3,4,3,7,2,3,1
MAIL1826,75,0,6,2,3,5,10,2,5,5,3,1,2,4,4
MAIL1837,75,0,6,1,4,4,5,2,5,4,3,3,2,3,10
MAIL183H,75,0,10,2,1,2,2,4,3,4,5,5,7,5,2
MAIL184E,75,0,6,10,3,3,1,3,4,3,3,2,5,3,6
MAIL184O,75,0,1,4,10,5,1,1,3,5,5,5,3,4,5
MAIL1859,75,0,3,1,5,4,5,1,5,10,3,5,4,3,3
MAIL185W,75,0,1,3,6,2,5,1,10,4,3,3,4,3,7
MAIL186I,75,0,3,3,10,2,3,5,4,5,4,2,3,3,5
MAIL186M,75,0,10,2,3,6,5,1,6,5,5,1,3,1,4
MAIL186P,75,0,4,4,10,5,5,2,5,2,4,3,3,2,3
MAIL187I,75,0,4,3,2,3,5,4,3,10,6,3,3,1,5
MAIL188D,75,0,3,3,3,2,5,3,2,10,7,3,3,2,6
MAIL188N,75,0,3,5,8,0,0,12,2,4,3,3,5,3,4
MAIL188S,75,0,10,2,3,3,1,5,3,4,2,3,4,7,5
MAIL18AK,75,0,2,4,11,4,1,1,4,5,5,4,6,0,5
MAIL18DM,75,0,5,11,4,3,1,0,8,4,3,6,3,2,2
MAIL18E6,75,0,3,1,4,6,2,10,4,3,6,1,2,6,4
MAIL18EL,75,0,4,5,3,3,4,3,6,11,1,0,4,5,3
MAIL18EM,75,0,5,1,6,10,3,1,2,2,4,4,3,8,3
MAIL18EN,75,0,2,1,7,2,2,2,10,9,4,7,1,3,2
MAIL18EP,75,0,5,3,4,2,2,2,3,6,6,2,10,5,2
MAIL18ET,75,0,6,2,4,2,3,5,6,5,2,10,2,3,2
MAIL18J3,75,0,4,7,10,3,4,2,1,5,2,4,3,3,4
MAIL18JS,75,0,4,3,6,4,2,2,10,5,5,1,3,4,3
MAIL18KA,75,0,3,1,3,2,2,4,5,4,10,5,6,3,4
MAIL18KW,75,0,1,3,6,2,7,9,4,3,2,10,2,2,1
MAIL18MA,75,0,2,10,5,4,4,2,2,3,3,3,5,5,4
MAIL18MI,75,0,7,4,3,3,5,5,2,10,6,2,1,3,1
MAIL18MQ,75,0,5,2,5,5,2,1,3,3,4,4,10,4,4
MAIL18NM,75,0,2,3,4,3,4,7,2,10,3,2,2,4,6
MAIL18O8,75,0,3,1,2,3,6,6,4,8,3,1,3,2,10
MAIL18OJ,75,0,10,7,2,3,4,5,2,4,5,4,2,2,2
MAIL18PM,75,0,2,4,2,3,4,2,2,4,4,5,10,7,3
MAIL18QT,75,0,4,4,6,5,11,1,3,0,4,2,3,5,4
MAIL18R4,75,0,3,6,4,2,4,3,2,1,5,4,10,4,4
MAIL18VB,75,0,2,6,1,4,11,4,5,1,7,0,3,2,6
MAIL18WN,75,0,4,3,5,4,10,2,5,4,2,4,3,4,2
MAIL18XO,75,0,5,2,4,1,7,3,10,4,3,4,3,2,4
MAIL18ZG,75,0,10,3,5,2,4,3,4,2,3,2,3,4,7
MAIL191Y,75,0,2,5,2,5,4,5,3,2,4,3,10,6,1
MAIL193R,75,0,4,6,4,2,10,3,7,2,4,2,3,3,2
MAIL194S,75,0,2,4,5,3,5,3,1,1,2,10,7,5,4
MAIL196B,75,0,1,2,3,2,10,4,4,5,3,5,7,2,4
MAIL196W,75,0,2,2,3,4,3,4,3,5,10,3,3,6,4
MAIL198J,75,0,3,1,2,5,3,4,5,4,4,3,10,4,4
MAIL198S,75,0,2,10,2,5,3,1,3,5,3,3,6,4,5
MAIL1992,75,0,4,2,4,5,6,4,2,1,3,2,4,10,5
MAIL199N,75,0,6,3,10,4,2,5,4,2,5,4,4,2,1
MAIL199V,75,0,3,1,1,10,3,8,6,2,2,5,4,5,2
MAIL199Y,75,0,3,10,2,4,4,5,4,2,4,2,3,4,5
MAIL19AA,75,0,2,3,10,3,3,3,4,4,6,4,5,3,2
MAIL19AH,75,0,0,2,6,2,3,6,1,4,3,3,5,6,11
MAIL19AO,75,0,7,0,11,4,4,2,1,4,4,5,2,2,6
MAIL19BF,75,0,4,1,2,5,2,5,6,3,5,5,10,3,1
MAIL19BX,75,0,2,2,2,6,3,2,6,2,4,10,5,6,2
MAIL19BZ,75,0,5,2,2,7,4,5,2,4,5,1,3,2,10
MAIL19DE,75,0,7,4,2,3,3,4,3,3,2,6,10,1,4
MAIL19DF,75,0,2,3,1,2,4,6,3,4,5,4,5,10,3
MAIL19GF,75,0,1,1,7,6,2,7,3,10,3,2,3,1,6
MAIL19H1,75,0,1,4,10,3,2,3,5,2,3,5,4,5,5
MAIL19IC,75,0,6,7,3,1,4,1,10,3,5,4,1,3,4
MAIL19IT,75,0,3,4,2,2,6,1,1,4,8,2,10,6,3
MAIL19JF,75,0,10,4,1,2,7,1,4,6,3,2,5,5,2
MAIL19JL,75,0,4,5,3,5,1,10,3,4,4,2,2,5,4
MAIL19K2,75,0,2,6,10,2,5,4,4,4,5,4,1,3,2
MAIL19K4,75,0,2,2,3,2,10,4,5,6,4,2,6,2,4
MAIL19KI,75,0,2,3,10,4,4,2,3,1,3,2,6,8,4
MAIL19KU,75,0,4,2,3,4,3,1,5,5,10,3,6,3,3
MAIL19LR,75,0,5,2,4,5,1,5,2,2,4,7,10,2,3
MAIL19ME,75,0,4,2,3,10,6,5,3,2,6,3,3,3,2
MAIL19MM,75,0,5,3,2,4,5,6,3,10,3,3,3,1,4
MAIL19MV,75,0,3,10,5,2,3,3,3,1,5,3,3,4,7
MAIL19NF,75,0,10,2,5,3,1,2,8,5,3,5,1,3,4
MAIL19NY,75,0,4,2,4,0,2,5,11,5,2,6,4,3,4
MAIL19O2,75,0,4,4,2,5,4,3,4,1,4,10,3,4,4
MAIL19O3,75,0,6,4,3,2,3,4,10,3,7,1,3,2,4
MAIL19O7,75,0,2,3,8,3,3,2,5,1,6,4,3,10,2
MAIL19OZ,75,0,4,1,10,4,5,4,2,3,4,5,3,5,2
MAIL19PE,75,0,2,3,10,5,2,3,2,4,6,5,4,2,4
MAIL19PZ,75,0,3,5,5,2,4,6,2,3,2,3,3,4,10
MAIL19Q9,75,0,5,6,3,6,4,5,1,2,2,3,3,10,2
MAIL19QJ,75,0,5,3,3,3,10,1,1,4,1,5,2,8,6
MAIL19QR,75,0,4,5,3,2,7,2,2,3,4,10,6,3,1
MAIL19R6,75,0,2,4,1,1,1,10,6,2,7,6,6,2,4
MAIL19RD,75,0,2,2,3,4,3,4,6,5,10,2,2,7,2
MAIL19SI,75,0,10,5,3,3,1,7,2,3,4,5,5,1,3
MAIL19SM,75,0,3,5,6,3,3,2,10,5,3,4,2,3,3
MAIL19SZ,75,0,4,4,10,2,3,3,6,2,4,5,1,4,4
MAIL19T6,75,0,1,2,3,5,10,4,1,4,5,6,4,3,4
MAIL19TG,75,0,2,3,3,4,4,3,4,5,5,2,4,10,3
MAIL19U3,75,0,4,3,3,6,2,10,3,2,2,5,7,2,3
MAIL19UJ,75,0,10,1,4,4,4,1,4,2,4,2,4,5,7
MAIL19UV,75,0,4,6,2,3,5,1,6,10,3,3,1,4,4
MAIL19UX,75,0,7,4,6,3,1,3,3,10,2,6,3,1,3
MAIL19V4,75,0,0,2,3,11,3,8,3,9,1,3,3,3,3
MAIL19V8,75,0,4,4,4,2,3,10,4,6,3,3,2,5,2
MAIL19WK,75,0,2,6,4,1,3,3,2,2,4,10,7,4,4
MAIL19WX,75,0,3,3,6,3,3,10,7,4,2,2,4,4,1
MAIL19XI,75,0,5,1,6,2,2,6,4,2,3,5,10,3,3
MAIL19ZN,75,0,10,3,5,4,3,3,5,2,1,3,3,6,4
MAIL1A16,75,0,3,6,4,1,5,3,4,10,2,5,5,3,1
MAIL1A1K,75,0,2,5,5,3,3,2,10,2,5,6,6,1,2
MAIL1A4L,75,0,4,3,4,5,4,6,3,12,2,0,5,4,0
MAIL1A8G,75,0,2,1,6,2,10,1,1,9,4,7,3,2,4
MAIL1A8L,75,0,4,4,1,10,4,4,3,6,1,4,3,5,3
MAIL1A8P,75,0,5,3,7,5,1,3,3,10,3,4,5,2,1
MAIL1A8W,75,0,4,6,2,2,10,2,4,6,4,1,4,5,2
MAIL1A9Q,75,0,5,4,10,3,4,4,4,4,1,3,3,4,3
MAIL1A9V,75,0,2,4,7,1,2,3,3,3,4,6,10,4,3
MAIL1AA7,75,0,10,5,4,3,4,1,5,4,2,3,3,2,6
MAIL1ACQ,75,0,2,3,2,10,5,2,7,5,4,2,3,3,4
MAIL1ACR,75,0,3,7,4,4,1,3,2,2,10,2,4,4,6
MAIL1ACW,75,0,3,4,3,6,7,5,5,1,2,2,2,10,2
MAIL1ADQ,75,0,10,3,6,4,2,2,3,2,2,5,3,4,6
MAIL1AEB,75,0,10,3,3,5,2,1,3,1,2,5,7,4,6
MAIL1AEE,75,0,4,7,7,3,1,1,5,2,3,2,4,3,10
MAIL1AG5,75,0,2,3,4,3,2,2,3,1,4,4,8,6,10
MAIL1AG9,75,0,2,2,3,2,5,10,8,2,5,2,6,3,2
MAIL1AHW,75,0,3,3,2,4,2,2,1,4,8,8,2,3,10
MAIL1AJF,75,0,2,6,3,10,3,3,4,3,3,3,4,3,5
MAIL1AKI,75,0,3,2,4,4,2,7,3,2,5,5,2,10,3
MAIL1ALI,75,0,1,3,4,2,10,4,8,3,6,3,3,2,3
MAIL1AM8,75,0,8,5,3,3,5,3,3,3,3,10,1,3,2
MAIL1AOE,75,0,1,1,10,1,4,2,2,3,5,6,6,3,8
MAIL1AP6,75,0,3,10,2,4,5,2,1,3,3,8,4,3,4
MAIL1AQ7,75,0,2,7,5,2,4,3,3,2,10,3,2,4,5
MAIL1AQG,75,0,5,2,10,6,1,3,3,2,4,2,8,2,4
MAIL1ARW,75,0,4,5,4,5,10,6,2,1,1,2,3,2,7
MAIL1ASF,75,0,10,1,2,1,4,5,4,3,6,6,4,4,2
MAIL1ASJ,75,0,4,1,5,2,4,2,7,1,10,7,2,3,4
MAIL1ATN,75,0,4,3,4,2,4,3,3,4,10,4,3,6,2
MAIL1AVA,75,0,6,4,10,4,4,2,2,4,2,4,4,5,1
MAIL1AVV,75,0,1,6,4,4,5,3,1,3,1,10,5,5,4
MAIL1AWE,75,0,3,5,3,3,10,5,3,3,2,5,2,3,5
MAIL1AY7,75,0,4,3,1,3,4,3,10,2,5,3,5,4,5
MAIL1AYY,75,0,5,3,2,5,1,11,0,10,1,4,1,5,4
MAIL1B23,75,0,5,2,5,6,0,3,4,1,4,4,11,5,2
MAIL1B37,75,0,10,5,3,4,3,3,1,4,3,4,4,4,4
MAIL1B38,75,0,10,3,4,2,7,1,4,3,4,3,3,6,2
MAIL1B3Y,75,0,2,1,3,3,10,5,4,4,4,5,6,1,4
MAIL1B4F,75,0,4,2,4,6,5,3,5,4,3,2,3,10,1
MAIL1B4Y,75,0,3,10,5,2,3,2,4,7,5,3,5,1,2
MAIL1B59,75,0,5,3,7,2,2,4,3,1,11,0,6,5,3
MAIL1B5M,75,0,10,3,1,4,5,3,4,1,7,3,7,2,2
MAIL1B6B,75,0,6,5,4,3,1,2,2,3,6,3,5,10,2
MAIL1B7V,75,0,5,3,4,3,3,2,10,5,2,7,1,6,1
MAIL1B7Y,75,0,2,2,0,1,11,1,3,7,6,3,5,4,7
MAIL1B8F,75,0,3,5,5,3,4,1,10,2,2,6,2,6,3
MAIL1B9Z,75,0,6,6,3,3,4,3,8,1,3,1,1,3,10
MAIL1BA9,75,0,5,7,2,5,4,10,3,2,1,6,4,1,2
MAIL1BAE,75,0,3,4,5,5,2,1,2,10,3,4,3,4,6
MAIL1BBU,75,0,6,6,1,1,3,3,3,3,4,6,10,3,3
MAIL1BCB,75,0,10,2,7,6,3,3,3,2,4,2,4,3,3
MAIL1BCJ,75,0,4,3,4,4,1,1,7,1,4,2,6,5,10
MAIL1BCV,75,0,3,3,4,6,2,2,5,10,3,1,5,5,3
MAIL1BD2,75,0,9,4,3,10,1,1,5,4,2,3,2,6,2
MAIL1BD7,75,0,5,2,4,2,1,10,3,5,4,2,3,3,8
MAIL1BDZ,75,0,6,2,2,10,2,3,1,7,9,3,2,2,3
MAIL1BFJ,75,0,5,2,2,3,3,11,5,5,2,5,3,6,0
MAIL1BG3,75,0,1,10,1,3,3,6,4,3,6,3,4,5,3
MAIL1BGI,75,0,4,5,4,3,3,6,2,4,3,5,2,10,1
MAIL1BI6,75,0,6,10,3,1,1,3,5,2,3,2,6,6,4
MAIL1BID,75,0,4,2,7,2,10,5,5,5,3,2,2,1,4
MAIL1BJY,75,0,2,10,5,4,5,2,7,4,4,1,3,2,3
MAIL1BL7,75,0,6,4,3,1,6,2,2,1,10,4,3,3,7
MAIL1BMK,75,0,4,10,4,3,5,2,4,1,4,3,4,2,6
MAIL1BMP,75,0,1,10,4,3,1,4,6,3,7,2,1,5,5
MAIL1BMU,75,0,4,4,3,4,2,2,2,2,7,5,10,4,3
MAIL1BNV,75,0,3,2,8,1,3,4,3,10,3,3,2,6,4
MAIL1BPQ,75,0,6,2,1,3,10,3,3,4,4,4,1,5,6
MAIL1BPW,75,0,7,4,1,2,6,10,2,4,1,7,3,2,3
MAIL1BQJ,75,0,4,2,5,5,3,4,3,7,2,1,10,1,5
MAIL1BR4,75,0,2,5,3,1,3,7,7,6,1,1,10,3,3
MAIL1BRV,75,0,10,5,2,3,4,4,3,3,3,5,4,3,3
MAIL1BS5,75,0,5,2,8,7,2,5,5,10,1,3,1,2,1
MAIL1BSU,75,0,4,1,10,6,3,7,3,6,1,3,1,4,3
MAIL1BTI,75,0,6,10,6,6,2,6,1,1,3,2,3,3,3
MAIL1BTX,75,0,7,1,2,10,3,2,3,2,9,3,1,4,5
MAIL1BUC,75,0,10,3,1,3,6,4,2,3,5,5,4,3,3
MAIL1BVY,75,0,3,4,6,1,2,2,3,5,6,3,4,3,10
MAIL1BWM,75,0,4,3,3,2,4,2,3,3,10,4,7,4,3
MAIL1BWR,75,0,4,6,4,4,5,3,1,2,10,3,2,3,5
MAIL1BWU,75,0,2,5,6,4,5,3,2,5,10,5,1,2,2
MAIL1BX1,75,0,3,4,6,3,2,5,10,2,3,4,3,5,2
MAIL1BYO,75,0,10,2,7,5,4,5,3,3,3,2,3,4,1
MAIL1BZ5,75,0,2,4,3,2,6,7,1,10,3,3,7,2,2
MAIL1BZS,75,0,1,6,3,2,3,3,3,10,4,4,6,4,3
MAIL1C1E,75,0,4,4,3,4,3,10,1,3,1,2,3,9,5
MAIL1C24,75,0,4,2,7,10,4,1,3,4,3,5,5,2,2
MAIL1C2M,75,0,2,2,6,2,5,3,5,10,2,4,1,4,6
MAIL1C2Y,75,0,8,1,4,10,5,2,3,3,2,4,4,3,3
MAIL1C3I,75,0,4,6,4,2,3,4,4,3,1,10,3,3,5
MAIL1C3Q,75,0,2,7,2,10,3,5,5,1,3,2,4,4,4
MAIL1C4A,75,0,2,3,7,5,4,2,2,2,6,3,2,10,4
MAIL1C52,75,0,10,3,1,1,6,5,4,7,5,4,1,2,3
MAIL1C6E,75,0,1,3,1,3,4,9,5,3,3,2,3,5,10
MAIL1C6J,75,0,3,3,3,4,3,4,10,4,3,3,2,8,2
MAIL1C6R,75,0,3,2,3,5,5,4,3,0,11,2,5,6,3
MAIL1C6V,75,0,2,2,1,5,2,5,2,10,4,4,8,2,5
MAIL1C78,75,0,4,5,6,10,5,1,2,3,3,5,1,5,2
MAIL1C7T,75,0,4,2,4,3,11,8,4,5,6,2,0,1,2
MAIL1C7W,75,0,2,4,2,10,4,2,4,4,1,5,2,7,5
MAIL1C8Y,75,0,11,2,5,4,2,5,3,1,5,3,4,7,0
MAIL1C93,75,0,5,4,5,3,1,4,1,2,2,6,4,5,10
MAIL1C9E,75,0,3,3,7,5,1,5,2,2,3,4,3,4,10
MAIL1CB6,75,0,3,4,1,3,5,4,10,2,5,4,2,3,6
MAIL1CBH,75,0,6,5,2,7,5,2,2,10,4,4,1,2,2
MAIL1CBO,75,0,3,4,3,4,0,4,1,3,11,2,3,10,4
MAIL1CD5,75,0,3,5,6,3,0,3,4,11,3,5,3,2,4
MAIL1CD6,75,0,2,7,3,1,2,3,0,4,6,2,8,3,11
MAIL1CDT,75,0,5,2,6,4,3,3,4,1,3,4,10,4,3
MAIL1CEE,75,0,3,2,10,3,5,6,2,5,2,8,1,3,2
MAIL1CGD,75,0,3,2,3,4,5,3,10,2,5,3,3,3,6
MAIL1CHQ,75,0,3,8,3,3,1,2,10,4,3,1,2,7,5
MAIL1CHS,75,0,11,6,2,6,1,1,0,2,6,2,3,5,7
MAIL1CJ1,75,0,3,4,7,0,3,3,5,4,11,4,2,4,2
MAIL1CJ9,75,0,3,2,4,3,5,2,10,3,3,5,3,4,5
MAIL1CJN,75,0,5,2,5,3,4,10,2,4,3,6,3,2,3
MAIL1CJQ,75,0,4,10,3,2,3,5,8,4,2,3,4,2,2
MAIL1CKX,75,0,4,3,9,2,1,5,10,2,4,3,4,2,3
MAIL1CLE,75,0,4,2,1,1,7,5,4,3,2,6,10,3,4
MAIL1CLL,75,0,4,2,3,4,0,11,7,3,6,5,2,3,2
MAIL1CM7,75,0,5,4,10,3,2,2,2,5,6,4,3,3,3
MAIL1CM9,75,0,5,2,4,2,7,3,10,5,5,1,3,3,2
MAIL1CNA,75,0,3,3,4,3,5,2,2,4,10,3,4,4,5
MAIL1CNL,75,0,5,2,5,6,2,10,2,2,2,5,1,3,7
MAIL1CNU,75,0,8,5,3,6,4,10,1,2,2,3,3,2,3
MAIL1COK,75,0,1,4,3,6,5,2,5,10,1,6,1,6,2
MAIL1COV,75,0,2,5,2,3,4,10,1,2,6,5,6,3,3
MAIL1CPA,75,0,0,2,5,3,2,11,5,3,2,3,6,5,5
MAIL1CQ6,75,0,5,7,2,2,2,10,5,1,1,2,4,5,6
MAIL1CQG,75,0,3,3,5,10,2,4,4,3,2,5,3,4,4
MAIL1CR3,75,0,1,3,6,11,2,5,3,5,3,5,4,0,4
MAIL1CSQ,75,0,4,4,4,4,1,4,7,3,10,3,4,2,2
MAIL1CV3,75,0,5,4,1,4,4,1,6,5,5,3,3,10,1
MAIL1CWG,75,0,5,3,3,3,6,3,2,5,10,3,4,2,3
MAIL1CWU,75,0,10,6,2,6,2,4,4,3,5,2,3,2,3
MAIL1CXA,75,0,2,3,5,5,1,3,7,3,1,4,2,6,10
MAIL1CXX,75,0,3,6,5,3,1,10,5,4,5,5,2,2,1
MAIL1CY7,75,0,4,4,2,10,5,2,6,3,4,3,3,1,5
MAIL1CYQ,75,0,5,4,3,2,4,2,2,5,3,2,7,10,3
MAIL1CYR,75,0,6,2,5,4,3,4,5,2,3,2,3,3,10
MAIL1CYS,75,0,10,4,1,6,3,4,4,3,4,1,6,4,2
MAIL1CZB,75,0,8,4,3,4,2,0,2,2,5,3,4,4,11
MAIL1D27,75,0,3,2,7,2,6,10,4,3,3,5,2,1,4
MAIL1D2C,75,0,6,3,2,10,7,4,2,3,5,4,2,2,2
MAIL1D38,75,0,2,4,4,4,8,3,11,4,3,0,1,4,4
MAIL1D4M,75,0,3,5,2,2,5,3,4,5,5,2,2,10,4
MAIL1D4U,75,0,3,10,2,4,1,2,4,5,2,3,5,2,9
MAIL1D64,75,0,6,3,10,3,6,5,3,5,2,3,1,3,2
MAIL1D66,75,0,8,2,1,10,2,5,3,2,2,6,8,2,1
MAIL1D6A,75,0,6,4,4,2,4,4,3,4,4,2,2,10,3
MAIL1D8P,75,0,1,2,0,11,2,7,4,2,5,6,4,4,4
MAIL1D92,75,0,4,2,1,3,10,1,5,3,5,4,6,4,4
MAIL1D93,75,0,4,5,3,2,4,2,1,4,6,2,4,5,10
MAIL1D9A,75,0,2,4,2,3,3,4,3,3,4,2,6,10,6
MAIL1DBA,75,0,7,1,1,2,3,6,2,2,10,6,4,3,5
MAIL1DBS,75,0,3,6,4,3,5,4,2,5,4,3,1,10,2
MAIL1DCQ,75,0,5,1,1,3,2,5,5,10,8,5,1,3,3
MAIL1DDF,75,0,5,3,2,6,5,2,2,3,1,5,5,10,3
MAIL1DDN,75,0,4,4,2,5,1,10,3,3,1,5,4,5,5
MAIL1DFO,75,0,4,1,6,4,5,3,3,3,4,3,2,4,10
MAIL1DFY,75,0,1,6,3,6,3,2,10,6,3,2,2,3,5
MAIL1DGT,75,0,1,2,2,10,1,4,6,3,5,4,4,6,4
MAIL1DGY,75,0,3,1,4,2,6,1,6,3,10,6,5,3,2
MAIL1DHG,75,0,5,6,3,10,5,3,4,2,1,4,1,5,3
MAIL1DKC,75,0,10,4,3,2,2,2,7,2,4,5,3,5,3
MAIL1DKY,75,0,2,3,6,5,3,5,1,2,4,2,5,10,4
MAIL1DLL,75,0,4,4,2,10,6,4,1,3,4,3,2,5,4
MAIL1DLW,75,0,3,3,5,3,3,4,1,4,10,5,5,4,2
MAIL1DMJ,75,0,2,2,3,3,4,4,10,4,1,7,2,6,4
MAIL1DMK,75,0,3,2,3,5,5,5,5,2,4,3,3,10,2
MAIL1DO3,75,0,3,10,5,1,5,2,3,7,3,3,4,4,2
MAIL1DO5,75,0,3,4,4,1,3,1,7,6,10,2,4,5,2
MAIL1DOW,75,0,10,3,8,1,2,7,2,1,7,4,2,3,2
MAIL1DPU,75,0,3,7,3,3,10,2,3,4,7,3,1,2,4
MAIL1DPX,75,0,2,10,2,6,2,0,3,4,1,5,11,1,5
MAIL1DQB,75,0,8,2,3,3,1,10,6,5,2,4,2,3,3
MAIL1DQE,75,0,3,10,5,2,4,2,7,3,1,3,4,3,5
MAIL1DRW,75,0,6,3,2,5,1,3,6,3,4,2,4,3,10
MAIL1DTY,75,0,3,5,3,11,4,4,4,5,0,1,1,5,6
MAIL1DUE,75,0,3,6,10,3,2,7,3,3,1,1,5,4,4
MAIL1DVA,75,0,4,1,4,3,2,8,5,2,4,3,3,10,3
MAIL1DVH,75,0,3,4,10,4,2,1,4,2,8,4,4,3,3
MAIL1DVJ,75,0,7,2,1,3,3,4,6,1,10,1,5,2,7
MAIL1DWL,75,0,9,2,3,3,4,10,3,2,4,4,1,6,1
MAIL1DWN,75,0,2,3,0,2,5,11,3,6,2,4,2,9,3
MAIL1DWW,75,0,5,2,2,2,3,5,4,3,3,3,4,10,6
MAIL1DX3,75,0,3,3,3,6,2,3,6,3,3,1,10,3,6
MAIL1DX5,75,0,3,1,3,2,2,3,10,1,9,5,3,5,5
MAIL1DX6,75,0,3,2,1,6,8,1,3,10,3,1,6,3,5
MAIL1DXA,75,0,2,3,10,3,5,5,1,5,5,2,5,2,4
MAIL1DXK,75,0,3,3,3,3,2,4,6,1,10,5,4,3,5
MAIL1DXX,75,0,6,5,6,2,10,6,2,1,5,1,3,4,1
MAIL1DYV,75,0,1,5,6,2,4,3,3,6,2,3,10,3,4
MAIL1DYW,75,0,4,4,2,2,3,4,10,6,6,3,2,3,3
MAIL1DZU,75,0,6,4,4,1,2,6,1,3,4,6,10,4,1
MAIL1E11,75,0,4,1,5,5,10,4,3,6,3,3,3,3,2
MAIL1E13,75,0,10,3,3,4,2,4,1,3,2,4,7,6,3
MAIL1E1O,75,0,3,1,3,7,7,3,3,4,2,4,10,2,3
MAIL1E1U,75,0,4,10,2,4,5,3,3,2,3,8,5,2,1
MAIL1E2J,75,0,1,5,2,5,7,10,2,4,2,5,4,2,3
MAIL1E2P,75,0,6,2,3,1,5,3,4,3,4,5,10,3,3
MAIL1E3D,75,0,6,10,1,4,3,9,2,1,2,2,4,5,3
MAIL1E54,75,0,7,2,3,0,3,11,3,4,5,5,2,5,2
MAIL1E5Z,75,0,3,5,1,3,2,2,1,6,7,3,10,7,2
MAIL1E6G,75,0,5,2,10,4,4,3,1,3,4,7,6,2,1
MAIL1E7A,75,0,6,4,8,3,4,3,4,2,2,10,2,2,2
MAIL1E8Z,75,0,4,4,2,4,3,2,9,3,2,3,3,3,10
MAIL1E9K,75,0,7,5,2,2,10,1,3,2,4,5,2,8,1
MAIL1EA5,75,0,4,2,1,9,3,8,1,0,11,5,4,1,3
MAIL1EBI,75,0,5,5,3,4,3,0,11,1,6,6,3,4,1
MAIL1EC3,75,0,3,3,3,7,10,5,4,2,1,3,3,5,3
MAIL1ECD,75,0,1,4,3,3,2,5,6,3,4,2,3,10,6
MAIL1ECH,75,0,3,3,5,6,3,3,5,3,2,5,2,2,10
MAIL1ED4,75,0,9,5,1,4,10,6,3,4,1,1,2,4,2
MAIL1ED5,75,0,4,3,3,3,5,4,4,10,2,6,2,4,2
MAIL1EDE,75,0,4,4,3,4,2,4,1,5,1,5,3,6,10
MAIL1EEO,75,0,3,10,1,9,4,3,4,4,4,3,2,3,2
MAIL1EHW,75,0,4,10,5,5,4,5,4,2,2,1,3,5,2
MAIL1EI8,75,0,3,1,5,5,1,4,2,3,1,3,8,6,10
MAIL1EIC,75,0,2,5,4,1,6,10,1,5,3,2,6,4,3
MAIL1EIM,75,0,3,11,2,0,6,5,5,4,2,3,4,3,4
MAIL1EIN,75,0,3,10,4,7,5,4,1,4,4,3,2,1,4
MAIL1EIR,75,0,1,4,4,5,10,3,6,5,2,3,2,4,3
MAIL1EJ1,75,0,4,3,2,3,2,2,3,2,8,10,2,4,7
MAIL1EJG,75,0,4,6,4,2,4,2,3,10,2,4,3,4,4
MAIL1EJL,75,0,2,5,2,4,6,2,3,1,2,6,3,6,10
MAIL1EJR,75,0,2,4,2,6,2,2,4,4,3,6,10,2,5
MAIL1EK1,75,0,2,5,4,5,4,2,7,1,4,10,3,1,4
MAIL1ELQ,75,0,9,2,2,4,2,4,4,5,1,10,4,1,4
MAIL1ENA,75,0,4,5,1,3,3,8,1,4,10,2,2,6,3
MAIL1ENO,75,0,1,4,4,2,8,7,2,0,3,2,2,6,11
MAIL1EO7,75,0,4,4,1,4,4,2,3,5,6,10,4,3,2
MAIL1EP1,75,0,2,4,4,5,2,2,4,4,7,2,5,1,10
MAIL1EPK,75,0,2,5,2,6,5,4,3,1,4,2,2,6,10
MAIL1EQG,75,0,2,6,1,3,1,5,1,2,10,5,6,7,3
MAIL1ES5,75,0,10,3,3,2,4,3,6,3,2,4,4,3,5
MAIL1ES7,75,0,1,1,10,5,2,4,5,2,5,4,3,5,5
MAIL1ESZ,75,0,4,5,8,4,6,1,0,2,6,3,1,11,1
MAIL1ETI,75,0,2,4,4,1,5,4,3,5,5,10,2,5,2
MAIL1ETL,75,0,6,1,6,10,5,3,4,1,2,3,4,4,3
MAIL1EVA,75,0,3,6,1,3,5,4,4,5,10,5,3,1,2
MAIL1EVJ,75,0,2,1,3,4,4,4,5,4,1,4,6,10,4
MAIL1EWX,75,0,5,3,10,3,4,3,5,5,5,3,3,2,1
MAIL1EX2,75,0,11,3,3,4,4,5,6,3,2,2,0,4,5
MAIL1EYM,75,0,4,3,3,2,5,10,3,1,4,8,3,2,4
MAIL1EZW,75,0,7,6,1,3,2,4,10,4,3,3,4,3,2
MAIL1F2Z,75,0,4,2,7,3,10,2,2,4,4,3,2,4,5
MAIL1F3E,75,0,1,5,3,6,1,3,10,4,7,2,1,6,3
MAIL1F3H,75,0,1,4,4,10,5,4,3,5,3,2,2,4,5
MAIL1F3I,75,0,4,5,3,1,3,4,4,10,3,4,1,4,6
MAIL1F3Q,75,0,10,1,2,3,7,1,5,1,7,2,6,3,4
MAIL1F57,75,0,2,3,10,1,5,2,7,5,2,5,2,4,4
MAIL1F5P,75,0,3,1,3,6,4,2,10,4,6,6,4,2,1
MAIL1F6B,75,0,5,3,3,6,4,3,2,2,1,7,10,5,1
MAIL1F6M,75,0,4,6,3,1,5,10,2,7,3,5,1,1,4
MAIL1F8E,75,0,4,5,2,4,2,4,4,4,2,4,10,5,2
MAIL1F8N,75,0,5,2,4,2,3,2,2,2,7,10,1,5,7
MAIL1F8Z,75,0,4,4,3,2,2,1,4,4,3,4,6,10,5
MAIL1F9N,75,0,2,2,5,2,1,3,8,3,10,2,4,8,2
MAIL1FA8,75,0,5,1,2,3,4,4,10,4,1,3,4,7,4
MAIL1FAZ,75,0,3,10,3,8,1,5,4,4,2,4,1,5,2
MAIL1FBN,75,0,3,2,4,0,11,5,5,5,2,4,4,5,2
MAIL1FC2,75,0,4,6,5,6,3,4,3,3,3,3,11,0,1
MAIL1FCN,75,0,1,3,4,4,6,1,4,2,4,3,6,4,10
MAIL1FEQ,75,0,3,3,5,3,6,2,2,9,2,4,1,10,2
MAIL1FES,75,0,4,4,3,4,5,3,10,3,5,1,3,3,4
MAIL1FEW,75,0,10,3,3,6,2,5,5,2,3,1,5,3,4
MAIL1FEX,75,0,3,2,3,5,10,3,3,4,2,5,4,6,2
MAIL1FF1,75,0,6,5,5,0,3,5,1,2,12,5,5,0,3
MAIL1FF2,75,0,2,0,2,4,2,1,6,5,1,11,5,9,4
MAIL1FHL,75,0,7,3,2,10,2,2,2,4,7,2,5,3,3
MAIL1FIF,75,0,3,10,6,3,2,5,3,1,1,5,2,6,5
MAIL1FIL,75,0,4,4,10,1,5,4,6,2,3,1,3,4,5
MAIL1FJG,75,0,4,2,2,3,2,3,7,1,10,1,3,8,6
MAIL1FJW,75,0,5,3,4,2,5,5,10,4,2,6,2,2,2
MAIL1FK9,75,0,3,2,3,2,10,3,3,3,4,4,2,7,6
MAIL1FKE,75,0,6,3,4,10,7,5,3,3,2,2,4,2,1
MAIL1FM1,75,0,4,1,5,2,9,1,3,3,10,3,6,2,3
MAIL1FME,75,0,3,1,4,6,5,1,10,3,2,7,1,3,6
MAIL1FMJ,75,0,2,4,6,4,10,3,3,4,2,3,2,4,5
MAIL1FMY,75,0,5,2,2,4,2,3,4,3,3,10,5,5,4
MAIL1FN5,75,0,5,3,2,2,10,2,5,4,2,4,2,6,5
MAIL1FND,75,0,3,1,3,2,7,6,5,10,4,4,2,2,3
MAIL1FNN,75,0,5,1,3,3,5,2,6,3,4,4,5,1,10
MAIL1FON,75,0,10,5,5,3,2,1,3,6,2,2,4,4,5
MAIL1FPA,75,0,4,3,2,3,3,5,3,5,10,4,3,3,4
MAIL1FPT,75,0,6,2,5,2,3,6,2,5,3,5,2,10,1
MAIL1FQ7,75,0,5,3,4,1,7,1,7,10,3,5,2,1,3
MAIL1FQA,75,0,5,5,4,5,1,10,4,4,4,2,4,2,2
MAIL1FQS,75,0,6,2,4,3,1,3,7,10,1,7,2,5,1
MAIL1FS8,75,0,3,2,4,4,3,10,3,6,4,5,4,3,1
MAIL1FTT,75,0,4,5,5,10,3,4,1,3,3,2,5,3,4
MAIL1FUE,75,0,3,2,5,5,10,6,2,3,4,6,2,2,2
MAIL1FVV,75,0,3,10,2,5,4,2,5,7,2,3,4,4,1
MAIL1FW8,75,0,8,3,3,1,5,10,2,3,2,4,2,4,5
MAIL1FX1,75,0,4,5,4,3,2,3,5,5,2,3,4,2,10
MAIL1FXW,75,0,3,7,2,2,4,8,3,4,4,10,3,1,1
MAIL1FY3,75,0,3,2,2,4,5,4,1,2,5,10,6,4,4
MAIL1FY7,75,0,7,4,1,3,5,10,1,3,4,5,4,1,4
MAIL1FYG,75,0,4,10,3,3,2,2,3,7,4,6,3,1,4
MAIL1FYQ,75,0,4,6,6,2,10,2,2,5,3,2,5,4,1
MAIL1FZO,75,0,1,4,6,4,6,1,4,4,10,2,5,4,1
MAIL1G1Q,75,0,2,2,4,2,2,8,3,5,10,5,1,2,6
MAIL1G2Y,75,0,3,2,4,4,6,5,2,10,5,2,2,4,3
MAIL1G3Y,75,0,3,4,3,10,2,5,3,1,3,4,6,4,4
MAIL1G47,75,0,3,4,1,1,4,3,3,5,6,10,2,7,3
MAIL1G4F,75,0,3,4,4,4,1,5,1,5,2,6,2,5,10
MAIL1G63,75,0,4,7,2,5,2,3,3,4,3,10,3,2,4
MAIL1G68,75,0,5,6,10,5,3,5,2,2,2,4,4,2,2
MAIL1G6G,75,0,5,2,1,4,3,3,3,4,6,4,5,2,10
MAIL1G8B,75,0,3,10,5,6,2,2,3,5,3,1,2,4,6
MAIL1G8C,75,0,2,4,5,4,1,7,3,3,2,3,10,4,4
MAIL1G8J,75,0,3,5,3,5,3,2,3,4,2,4,3,5,10
MAIL1G9B,75,0,10,3,5,2,2,5,4,3,2,4,4,3,5
MAIL1G9G,75,0,2,4,3,4,3,1,4,2,10,6,3,6,4
MAIL1G9O,75,0,2,3,3,3,7,10,3,5,3,5,2,1,5
MAIL1GA9,75,0,3,4,3,6,5,4,2,3,10,2,2,7,1
MAIL1GAI,75,0,10,5,4,2,4,6,1,5,1,5,3,3,3
MAIL1GCA,75,0,2,3,4,5,10,2,3,4,4,2,4,4,5
MAIL1GCC,75,0,2,4,4,10,1,7,1,2,5,5,5,4,2
MAIL1GCT,75,0,4,2,10,3,2,4,1,3,3,5,3,9,3
MAIL1GCW,75,0,3,5,7,3,2,3,5,1,4,1,7,1,10
MAIL1GD2,75,0,5,2,3,7,2,4,10,4,3,2,3,3,4
MAIL1GDY,75,0,3,3,2,4,7,10,4,2,1,6,1,4,5
MAIL1GEB,75,0,1,10,4,2,4,3,4,5,4,4,3,5,3
MAIL1GEK,75,0,1,1,11,5,6,4,5,4,2,4,4,5,0
MAIL1GEP,75,0,2,4,2,10,2,2,3,3,6,4,3,5,6
MAIL1GF5,75,0,2,4,3,7,5,2,10,2,5,1,1,4,6
MAIL1GFY,75,0,2,4,10,3,4,5,2,2,7,3,2,4,4
MAIL1GGL,75,0,6,4,3,2,4,3,3,4,3,3,5,10,2
MAIL1GKV,75,0,2,10,3,3,6,4,4,4,3,5,2,2,4
MAIL1GL1,75,0,3,6,3,3,3,6,1,4,7,2,2,10,2
MAIL1GLC,75,0,4,2,10,5,5,1,1,2,1,6,3,6,6
MAIL1GMA,75,0,4,4,2,10,3,2,4,4,3,3,5,3,5
MAIL1GNF,75,0,4,3,10,3,5,3,5,2,2,2,2,6,5
MAIL1GNL,75,0,5,2,2,4,4,2,7,10,3,2,2,3,6
MAIL1GPL,75,0,1,4,5,3,5,3,5,3,4,2,10,4,3
MAIL1GPP,75,0,3,2,5,7,10,2,2,5,3,3,5,2,3
MAIL1GRA,75,0,8,10,4,5,1,2,1,8,3,3,1,2,4
MAIL1GSI,75,0,1,6,3,3,4,10,2,4,2,5,6,4,2
MAIL1GSM,75,0,3,7,10,7,2,6,1,2,5,1,5,1,2
MAIL1GTV,75,0,3,5,2,2,1,10,2,3,5,5,5,2,7
MAIL1GU7,75,0,4,2,10,2,4,3,4,3,4,3,3,6,4
MAIL1GVX,75,0,1,2,0,6,8,11,3,3,6,2,2,4,4
MAIL1GW3,75,0,3,3,10,5,3,7,1,6,5,1,4,3,1
MAIL1GXD,75,0,3,10,3,6,2,2,5,5,2,3,7,3,1
MAIL1GY1,75,0,10,5,2,3,4,3,3,2,3,6,3,5,3
MAIL1GYQ,75,0,10,4,3,4,6,3,3,5,2,1,4,4,3
MAIL1GYW,75,0,3,4,3,3,3,5,2,7,1,1,2,8,10
MAIL1GZK,75,0,6,3,10,4,5,1,2,3,5,5,1,2,5
MAIL1H1J,75,0,1,4,5,5,10,2,5,4,2,2,5,2,5
MAIL1H1Q,75,0,3,2,3,4,5,1,1,10,5,3,6,5,4
MAIL1H2O,75,0,2,3,2,4,6,3,2,10,4,1,5,6,4
MAIL1H3V,75,0,10,5,2,6,3,2,3,5,2,4,2,3,5
MAIL1H4Q,75,0,10,5,1,3,4,5,6,3,5,3,2,1,4
MAIL1H65,75,0,10,3,4,4,3,5,3,6,1,1,1,4,7
MAIL1H6M,75,0,2,3,5,1,2,2,2,5,2,3,8,7,10
MAIL1H6Y,75,0,4,3,5,3,3,1,4,5,2,2,10,5,5
MAIL1H6Z,75,0,2,7,3,1,4,5,6,3,2,3,10,4,2
MAIL1H8C,75,0,0,3,1,4,4,4,5,4,6,11,6,1,3
MAIL1HA6,75,0,3,3,2,7,2,10,4,2,4,4,2,6,3
MAIL1HA7,75,0,4,2,2,4,2,5,2,3,6,6,2,10,4
MAIL1HAA,75,0,3,2,1,5,4,5,10,3,4,6,4,2,3
MAIL1HAB,75,0,5,2,5,5,1,0,7,4,6,11,2,1,3
MAIL1HB3,75,0,5,3,3,2,2,10,5,3,3,4,7,1,4
MAIL1HBX,75,0,2,10,2,5,1,3,6,2,8,6,2,1,4
MAIL1HC6,75,0,1,7,0,3,5,11,4,1,2,4,6,3,5
MAIL1HCH,75,0,5,4,2,4,1,4,4,10,4,2,3,6,3
MAIL1HDB,75,0,2,4,3,2,1,4,9,4,10,6,2,3,2
MAIL1HED,75,0,3,4,3,3,8,4,6,2,2,1,3,10,3
MAIL1HF2,75,0,5,2,3,3,5,3,10,6,4,1,5,3,2
MAIL1HFF,75,0,1,1,10,2,6,3,5,7,3,2,7,4,1
MAIL1HFY,75,0,3,4,3,4,3,5,1,1,7,3,5,10,3
MAIL1HGZ,75,0,3,4,4,1,1,3,10,3,5,4,4,4,6
MAIL1HH1,75,0,2,2,6,1,9,4,6,1,10,2,2,4,3
MAIL1HJA,75,0,5,3,2,5,5,4,2,5,2,1,10,2,6
MAIL1HKB,75,0,2,4,4,2,4,6,10,5,3,3,3,4,2
MAIL1HKO,75,0,7,8,5,2,3,1,5,10,2,3,3,1,2
MAIL1HL4,75,0,5,2,6,10,5,4,2,2,1,8,1,4,2
MAIL1HLP,75,0,4,4,5,2,3,4,4,2,10,4,3,3,4
MAIL1HNX,75,0,11,1,5,9,5,1,1,2,5,3,5,0,4
MAIL1HOP,75,0,2,3,5,3,6,4,4,10,2,2,4,4,3
MAIL1HPC,75,0,4,4,4,2,2,10,3,7,4,3,2,3,4
MAIL1HR4,75,0,1,2,6,2,10,4,3,3,4,1,5,6,5
MAIL1HR5,75,0,6,3,1,4,3,3,2,5,2,4,10,4,5
MAIL1HRN,75,0,3,0,6,12,7,6,1,0,1,5,4,3,4
MAIL1HSL,75,0,3,10,5,7,4,2,2,2,5,2,1,5,4
MAIL1HUB,75,0,3,3,5,1,3,4,0,6,2,6,3,11,5
MAIL1HV9,75,0,5,4,5,3,10,1,1,4,6,5,4,1,3
MAIL1HVC,75,0,3,5,3,4,4,3,4,10,2,2,3,4,5
MAIL1HVR,75,0,5,10,3,1,8,5,5,3,3,3,1,2,3
MAIL1HVZ,75,0,5,10,2,3,3,4,3,6,7,2,3,3,1
MAIL1HWA,75,0,4,3,4,2,2,8,2,2,2,5,4,4,10
MAIL1HWI,75,0,4,3,3,5,6,2,4,5,2,2,0,5,11
MAIL1HXA,75,0,2,2,7,1,10,6,3,5,8,2,4,1,1
MAIL1HXR,75,0,2,5,3,3,1,3,0,5,11,6,5,2,6
MAIL1HXZ,75,0,4,10,3,2,3,2,8,5,2,2,1,6,4
MAIL1HZI,75,0,2,2,3,5,1,7,5,3,3,10,3,3,5
MAIL1HZV,75,0,10,5,2,6,2,3,5,4,2,4,1,4,4
MAIL1I1H,75,0,2,4,3,4,10,2,2,5,6,1,2,4,7
MAIL1I25,75,0,2,5,2,6,4,4,10,3,2,6,5,1,2
MAIL1I2E,75,0,0,12,4,0,4,2,2,4,4,5,3,9,3
MAIL1I2I,75,0,3,2,10,5,4,6,2,2,3,2,2,5,6
MAIL1I2R,75,0,5,5,3,1,4,2,2,10,1,7,2,5,5
MAIL1I3V,75,0,3,4,5,3,6,3,10,1,2,3,6,4,2
MAIL1I4N,75,0,2,5,7,2,2,10,4,1,2,2,3,10,2
MAIL1I5T,75,0,3,4,2,6,7,1,3,2,3,10,3,6,2
MAIL1I6U,75,0,4,4,2,6,5,6,2,5,3,10,1,2,2
MAIL1I8F,75,0,1,10,5,5,3,4,4,3,4,6,4,1,2
MAIL1I8Q,75,0,10,3,3,3,3,1,5,2,2,5,7,6,2
MAIL1I8V,75,0,1,3,2,4,3,3,6,3,10,4,5,3,5
MAIL1IAW,75,0,10,2,3,4,5,5,1,4,3,4,2,5,4
MAIL1IC8,75,0,3,6,3,4,4,10,1,3,2,7,5,3,1
MAIL1ID5,75,0,2,2,5,1,10,4,3,2,4,3,3,5,8
MAIL1IDD,75,0,2,5,3,3,4,2,5,5,1,3,5,10,4
MAIL1IDG,75,0,7,3,4,2,5,1,3,2,10,4,5,4,2
MAIL1IDV,75,0,7,4,10,4,3,5,2,3,1,3,4,4,2
MAIL1IEI,75,0,5,7,4,2,1,4,5,10,2,1,3,3,5
MAIL1IET,75,0,5,4,2,3,5,4,2,2,3,4,2,10,6
MAIL1IFA,75,0,4,2,7,5,1,5,1,4,8,1,2,10,2
MAIL1IH1,75,0,7,3,1,3,10,3,2,5,5,3,1,5,4
MAIL1IJ8,75,0,4,4,1,10,6,4,2,2,5,4,5,2,3
MAIL1IJG,75,0,2,5,4,5,11,3,4,4,2,4,0,3,5
MAIL1IJH,75,0,5,2,10,3,1,3,2,6,4,3,7,4,2
MAIL1IKA,75,0,5,10,3,4,6,2,3,3,3,3,3,5,2
MAIL1ILB,75,0,4,4,10,2,3,4,2,4,5,3,3,7,1
MAIL1IMZ,75,0,3,3,10,2,4,2,4,6,5,3,5,1,4
MAIL1IN4,75,0,4,6,2,2,3,4,10,2,6,2,2,3,6
MAIL1INF,75,0,6,4,1,2,4,2,3,5,2,10,7,4,2
MAIL1INN,75,0,6,3,7,2,6,10,2,2,1,2,4,4,3
MAIL1IOJ,75,0,4,1,10,2,5,3,5,3,3,4,6,4,2
MAIL1IQH,75,0,4,4,4,2,1,5,2,3,7,4,2,10,4
MAIL1IRE,75,0,3,1,2,3,5,4,5,5,2,4,10,4,4
MAIL1IRN,75,0,3,4,3,3,11,6,3,0,4,7,4,3,1
MAIL1ISD,75,0,2,3,3,4,3,8,10,1,4,2,7,4,1
MAIL1ITK,75,0,2,3,3,3,6,3,2,10,3,1,3,8,5
MAIL1ITZ,75,0,2,1,3,4,1,4,5,4,10,5,5,5,3
MAIL1IVC,75,0,4,3,3,4,5,4,2,10,4,1,5,1,6
MAIL1IVS,75,0,1,6,10,2,2,2,6,2,3,2,3,5,8
MAIL1IY4,75,0,4,10,3,4,2,3,3,3,2,5,1,2,10
MAIL1IYP,75,0,6,4,2,2,5,5,4,1,5,10,2,1,5
MAIL1IZ8,75,0,6,4,7,6,10,5,2,3,1,1,2,4,1
MAIL1IZC,75,0,2,10,3,4,2,4,3,2,6,5,4,5,2
MAIL1J2Z,75,0,6,10,2,5,3,4,2,4,3,4,3,2,4
MAIL1J57,75,0,3,5,5,4,4,1,0,3,6,4,4,11,2
MAIL1J5M,75,0,10,6,5,4,4,1,5,3,5,1,4,2,2
MAIL1J6N,75,0,4,10,1,3,5,4,6,4,2,2,5,4,2
MAIL1J71,75,0,4,3,10,5,2,3,7,1,4,4,3,3,3
MAIL1J7A,75,0,2,2,5,2,2,3,1,2,7,4,4,8,10
MAIL1J8J,75,0,5,4,4,4,10,2,2,5,7,1,2,2,4
MAIL1J8L,75,0,5,3,2,5,4,1,3,2,4,6,4,3,10
MAIL1JBD,75,0,2,4,6,2,5,2,1,2,3,6,10,4,5
MAIL1JC6,75,0,1,3,8,5,3,6,2,3,5,10,2,1,3
MAIL1JCF,75,0,5,3,3,1,5,4,1,3,1,10,5,5,6
MAIL1JCK,75,0,10,3,4,4,3,5,2,1,4,6,4,1,5
MAIL1JCW,75,0,1,4,2,7,10,3,3,2,6,2,8,1,3
MAIL1JEJ,75,0,3,2,2,3,3,2,3,3,7,5,6,3,10
MAIL1JES,75,0,3,0,2,2,3,4,5,3,4,4,5,11,6
MAIL1JFN,75,0,6,5,2,3,5,10,5,1,1,2,5,3,4
MAIL1JG6,75,0,10,3,4,2,3,4,8,3,2,4,5,1,3
MAIL1JGB,75,0,2,4,7,1,10,2,7,3,4,3,3,5,1
MAIL1JHX,75,0,3,2,2,3,5,3,2,2,10,6,7,2,5
MAIL1JIE,75,0,1,5,3,4,10,3,5,4,3,4,7,2,1
MAIL1JIT,75,0,2,5,7,4,2,10,3,3,3,4,2,3,4
MAIL1JJ7,75,0,3,3,4,2,5,10,7,4,1,3,2,3,5
MAIL1JJL,75,0,3,3,2,4,4,2,3,3,6,7,10,3,2
MAIL1JM7,75,0,3,2,10,2,1,2,3,3,5,7,2,6,6
MAIL1JNZ,75,0,1,3,3,3,6,2,2,2,10,3,2,10,5
MAIL1JOE,75,0,4,3,2,4,2,4,10,3,4,5,3,6,2
MAIL1JOF,75,0,4,1,4,5,5,1,4,1,6,2,4,5,10
MAIL1JOO,75,0,2,11,2,0,5,6,3,5,1,5,3,4,5
MAIL1JPR,75,0,5,3,4,10,1,4,2,2,3,5,3,6,4
MAIL1JR2,75,0,3,6,4,5,4,4,2,10,1,4,2,3,4
MAIL1JSK,75,0,3,4,2,5,3,8,6,1,1,10,2,5,2
MAIL1JSN,75,0,5,1,4,10,2,3,3,6,3,2,2,6,5
MAIL1JT7,75,0,2,5,1,1,4,2,4,4,4,4,4,10,7
MAIL1JUZ,75,0,5,4,0,3,2,6,4,11,4,4,2,4,3
MAIL1JV2,75,0,2,3,3,1,2,4,4,7,5,4,10,5,2
MAIL1JV9,75,0,4,4,2,3,6,3,4,3,5,3,10,3,2
MAIL1JWG,75,0,3,2,3,10,5,6,1,4,5,2,6,4,1
MAIL1JY8,75,0,5,5,2,10,2,1,5,1,7,3,1,4,6
MAIL1JZ6,75,0,7,2,10,1,2,3,3,5,5,1,1,4,8
MAIL1JZ7,75,0,2,3,6,3,6,2,11,3,6,3,4,3,0
MAIL1JZA,75,0,4,7,4,4,2,3,1,6,4,10,3,3,1
MAIL1JZG,75,0,5,3,1,2,3,5,4,3,6,4,3,3,10
MAIL1JZK,75,0,8,1,2,5,3,2,1,6,3,5,3,3,10
MAIL1K15,75,0,3,1,3,2,1,10,7,5,6,3,2,4,5
MAIL1K1H,75,0,1,4,4,4,6,1,2,2,4,5,10,4,5
MAIL1K1Q,75,0,10,2,5,2,2,4,1,3,5,3,6,5,4
MAIL1K1V,75,0,4,1,4,3,2,3,5,2,4,10,2,7,5
MAIL1K1Z,75,0,11,7,4,0,5,1,2,6,6,2,2,4,2
MAIL1K2U,75,0,5,4,1,2,2,2,3,5,4,10,6,4,4
MAIL1K3R,75,0,5,3,2,3,2,6,10,4,6,3,2,4,2
MAIL1K4A,75,0,1,2,7,4,4,10,2,3,5,2,5,3,4
MAIL1K4R,75,0,10,4,3,3,3,4,6,1,2,6,3,3,4
MAIL1K6I,75,0,10,2,3,4,2,2,4,5,3,4,4,6,3
MAIL1K76,75,0,3,5,2,2,5,4,3,10,7,2,2,5,2
MAIL1K7X,75,0,5,2,3,4,3,5,5,3,7,2,2,1,10
MAIL1K9C,75,0,4,2,4,3,1,2,2,5,6,4,4,5,10
MAIL1K9O,75,0,4,10,1,6,5,3,2,5,2,8,1,3,2
MAIL1KBS,75,0,2,2,2,4,10,3,3,4,5,3,7,5,2
MAIL1KCE,75,0,5,1,5,4,6,5,2,10,2,3,6,1,2
MAIL1KDW,75,0,5,6,4,4,1,10,5,1,1,4,4,3,4
MAIL1KDX,75,0,2,1,3,7,5,10,1,3,3,6,5,2,4
MAIL1KEF,75,0,7,0,4,4,11,5,3,2,2,5,1,4,4
MAIL1KEY,75,0,4,2,2,3,4,3,6,3,4,3,10,4,4
MAIL1KFZ,75,0,2,5,4,2,10,4,8,1,4,4,4,2,2
MAIL1KHS,75,0,5,5,2,2,3,1,11,5,3,0,7,6,2
MAIL1KI8,75,0,4,5,1,7,4,2,4,10,1,2,3,5,4
MAIL1KIS,75,0,5,1,4,1,5,2,5,6,10,5,1,2,5
MAIL1KJF,75,0,7,4,2,2,10,1,1,5,7,4,2,3,4
MAIL1KK7,75,0,5,3,3,1,7,5,8,1,3,10,2,2,2
MAIL1KKE,75,0,3,10,4,2,7,4,3,2,2,5,3,4,3
MAIL1KKU,75,0,2,4,10,5,5,2,4,5,1,5,3,2,4
MAIL1KLZ,75,0,1,10,2,3,7,2,4,10,4,3,2,3,1
MAIL1KMM,75,0,5,3,5,3,2,3,11,2,3,1,7,7,0
MAIL1KMU,75,0,6,4,5,4,3,4,1,4,1,3,3,4,10
MAIL1KND,75,0,2,2,4,5,6,2,4,10,3,3,5,5,1
MAIL1KNS,75,0,3,3,4,5,7,2,4,10,4,2,3,2,3
MAIL1KNV,75,0,6,3,5,2,10,2,5,5,3,3,4,2,2
MAIL1KPN,75,0,1,6,6,3,3,3,10,4,5,5,2,2,2
MAIL1KR5,75,0,4,6,2,5,3,2,10,2,4,2,5,5,2
MAIL1KRS,75,0,4,3,3,5,4,6,3,3,4,4,1,2,10
MAIL1KS5,75,0,10,7,4,3,1,5,5,1,5,3,5,1,2
MAIL1KSS,75,0,3,7,5,3,3,3,5,2,2,2,3,10,4
MAIL1KSU,75,0,2,6,1,10,4,5,2,7,1,2,2,4,6
MAIL1KT4,75,0,7,3,8,10,4,6,1,2,1,2,2,5,1
MAIL1KUK,75,0,5,5,3,5,1,1,11,5,4,5,3,4,0
MAIL1KW4,75,0,2,2,3,3,5,4,5,7,3,4,10,1,3
MAIL1KWA,75,0,7,4,5,4,4,2,3,3,4,10,1,2,3
MAIL1KWF,75,0,5,1,5,5,3,5,1,5,3,4,0,11,4
MAIL1KWZ,75,0,7,4,3,2,2,10,4,4,1,3,5,4,3
MAIL1KXP,75,0,4,1,5,1,4,3,4,6,4,5,3,10,2
MAIL1KY4,75,0,5,3,4,4,4,1,4,3,3,5,4,2,10
MAIL1KYF,75,0,10,3,3,6,3,3,1,5,5,2,5,1,5
MAIL1KYL,75,0,4,4,4,5,2,0,4,12,4,6,0,4,3
MAIL1L18,75,0,4,1,3,2,4,6,5,2,3,10,4,5,3
MAIL1L1D,75,0,5,5,7,1,2,10,5,1,1,1,4,2,8
MAIL1L1J,75,0,3,1,5,2,4,5,1,4,4,3,5,5,10
MAIL1L1M,75,0,3,0,2,3,4,2,5,2,4,11,3,4,9
MAIL1L1Y,75,0,2,8,1,3,3,3,4,1,5,10,2,5,5
MAIL1L2L,75,0,2,2,3,10,5,4,4,1,1,10,4,4,2
MAIL1L2T,75,0,2,1,6,10,6,5,2,3,5,5,1,3,3
MAIL1L34,75,0,3,4,7,1,2,4,10,5,3,4,1,5,3
MAIL1L3C,75,0,3,2,6,3,2,10,8,2,6,2,3,4,1
MAIL1L3D,75,0,6,1,1,6,4,4,5,3,3,2,2,5,10
MAIL1L3X,75,0,1,3,3,4,10,7,5,6,2,3,2,2,4
MAIL1L4K,75,0,10,3,6,3,8,3,4,2,2,3,3,2,3
MAIL1L4O,75,0,3,2,1,6,4,2,4,6,3,3,4,10,4
MAIL1L4R,75,0,5,4,5,2,4,4,2,10,2,7,2,4,1
MAIL1L59,75,0,10,4,3,1,2,4,8,2,2,4,4,3,5
MAIL1L5J,75,0,3,6,3,4,3,0,4,4,4,11,3,3,4
MAIL1L5Z,75,0,4,6,9,1,3,3,1,2,4,1,5,10,3
MAIL1L6M,75,0,2,3,2,4,3,5,8,4,2,11,5,0,3
MAIL1L7P,75,0,3,6,10,3,4,4,1,3,5,3,2,5,3
MAIL1LCC,75,0,1,3,4,6,0,4,3,2,3,3,10,2,11
MAIL1LD6,75,0,4,7,3,4,2,3,1,4,2,8,10,3,1
MAIL1LDL,75,0,6,3,4,3,4,5,4,3,2,4,3,10,1
MAIL1LEG,75,0,4,5,5,2,3,2,2,4,5,3,6,10,1
MAIL1LGZ,75,0,10,5,5,1,3,2,5,6,2,2,5,4,2
MAIL1LIR,75,0,4,10,3,2,5,3,2,3,3,6,3,5,3
MAIL1LJS,75,0,4,3,6,3,1,4,7,10,3,2,1,3,5
MAIL1LK6,75,0,8,3,4,10,6,6,3,1,2,1,3,2,3
MAIL1LKI,75,0,4,3,5,2,1,3,6,4,10,4,2,4,4
MAIL1LKR,75,0,2,8,4,2,3,5,6,2,4,3,2,1,10
MAIL1LKX,75,0,7,4,4,1,2,6,3,4,5,2,2,10,2
MAIL1LLD,75,0,3,0,11,2,3,2,3,10,3,2,2,4,7
MAIL1LM9,75,0,6,3,5,5,1,4,3,5,3,2,10,1,4
MAIL1LMU,75,0,3,6,2,3,2,4,10,3,8,4,2,4,1
MAIL1LN2,75,0,4,5,5,3,3,3,5,1,1,4,7,1,10
MAIL1LO5,75,0,6,3,3,2,4,10,4,4,4,4,2,1,5
MAIL1LOF,75,0,6,2,5,10,6,3,2,3,3,3,2,4,3
MAIL1LP2,75,0,10,4,3,2,4,2,4,5,1,3,9,1,4
MAIL1LP8,75,0,3,1,4,4,6,5,3,3,3,6,10,3,1
MAIL1LQ9,75,0,3,2,5,5,3,10,5,3,5,2,4,1,4
MAIL1LQX,75,0,5,2,2,4,3,5,2,3,2,5,2,10,7
MAIL1LRO,75,0,3,5,4,4,2,6,1,3,4,2,10,4,4
MAIL1LSO,75,0,5,8,4,3,10,2,2,6,2,3,2,1,4
MAIL1LSP,75,0,6,1,4,3,2,3,3,4,3,4,10,4,5
MAIL1LTC,75,0,4,4,1,8,4,10,5,2,2,2,3,4,3
MAIL1LTF,75,0,1,3,5,3,4,8,4,3,10,3,4,2,2
MAIL1LUE,75,0,2,3,10,1,4,1,7,5,2,3,4,9,1
MAIL1LUN,75,0,4,3,0,11,5,3,2,3,2,6,7,2,4
MAIL1LVR,75,0,2,10,1,2,3,7,4,3,3,3,5,5,4
MAIL1LWP,75,0,4,4,1,4,10,3,1,2,6,5,1,7,4
MAIL1LX9,75,0,2,3,5,3,3,5,10,4,4,1,2,6,4
MAIL1LXF,75,0,2,7,3,6,4,3,7,0,1,3,11,2,3
MAIL1LY4,75,0,10,3,2,6,4,3,2,5,3,2,4,5,3
MAIL1LYX,75,0,3,6,4,7,5,1,3,3,2,3,2,10,3
MAIL1M1A,75,0,1,9,6,3,2,3,10,4,3,4,4,2,1
MAIL1M2F,75,0,4,3,10,5,1,2,4,4,5,4,3,4,3
MAIL1M2M,75,0,4,3,0,2,4,4,1,2,3,11,5,7,6
MAIL1M4J,75,0,5,1,5,10,2,5,4,2,3,2,6,5,2
MAIL1M5F,75,0,3,5,2,1,3,5,6,5,10,4,3,3,2
MAIL1M6A,75,0,3,4,10,1,1,8,1,9,4,4,4,1,2
MAIL1M6U,75,0,5,4,3,4,1,3,3,5,2,6,5,1,10
MAIL1M74,75,0,3,2,1,10,4,7,6,4,2,4,5,2,2
MAIL1M7Z,75,0,6,4,6,1,2,4,3,4,2,2,3,5,10
MAIL1M8H,75,0,3,3,3,4,1,4,2,5,10,4,6,4,3
MAIL1M9G,75,0,2,10,5,2,6,3,4,3,3,2,4,6,2
MAIL1M9N,75,0,3,4,9,3,4,6,2,1,2,3,2,10,3
MAIL1MA8,75,0,1,1,1,3,4,3,6,4,6,2,10,6,5
MAIL1MAP,75,0,3,4,6,3,1,3,2,10,5,6,3,3,3
MAIL1MBH,75,0,5,3,10,3,1,2,5,6,5,1,2,4,5
MAIL1MBJ,75,0,3,4,2,2,10,3,6,2,2,5,3,7,3
MAIL1MC3,75,0,4,10,4,1,2,4,4,2,4,5,8,2,2
MAIL1MC5,75,0,2,1,2,4,5,8,5,2,4,5,2,2,10
MAIL1MDB,75,0,1,8,3,3,2,10,7,3,5,2,1,2,5
MAIL1MDJ,75,0,2,6,2,5,5,1,10,3,3,4,5,2,4
MAIL1MEL,75,0,4,4,1,2,10,4,3,3,4,4,3,5,5
MAIL1MEP,75,0,4,5,3,6,2,3,2,5,1,4,11,6,0
MAIL1MEQ,75,0,4,1,4,5,2,6,3,3,10,4,4,3,3
MAIL1MEV,75,0,1,10,2,4,4,5,3,5,4,5,4,4,1
MAIL1MFV,75,0,10,4,3,1,5,2,2,4,1,4,6,4,6
MAIL1MGU,75,0,5,4,10,3,3,3,2,2,3,2,6,2,7
MAIL1MHA,75,0,1,6,3,5,4,3,10,2,4,3,6,4,1
MAIL1MHH,75,0,5,10,5,4,3,1,1,6,4,3,3,2,5
MAIL1MIV,75,0,3,0,11,5,3,2,2,4,3,4,4,5,6
MAIL1MK4,75,0,6,11,6,5,3,1,3,5,4,4,0,2,2
MAIL1MKZ,75,0,6,4,2,4,4,2,4,10,4,3,2,3,4
MAIL1MLT,75,0,5,4,7,6,1,2,1,2,2,10,4,3,5
MAIL1MLU,75,0,3,5,4,4,2,10,3,8,4,4,1,3,1
MAIL1MMU,75,0,3,4,3,3,4,10,1,5,5,4,3,3,4
MAIL1MN1,75,0,5,6,6,4,2,2,3,5,1,5,10,1,2
MAIL1MNJ,75,0,2,2,3,6,3,9,8,1,2,1,10,3,2
MAIL1MNV,75,0,10,5,4,1,3,5,3,5,4,5,2,3,2
MAIL1MOJ,75,0,3,7,10,3,2,2,2,6,4,5,2,4,2
MAIL1MOU,75,0,2,3,3,4,3,6,1,3,3,4,10,4,6
MAIL1MPW,75,0,5,2,3,6,6,3,1,10,2,4,3,2,5
MAIL1MQ3,75,0,4,10,4,4,5,5,3,3,2,4,2,4,2
MAIL1MQ7,75,0,4,2,3,3,3,4,3,2,5,7,4,2,10
MAIL1MQC,75,0,2,6,7,1,4,3,4,3,10,2,3,3,4
MAIL1MQE,75,0,5,4,2,1,4,9,2,3,10,6,1,2,3
MAIL1MR7,75,0,3,5,3,10,8,2,3,2,5,4,3,2,2
MAIL1MRU,75,0,2,5,10,2,5,4,4,1,4,3,4,4,4
MAIL1MSG,75,0,4,4,3,5,1,5,5,4,3,10,3,1,4
MAIL1MSH,75,0,10,4,5,5,1,3,1,5,4,1,4,5,4
MAIL1MSX,75,0,2,10,5,6,3,3,4,4,5,1,3,2,4
MAIL1MT5,75,0,10,3,2,3,3,6,3,4,5,3,3,3,4
MAIL1MTJ,75,0,3,1,1,5,1,10,2,10,4,4,6,4,1
MAIL1MUC,75,0,4,1,4,2,3,4,7,4,2,10,5,1,5
MAIL1MUE,75,0,5,6,2,2,1,3,3,5,5,5,3,10,2
MAIL1MUW,75,0,3,2,3,5,2,3,4,9,1,3,4,10,3
MAIL1MVF,75,0,6,6,3,4,2,2,1,3,10,3,4,2,6
MAIL1MVQ,75,0,5,4,3,5,1,3,2,5,3,3,4,4,10
MAIL1MWS,75,0,4,10,3,2,5,6,3,4,2,4,2,4,3
MAIL1MXA,75,0,3,4,3,1,5,6,1,5,5,2,3,10,4
MAIL1MYU,75,0,4,4,2,4,5,10,2,2,8,2,6,1,2
MAIL1MZG,75,0,1,10,4,3,5,4,3,4,4,3,1,7,3
MAIL1MZL,75,0,4,6,6,4,5,2,2,2,2,3,10,1,5
MAIL1N1M,75,0,1,4,10,2,2,3,5,4,4,4,4,6,3
MAIL1N2V,75,0,2,3,1,3,10,6,2,5,2,4,6,3,5
MAIL1N3K,75,0,5,1,10,4,7,2,2,3,5,2,5,2,4
MAIL1N3M,75,0,3,4,4,3,1,2,10,4,3,4,3,6,5
MAIL1N57,75,0,0,2,11,5,3,5,4,6,2,4,3,6,1
MAIL1N5Q,75,0,2,3,6,2,2,4,6,5,3,1,3,5,10
MAIL1N7A,75,0,4,1,6,3,4,4,3,2,2,3,6,10,4
MAIL1N7G,75,0,3,7,3,2,2,4,10,1,2,6,6,5,1
MAIL1N85,75,0,4,10,4,2,2,5,2,3,5,3,2,7,3
MAIL1N89,75,0,3,2,10,2,3,4,4,4,7,5,6,1,1
MAIL1N9C,75,0,4,3,4,3,2,4,10,5,3,6,1,5,2
MAIL1N9J,75,0,5,6,5,10,4,4,1,1,3,3,5,2,3
MAIL1NAC,75,0,5,3,10,6,1,7,4,5,1,2,4,2,2
MAIL1NAG,75,0,10,4,3,1,5,4,4,6,2,3,3,5,2
MAIL1NCD,75,0,2,2,2,11,8,2,3,5,0,7,1,2,7
MAIL1NCI,75,0,2,6,4,3,3,3,5,2,2,10,4,6,2
MAIL1NF2,75,0,4,10,4,4,2,1,3,2,6,2,5,7,2
MAIL1NFH,75,0,10,3,2,3,3,5,5,4,6,3,1,4,3
MAIL1NG2,75,0,3,5,5,1,4,3,5,4,5,10,4,1,2
MAIL1NH7,75,0,4,5,3,3,4,3,2,3,7,3,10,1,4
MAIL1NI1,75,0,2,3,3,6,2,5,1,0,11,6,5,3,5
MAIL1NI7,75,0,3,2,6,4,4,7,5,10,1,2,3,1,4
MAIL1NJR,75,0,2,7,4,2,11,0,5,2,1,5,3,4,6
MAIL1NK4,75,0,2,5,1,5,4,10,3,6,1,3,5,4,3
MAIL1NKW,75,0,5,10,3,1,5,4,2,3,4,2,4,1,8
MAIL1NM6,75,0,5,0,5,4,4,4,11,4,6,3,2,2,2
MAIL1NMU,75,0,3,4,4,1,6,2,3,5,1,6,3,4,10
MAIL1NN7,75,0,10,1,4,1,4,3,5,5,6,1,6,3,3
MAIL1NON,75,0,3,3,4,5,4,3,6,2,4,3,3,2,10
MAIL1NP9,75,0,3,1,3,10,5,3,3,5,2,5,4,2,6
MAIL1NQW,75,0,2,2,3,3,3,6,3,3,5,2,5,10,5
MAIL1NSB,75,0,2,4,3,2,10,5,5,1,4,6,3,4,3
MAIL1NTA,75,0,4,2,4,4,4,1,10,3,2,6,4,6,2
MAIL1NTG,75,0,5,3,4,10,2,1,4,3,7,5,3,3,2
MAIL1NTJ,75,0,4,1,2,3,5,10,3,2,7,4,2,3,6
MAIL1NTQ,75,0,2,3,6,1,4,6,10,4,3,3,2,4,4
MAIL1NV5,75,0,6,3,5,10,4,5,4,1,1,1,1,8,3
MAIL1NVQ,75,0,5,6,5,4,2,1,2,4,2,3,10,2,6
MAIL1NX4,75,0,7,3,2,3,5,4,2,6,10,1,4,2,3
MAIL1NXX,75,0,5,3,7,3,6,1,5,11,3,4,3,0,1
MAIL1NYQ,75,0,4,3,3,10,5,4,2,7,2,1,3,3,5
MAIL1NYT,75,0,4,4,2,8,1,5,4,1,2,6,10,4,1
MAIL1NZ3,75,0,5,4,1,2,5,1,4,3,2,10,7,4,4
MAIL1NZ6,75,0,10,2,2,4,2,3,4,5,2,8,4,4,2
MAIL1NZC,75,0,5,3,3,6,5,1,3,5,10,3,5,2,1
MAIL1O2D,75,0,3,5,3,3,5,3,3,2,10,6,2,2,5
MAIL1O2L,75,0,10,6,3,3,6,3,2,2,2,6,1,7,1
MAIL1O3X,75,0,2,4,2,6,5,2,10,5,4,3,2,3,4
MAIL1O4K,75,0,3,8,5,5,1,2,2,11,3,3,4,0,5
MAIL1O57,75,0,3,3,5,9,10,3,3,3,2,3,1,1,6
MAIL1O5X,75,0,3,5,6,2,4,10,2,1,7,2,3,3,4
MAIL1O71,75,0,4,2,5,6,3,1,3,3,3,5,10,4,3
MAIL1O77,75,0,4,5,1,5,4,1,4,2,3,5,5,10,3
MAIL1O7I,75,0,10,2,2,5,3,5,3,5,2,4,4,3,4
MAIL1O81,75,0,4,1,4,3,10,6,2,2,4,3,2,3,8
MAIL1O82,75,0,2,7,10,3,6,3,1,6,1,4,3,2,4
MAIL1O8M,75,0,1,4,2,4,5,3,2,3,3,7,4,10,4
MAIL1O91,75,0,7,4,3,10,2,8,1,2,2,3,4,2,4
MAIL1O9U,75,0,5,4,6,3,5,3,3,1,2,1,10,4,5
MAIL1OAM,75,0,5,4,4,4,5,6,3,3,10,2,1,2,3
MAIL1OAO,75,0,3,4,4,10,4,3,4,5,4,1,3,3,4
MAIL1OB3,75,0,3,3,1,8,4,5,10,2,3,2,5,2,4
MAIL1OBI,75,0,3,4,4,4,2,6,2,6,2,10,3,4,2
MAIL1OC8,75,0,3,3,4,3,3,5,3,7,4,2,10,4,1
MAIL1OD7,75,0,5,1,5,6,7,2,1,1,2,5,4,3,10
MAIL1ODF,75,0,1,5,4,2,3,6,3,10,9,1,4,3,1
MAIL1OEK,75,0,3,1,5,4,7,2,10,2,7,4,2,2,3
MAIL1OFM,75,0,2,4,4,3,2,6,10,1,2,6,2,5,5
MAIL1OGZ,75,0,8,2,2,4,5,3,1,3,10,3,3,3,5
MAIL1OH1,75,0,6,2,2,2,3,3,2,4,10,2,7,6,3
MAIL1OH4,75,0,4,10,2,6,5,3,3,1,1,1,5,5,6
MAIL1OHG,75,0,1,5,3,3,2,2,5,9,3,10,2,4,3
MAIL1OHQ,75,0,1,2,3,3,10,5,5,6,3,2,6,3,3
MAIL1OHV,75,0,5,4,3,10,2,2,4,7,5,3,2,3,2
MAIL1OIK,75,0,3,3,6,2,4,2,2,2,10,5,8,2,3
MAIL1OIQ,75,0,3,2,1,4,7,3,3,4,3,5,5,10,2
MAIL1OK2,75,0,5,4,3,2,5,4,5,2,3,3,3,3,10
MAIL1OL6,75,0,2,4,4,10,2,2,5,6,3,2,5,3,4
MAIL1OLK,75,0,6,11,5,1,3,8,3,4,2,5,3,0,1
MAIL1OMG,75,0,3,6,3,4,2,10,1,6,4,5,3,2,3
MAIL1OMT,75,0,4,1,3,2,9,2,10,4,4,4,1,4,4
MAIL1ONL,75,0,4,5,6,6,2,3,2,10,1,7,1,2,3
MAIL1OQ4,75,0,3,1,10,5,4,6,2,3,4,4,5,2,3
MAIL1OQ9,75,0,3,5,4,2,3,2,5,10,2,7,4,3,2
MAIL1OQJ,75,0,5,3,2,1,4,2,4,4,2,10,7,4,4
MAIL1OQV,75,0,5,4,2,4,7,1,4,6,2,4,10,1,2
MAIL1OR3,75,0,5,10,5,3,3,2,4,4,2,6,1,6,1
MAIL1OR8,75,0,4,3,4,3,11,5,5,4,3,3,3,4,0
MAIL1ORV,75,0,4,4,1,2,3,2,5,6,3,5,5,10,2
MAIL1OTT,75,0,3,11,3,1,1,4,0,7,8,5,2,4,3
MAIL1OU3,75,0,7,4,4,4,4,2,3,2,4,4,2,10,2
MAIL1OUF,75,0,1,2,7,1,1,4,2,3,6,7,10,5,3
MAIL1OVL,75,0,10,3,3,3,5,4,6,5,1,2,4,1,5
MAIL1OW2,75,0,3,2,6,2,2,10,3,5,5,3,4,2,5
MAIL1OWK,75,0,10,4,6,4,2,4,3,7,2,1,2,3,4
MAIL1OX5,75,0,4,10,3,4,4,5,2,6,3,1,6,2,2
MAIL1OXH,75,0,3,3,5,4,2,10,5,3,6,2,2,3,4
MAIL1OY3,75,0,3,2,4,5,3,3,1,2,8,10,3,5,3
MAIL1OZ3,75,0,6,3,4,3,11,1,5,5,0,1,7,1,5
MAIL1P1M,75,0,2,3,10,1,5,7,5,6,3,1,3,5,1
MAIL1P2O,75,0,1,5,4,9,2,1,4,3,10,2,1,4,6
MAIL1P2X,75,0,1,4,4,5,3,4,3,4,10,4,1,7,2
MAIL1P2Y,75,0,4,4,1,5,5,2,3,11,4,0,6,3,4
MAIL1P4F,75,0,4,3,4,0,2,5,5,3,7,4,3,11,1
MAIL1P56,75,0,5,1,7,6,4,3,1,2,5,10,3,3,2
MAIL1P5T,75,0,3,6,3,11,6,1,0,3,5,4,3,5,2
MAIL1P7E,75,0,6,1,10,8,5,4,3,2,2,5,2,1,3
MAIL1PCZ,75,0,2,0,5,1,5,2,11,1,5,9,2,4,5
MAIL1PD8,75,0,5,10,2,3,7,2,6,2,2,4,1,3,5
MAIL1PDO,75,0,4,3,1,4,7,2,3,10,3,4,5,3,3
MAIL1PEI,75,0,10,5,4,6,4,7,2,4,4,2,1,1,2
MAIL1PFI,75,0,5,3,3,4,3,4,4,3,3,7,10,1,2
MAIL1PFP,75,0,2,4,4,3,3,10,4,5,5,2,2,6,2
MAIL1PFY,75,0,4,4,4,10,3,5,2,4,5,2,1,4,4
MAIL1PG2,75,0,4,3,2,4,3,7,5,2,4,10,2,5,1
MAIL1PGC,75,0,7,4,2,4,4,3,4,2,1,10,3,4,4
MAIL1PHX,75,0,3,4,4,3,4,3,4,2,4,10,4,3,4
MAIL1PI4,75,0,2,5,7,4,1,2,0,4,7,1,5,11,3
MAIL1PIG,75,0,5,3,5,5,10,2,4,2,5,2,1,2,6
MAIL1PIQ,75,0,5,2,2,4,11,6,7,3,0,5,3,2,2
MAIL1PKN,75,0,1,2,5,4,3,10,3,3,3,4,4,6,4
MAIL1PLT,75,0,3,1,4,10,3,2,9,6,4,3,2,3,2
MAIL1PMS,75,0,2,4,3,4,3,4,2,10,4,6,2,1,7
MAIL1PNL,75,0,1,1,3,5,10,5,4,6,3,3,5,2,4
MAIL1PNO,75,0,4,10,1,3,7,3,3,1,5,6,2,2,5
MAIL1PNW,75,0,5,5,3,10,1,5,3,3,4,4,2,5,2
MAIL1PPD,75,0,10,7,2,2,5,3,1,1,8,2,2,2,7
MAIL1PPF,75,0,10,4,4,4,5,3,5,3,2,3,3,4,2
MAIL1PPG,75,0,10,4,3,3,4,3,3,3,3,5,3,2,6
MAIL1PPY,75,0,1,5,2,3,6,5,5,4,3,2,5,1,10
MAIL1PQL,75,0,4,2,4,5,2,1,6,3,3,1,10,6,5
MAIL1PR3,75,0,2,2,4,3,4,3,3,7,10,3,4,1,6
MAIL1PRR,75,0,4,3,10,6,3,4,6,2,1,2,2,5,4
MAIL1PSA,75,0,3,10,3,2,1,1,7,3,7,2,3,7,3
MAIL1PSY,75,0,10,3,4,6,3,6,1,1,5,2,5,2,4
MAIL1PTN,75,0,3,4,10,2,3,6,5,4,4,1,3,2,5
MAIL1PWL,75,0,6,4,3,2,9,2,1,5,10,3,1,2,4
MAIL1PXA,75,0,4,4,1,6,3,3,3,3,10,2,2,8,3
MAIL1PXO,75,0,1,2,1,4,3,2,7,6,0,11,5,8,2
MAIL1PY2,75,0,5,3,3,10,3,5,3,3,1,4,2,4,6
MAIL1PY5,75,0,10,2,3,3,3,2,3,5,7,4,4,1,5
MAIL1PZB,75,0,3,5,3,10,2,6,3,2,4,4,3,5,2
MAIL1PZO,75,0,1,5,4,3,3,5,3,4,1,10,3,9,1
MAIL1Q1D,75,0,4,10,5,8,4,2,2,2,2,4,3,3,3
MAIL1Q2L,75,0,0,1,12,3,3,1,5,4,3,8,0,9,3
MAIL1Q3W,75,0,3,4,4,2,5,5,3,6,4,1,4,1,10
MAIL1Q46,75,0,2,1,2,6,3,5,3,2,2,10,7,2,7
MAIL1Q48,75,0,2,8,3,4,4,3,2,4,2,4,10,3,3
MAIL1Q5R,75,0,2,2,2,3,2,2,7,1,8,10,3,5,5
MAIL1Q6C,75,0,3,6,3,3,3,0,3,5,3,11,3,3,6
MAIL1Q6E,75,0,5,3,5,3,5,10,4,4,1,4,3,1,4
MAIL1Q6X,75,0,4,10,1,2,4,3,4,8,4,2,5,3,2
MAIL1Q6Z,75,0,5,6,3,1,2,5,6,4,2,4,10,2,2
MAIL1Q7D,75,0,1,2,4,3,6,1,2,3,3,4,10,6,7
MAIL1Q86,75,0,4,4,3,5,2,5,2,1,4,7,4,10,1
MAIL1Q8H,75,0,2,6,3,2,7,10,3,4,2,2,1,6,4
MAIL1Q8J,75,0,5,4,2,6,2,10,4,1,2,5,5,2,4
MAIL1QAI,75,0,6,1,6,4,10,4,4,2,3,3,4,3,2
MAIL1QAL,75,0,1,8,6,2,1,10,3,2,7,2,4,5,1
MAIL1QAU,75,0,0,8,4,3,3,3,2,4,4,1,6,3,11
MAIL1QCH,75,0,3,5,3,4,5,1,5,10,4,1,2,2,7
MAIL1QCN,75,0,6,2,3,1,2,5,2,10,3,6,5,2,5
MAIL1QGC,75,0,5,1,10,4,3,5,1,8,2,4,3,3,3
MAIL1QGW,75,0,2,5,3,2,5,3,5,1,3,5,4,4,10
MAIL1QHB,75,0,7,5,4,2,10,4,3,7,2,1,2,3,2
MAIL1QHC,75,0,3,4,4,3,7,5,4,2,1,4,2,3,10
MAIL1QI7,75,0,4,1,2,6,3,5,10,4,5,3,1,5,3
MAIL1QIE,75,0,2,4,5,4,3,3,10,5,2,3,2,3,6
MAIL1QIH,75,0,10,2,5,2,5,3,3,6,4,5,4,2,1
MAIL1QIP,75,0,1,4,3,4,10,3,5,3,5,2,1,6,5
MAIL1QIS,75,0,6,2,4,4,4,6,4,1,3,2,1,10,5
MAIL1QJ2,75,0,3,2,1,3,4,2,10,3,3,5,5,7,4
MAIL1QKD,75,0,4,3,5,3,0,4,11,4,5,2,5,5,1
MAIL1QKG,75,0,3,3,6,5,2,3,10,4,4,2,3,3,4
MAIL1QL6,75,0,4,4,1,0,2,11,5,3,4,4,4,4,6
MAIL1QNB,75,0,10,5,3,3,6,4,2,5,1,3,2,6,2
MAIL1QNE,75,0,3,3,6,3,1,7,4,4,3,3,2,3,10
MAIL1QPZ,75,0,5,5,3,2,3,4,2,8,10,3,2,3,2
MAIL1QSE,75,0,5,4,6,6,3,3,3,3,10,1,6,1,1
MAIL1QSH,75,0,7,2,2,10,4,3,6,4,3,5,2,2,2
MAIL1QSS,75,0,5,3,10,4,2,2,3,2,8,5,1,5,2
MAIL1QT9,75,0,4,10,3,3,4,1,5,5,3,1,5,3,5
MAIL1QTO,75,0,3,2,6,2,3,4,3,5,3,4,6,1,10
MAIL1QVJ,75,0,2,2,3,5,2,3,10,4,7,6,2,2,4
MAIL1QW5,75,0,3,3,4,4,10,1,4,2,6,3,5,3,4
MAIL1QWZ,75,0,4,1,3,1,6,2,6,10,2,3,7,3,4
MAIL1QXB,75,0,2,3,3,1,9,4,1,6,2,3,5,10,3
MAIL1QZF,75,0,5,5,3,2,1,4,10,3,3,2,1,7,6
MAIL1R1W,75,0,3,3,5,10,4,3,3,3,3,4,5,2,4
MAIL1R2D,75,0,3,3,3,3,10,2,6,4,4,6,3,2,3
MAIL1R3N,75,0,3,2,0,6,4,5,1,11,6,2,2,4,6
MAIL1R49,75,0,4,3,2,2,10,4,3,4,1,3,8,6,2
MAIL1R52,75,0,1,5,3,7,6,4,4,4,10,4,2,1,1
MAIL1R7Q,75,0,3,3,4,2,10,5,2,5,3,5,6,2,2
MAIL1R7Y,75,0,10,6,3,4,7,1,2,2,3,2,4,4,4
MAIL1R98,75,0,5,3,4,3,1,5,10,2,5,4,3,4,3
MAIL1RAK,75,0,9,2,2,2,3,3,3,5,4,4,10,4,1
MAIL1RD7,75,0,4,2,0,3,5,4,11,1,6,4,3,6,3
MAIL1RDD,75,0,5,4,5,5,3,4,1,4,1,5,2,10,3
MAIL1REV,75,0,3,4,5,4,5,4,10,2,3,2,4,4,2
MAIL1RG1,75,0,2,2,2,10,3,1,7,3,4,4,5,4,5
MAIL1RI9,75,0,4,10,2,5,3,3,4,8,1,2,1,4,5
MAIL1RIJ,75,0,4,1,2,2,5,1,6,4,6,4,3,4,10
MAIL1RIX,75,0,5,3,10,1,3,3,5,4,3,4,4,4,3
MAIL1RJF,75,0,2,3,4,6,2,4,3,10,3,4,5,3,3
MAIL1RJG,75,0,4,7,7,4,5,0,1,3,1,11,4,1,4
MAIL1RKF,75,0,4,4,3,3,3,4,2,3,4,6,10,3,3
MAIL1RL1,75,0,2,2,4,4,4,1,5,2,10,2,8,3,5
MAIL1RLE,75,0,2,2,1,3,7,10,2,7,2,3,4,4,5
MAIL1RLY,75,0,4,7,1,5,2,1,6,2,5,4,2,10,3
MAIL1RM9,75,0,2,2,5,7,3,2,3,6,5,2,10,1,4
MAIL1RMH,75,0,1,2,5,3,5,3,10,4,4,4,2,4,5
MAIL1RO7,75,0,3,3,2,5,2,6,1,3,5,6,3,3,10
MAIL1ROS,75,0,3,2,10,1,5,4,6,1,6,5,2,4,3
MAIL1RPQ,75,0,10,2,5,1,4,5,5,3,2,2,5,4,4
MAIL1RPZ,75,0,3,4,4,5,1,2,3,10,7,3,2,3,5
MAIL1RQ9,75,0,4,3,4,5,2,3,4,7,2,11,6,1,0
MAIL1RQD,75,0,5,4,4,5,2,10,2,3,5,3,1,3,5
MAIL1RQI,75,0,3,2,3,10,3,5,4,2,5,2,3,5,5
MAIL1RQT,75,0,2,2,6,1,1,5,5,2,5,8,10,3,2
MAIL1RRT,75,0,2,2,10,6,5,3,5,2,3,2,6,5,1
MAIL1RSS,75,0,10,3,1,5,6,3,3,3,2,2,4,6,4
MAIL1RSW,75,0,6,5,3,2,2,7,6,1,10,4,2,2,2
MAIL1RUI,75,0,2,3,3,4,6,2,6,2,10,3,1,6,4
MAIL1RVM,75,0,10,3,8,3,3,4,3,4,1,5,3,4,1
MAIL1RW5,75,0,5,4,5,3,3,4,3,1,2,4,10,6,2
MAIL1RWL,75,0,3,5,5,2,10,3,6,4,5,1,3,2,3
MAIL1RWM,75,0,4,4,1,5,5,3,10,3,3,4,4,3,3
MAIL1RXE,75,0,1,1,4,2,5,3,4,3,3,5,10,4,7
MAIL1RYD,75,0,5,5,1,10,4,1,4,5,4,2,4,3,4
MAIL1RYU,75,0,6,3,1,10,3,3,6,2,5,2,4,3,4
MAIL1RYZ,75,0,4,6,2,3,2,2,1,4,3,2,10,8,5
MAIL1RZ4,75,0,3,3,3,3,5,3,1,4,10,4,3,5,5
MAIL1S1A,75,0,5,5,5,4,2,1,4,1,11,8,0,4,2
MAIL1S1G,75,0,2,3,5,5,2,3,7,1,3,1,5,5,10
MAIL1S1S,75,0,2,4,3,5,10,3,5,4,4,1,4,4,3
MAIL1S1V,75,0,3,3,2,2,3,4,8,3,4,4,10,4,2
MAIL1S2I,75,0,6,5,5,3,4,5,2,4,3,2,0,2,11
MAIL1S36,75,0,10,3,5,3,4,3,5,4,2,3,1,4,5
MAIL1S3K,75,0,5,3,3,4,3,3,2,10,1,4,4,5,5
MAIL1S3S,75,0,3,3,3,5,2,3,3,10,3,5,4,2,6
MAIL1S4D,75,0,10,5,2,6,4,3,2,6,4,3,4,1,2
MAIL1S4N,75,0,1,6,5,1,6,3,4,4,3,3,2,4,10
MAIL1S4W,75,0,5,3,10,3,7,2,2,2,3,4,6,2,3
MAIL1S66,75,0,5,5,5,10,4,4,6,2,1,3,2,1,4
MAIL1S6L,75,0,5,6,3,2,3,3,6,5,2,2,2,10,3
MAIL1S74,75,0,4,10,3,5,3,2,5,3,2,5,4,4,2
MAIL1S75,75,0,6,10,5,4,3,3,3,5,4,1,2,2,4
MAIL1S7L,75,0,4,2,4,4,5,3,10,3,2,4,4,3,4
MAIL1S81,75,0,4,4,10,4,3,3,3,5,3,4,1,5,3
MAIL1S8T,75,0,4,6,4,2,3,3,3,3,3,10,3,6,2
MAIL1S9L,75,0,3,4,4,3,3,2,7,2,4,4,10,5,1
MAIL1SAH,75,0,3,2,10,4,3,2,4,4,1,4,8,4,3
MAIL1SBZ,75,0,5,10,3,5,5,1,4,2,5,1,6,1,4
MAIL1SCP,75,0,3,5,5,2,10,4,3,5,4,1,6,2,2
MAIL1SDQ,75,0,2,2,6,5,0,3,3,3,11,2,6,7,2
MAIL1SEU,75,0,2,4,3,3,4,4,5,2,6,10,3,2,4
MAIL1SFN,75,0,7,10,1,3,3,6,3,3,2,4,6,3,1
MAIL1SGD,75,0,4,2,10,1,6,2,6,2,4,5,4,3,3
MAIL1SGI,75,0,2,2,4,2,10,2,3,3,8,2,6,5,3
MAIL1SKK,75,0,1,2,3,2,8,6,4,3,1,2,10,7,3
MAIL1SM3,75,0,3,6,3,2,10,5,4,3,3,3,3,3,4
MAIL1SMY,75,0,2,2,2,2,5,4,3,4,7,5,10,3,3
MAIL1SN5,75,0,3,1,3,1,1,4,2,10,5,5,4,5,8
MAIL1SP4,75,0,3,3,6,2,3,3,2,6,4,5,10,1,4
MAIL1SQI,75,0,1,0,2,6,11,4,2,3,6,3,6,5,3
MAIL1SQZ,75,0,3,6,2,1,5,5,2,6,4,2,10,2,4
MAIL1SR3,75,0,1,5,10,4,4,7,4,3,3,4,1,3,3
MAIL1SRO,75,0,10,2,4,1,3,9,3,4,2,4,4,1,5
MAIL1SSD,75,0,7,2,2,6,6,3,4,3,2,2,1,4,10
MAIL1SSF,75,0,1,3,3,5,3,5,3,10,2,3,2,5,7
MAIL1SSQ,75,0,8,5,2,4,3,4,2,4,10,3,3,1,3
MAIL1SST,75,0,6,5,2,4,3,10,2,4,3,3,4,3,3
MAIL1SU5,75,0,3,2,6,4,6,4,10,2,3,3,4,3,2
MAIL1SU6,75,0,10,3,5,5,1,3,1,5,5,4,5,3,2
MAIL11BA,74,0,5,0,2,2,8,6,5,0,11,2,6,2,3
MAIL11CH,74,0,4,3,3,5,3,0,4,1,10,5,2,4,8
MAIL11DH,74,0,6,10,0,4,3,2,4,4,5,2,5,2,5
MAIL11FC,74,0,6,0,5,4,2,2,3,5,3,2,5,10,5
MAIL11LO,74,0,2,4,5,1,1,8,10,0,6,3,5,1,6
MAIL11MM,74,0,3,6,5,4,4,0,5,3,2,1,10,5,4
MAIL11MV,74,0,2,3,1,4,7,8,5,10,5,0,2,1,4
MAIL11NB,74,0,2,0,3,1,3,5,7,3,2,10,6,4,6
MAIL11Q8,74,0,4,2,10,6,7,0,5,4,2,2,3,3,4
MAIL11RE,74,0,4,6,7,4,10,2,1,2,5,2,5,4,0
MAIL11RF,74,0,4,0,6,4,3,4,10,4,1,6,1,3,6
MAIL11TT,74,0,3,2,6,5,2,2,0,2,8,6,2,4,10
MAIL11VJ,74,0,5,2,4,3,0,4,2,4,3,6,10,4,5
MAIL124K,74,0,7,10,3,5,3,3,2,5,4,1,5,4,0
MAIL125P,74,0,5,6,1,7,3,4,4,0,3,3,5,1,10
MAIL127L,74,0,1,7,5,4,4,0,6,4,3,1,10,5,2
MAIL127V,74,0,3,4,3,4,10,6,5,5,0,2,5,3,2
MAIL129H,74,0,4,3,3,6,0,2,3,4,3,10,4,4,6
MAIL12BB,74,0,10,8,3,4,4,3,1,2,3,7,4,3,0
MAIL12EN,74,0,2,7,1,4,5,6,0,8,5,2,10,1,1
MAIL12EU,74,0,0,3,8,3,10,1,3,5,5,3,3,4,4
MAIL12PA,74,0,3,4,2,7,2,4,4,0,4,1,6,10,5
MAIL12QC,74,0,7,4,5,3,4,10,0,3,2,3,5,2,4
MAIL12QK,74,0,7,1,4,0,5,10,1,3,6,5,1,6,3
MAIL12SE,74,0,5,1,3,3,0,4,3,5,4,3,7,4,10
MAIL12SH,74,0,4,2,2,1,4,4,5,10,5,4,9,0,2
MAIL12WE,74,0,5,3,3,2,6,3,3,4,0,10,5,3,5
MAIL12WP,74,0,7,4,2,5,3,5,0,2,4,5,10,3,2
MAIL133G,74,0,3,5,1,3,3,2,7,6,2,0,3,10,7
MAIL133K,74,0,2,10,3,9,6,1,3,4,0,1,7,3,3
MAIL134S,74,0,10,3,3,3,5,5,5,4,5,0,4,3,2
MAIL1353,74,0,5,3,5,3,6,0,2,3,4,3,3,10,5
MAIL135L,74,0,3,2,6,0,4,3,4,4,1,4,10,6,5
MAIL135S,74,0,6,4,3,0,3,3,4,4,1,3,6,5,10
MAIL136E,74,0,1,2,2,3,4,8,1,0,10,7,4,7,3
MAIL13BD,74,0,2,4,3,4,4,4,0,4,3,10,4,3,7
MAIL13CF,74,0,1,2,3,10,5,3,4,2,10,4,0,4,4
MAIL13GH,74,0,4,2,0,4,2,2,3,5,4,2,8,6,10
MAIL13GJ,74,0,1,3,2,5,5,7,10,2,2,3,6,6,0
MAIL13IA,74,0,3,0,3,6,2,2,4,10,3,6,5,3,5
MAIL13LZ,74,0,4,0,4,2,5,2,1,10,3,6,6,6,3
MAIL13N5,74,0,4,3,7,5,0,2,5,4,2,2,2,10,6
MAIL13NH,74,0,4,10,0,4,2,1,7,3,3,4,7,4,3
MAIL13NN,74,0,6,1,4,1,2,10,9,5,0,3,4,5,2
MAIL13R9,74,0,3,0,2,4,1,7,5,5,4,4,4,10,3
MAIL13RA,74,0,7,10,5,3,2,0,1,4,4,2,5,1,8
MAIL13TZ,74,0,3,0,7,10,1,2,2,3,8,3,5,2,6
MAIL13UI,74,0,0,2,6,4,11,0,4,2,8,4,5,2,4
MAIL13UZ,74,0,2,6,4,2,3,6,10,0,3,5,3,6,2
MAIL1423,74,0,5,8,10,4,1,4,3,3,2,9,2,1,0
MAIL143P,74,0,4,1,4,0,3,3,2,5,10,3,6,4,7
MAIL147A,74,0,2,0,3,10,5,2,6,4,5,2,6,3,4
MAIL148W,74,0,5,5,4,5,3,2,10,2,5,5,0,2,4
MAIL149Q,74,0,2,7,6,10,6,3,4,0,1,4,1,5,3
MAIL14AT,74,0,3,10,3,4,3,5,4,3,6,0,5,3,3
MAIL14DW,74,0,2,3,6,4,5,2,4,3,4,0,10,5,4
MAIL14FT,74,0,3,1,0,5,3,4,4,5,2,5,6,10,4
MAIL14IH,74,0,3,1,5,5,10,3,5,4,4,3,0,5,4
MAIL14KG,74,0,6,10,2,0,5,4,3,2,3,5,4,4,4
MAIL14KS,74,0,5,3,0,10,10,1,1,3,3,4,1,4,7
MAIL14QD,74,0,5,3,3,7,2,5,0,4,1,10,3,5,4
MAIL14R4,74,0,2,10,2,9,1,2,4,5,0,5,6,2,4
MAIL14RS,74,0,5,7,10,4,2,3,4,0,6,2,4,3,2
MAIL14T4,74,0,2,5,3,2,8,4,10,2,5,0,2,5,4
MAIL14TC,74,0,5,7,3,2,2,0,7,4,4,3,10,3,2
MAIL14XS,74,0,9,0,6,3,5,3,3,2,2,10,2,2,5
MAIL14ZD,74,0,5,2,3,6,3,4,4,9,3,2,10,0,1
MAIL152R,74,0,2,3,0,6,6,2,10,4,3,6,5,4,1
MAIL154A,74,0,10,5,1,2,0,3,1,3,2,6,4,10,5
MAIL1578,74,0,5,4,3,5,4,3,0,1,3,4,10,4,6
MAIL157S,74,0,2,1,3,6,5,5,6,6,3,3,2,10,0
MAIL158C,74,0,2,3,6,8,7,2,3,10,1,5,4,0,1
MAIL15CZ,74,0,6,3,4,3,3,4,1,4,2,4,8,10,0
MAIL15DY,74,0,6,2,0,4,3,6,3,2,1,3,7,10,5
MAIL15EM,74,0,6,3,4,2,3,3,6,6,10,0,1,4,4
MAIL15IL,74,0,5,1,2,5,10,9,3,5,0,3,2,4,3
MAIL15JE,74,0,6,2,4,2,6,10,4,4,2,6,4,2,0
MAIL15LB,74,0,6,0,1,5,5,5,5,10,5,1,4,2,3
MAIL15NG,74,0,3,0,7,5,3,10,1,5,3,3,4,2,6
MAIL15P2,74,0,2,7,4,0,3,4,3,6,4,3,4,2,10
MAIL15QE,74,0,2,0,1,3,8,5,10,3,7,3,2,5,3
MAIL15TU,74,0,1,5,3,10,6,3,5,0,2,5,6,5,1
MAIL15VU,74,0,2,6,4,3,4,5,4,0,6,1,4,10,3
MAIL15XW,74,0,1,4,7,3,4,9,2,5,3,3,1,10,0
MAIL15YA,74,0,4,1,0,4,10,4,2,5,6,1,3,5,7
MAIL1611,74,0,4,8,4,1,2,0,4,6,2,1,10,6,4
MAIL1659,74,0,10,0,5,3,6,2,7,3,2,4,4,2,4
MAIL168I,74,0,5,6,10,5,6,5,3,4,2,1,2,0,3
MAIL169N,74,0,6,10,6,6,2,0,3,1,4,3,2,6,3
MAIL16AE,74,0,9,2,11,5,5,0,4,2,4,2,0,4,4
MAIL16AY,74,0,0,3,8,3,1,2,5,2,4,8,3,10,3
MAIL16BC,74,0,2,6,9,3,3,2,6,1,4,0,10,4,2
MAIL16CU,74,0,4,4,3,3,1,0,1,5,4,4,7,10,6
MAIL16E1,74,0,4,10,0,1,4,3,4,4,3,4,4,5,6
MAIL16GH,74,0,3,3,5,5,6,2,2,5,6,3,2,0,10
MAIL16KB,74,0,2,2,3,4,0,10,4,5,3,4,3,4,8
MAIL16SE,74,0,10,5,1,5,4,0,5,5,1,2,4,5,5
MAIL16T5,74,0,4,2,0,4,2,6,3,3,4,7,10,5,2
MAIL16TG,74,0,10,1,3,3,10,4,4,3,6,0,4,2,2
MAIL16V9,74,0,4,7,11,3,1,3,7,0,4,2,6,4,0
MAIL16XT,74,0,4,3,6,3,3,0,3,3,5,5,10,1,6
MAIL16XV,74,0,0,5,5,5,3,4,4,3,2,4,10,3,4
MAIL16YI,74,0,3,3,3,6,5,4,3,4,10,2,2,7,0
MAIL16YO,74,0,10,5,2,4,0,4,4,2,2,7,6,5,1
MAIL16Z2,74,0,3,7,5,6,10,1,3,0,2,4,3,2,6
MAIL16ZI,74,0,4,7,0,5,2,2,4,2,10,8,2,1,5
MAIL172U,74,0,10,4,3,5,0,7,3,3,8,1,5,2,1
MAIL175U,74,0,4,6,3,1,0,5,4,8,1,10,5,3,2
MAIL176F,74,0,4,6,7,2,2,10,4,2,4,2,0,5,4
MAIL177Z,74,0,5,3,2,4,10,0,6,2,5,4,2,7,2
MAIL179C,74,0,4,10,4,6,2,3,5,6,4,0,3,4,1
MAIL17D3,74,0,6,3,3,3,3,3,5,2,0,4,10,8,2
MAIL17D9,74,0,3,1,3,3,4,6,2,5,0,10,8,2,5
MAIL17DA,74,0,1,3,5,2,5,1,10,3,3,9,0,4,6
MAIL17DB,74,0,2,3,5,8,3,0,1,1,8,4,10,3,4
MAIL17DM,74,0,2,4,2,5,4,4,5,0,7,3,10,1,5
MAIL17FN,74,0,1,5,5,3,2,0,10,6,3,8,3,2,4
MAIL17I2,74,0,5,8,4,3,2,6,4,1,1,10,0,3,5
MAIL17K1,74,0,5,10,7,2,1,3,4,3,3,5,0,4,5
MAIL17L9,74,0,3,4,4,5,0,11,0,4,1,4,5,6,5
MAIL17LO,74,0,2,6,2,3,0,4,4,10,3,2,2,8,6
MAIL17MS,74,0,7,6,2,4,0,2,3,3,6,3,10,4,2
MAIL17T9,74,0,4,10,4,5,4,4,3,0,3,7,1,3,4
MAIL17TP,74,0,2,4,4,0,6,3,7,2,5,2,5,2,10
MAIL17WC,74,0,4,3,0,5,4,6,10,2,3,4,1,4,6
MAIL17Y1,74,0,7,6,5,1,2,0,10,1,4,5,2,6,3
MAIL1871,74,0,2,3,5,3,7,4,2,0,4,10,4,3,5
MAIL187A,74,0,5,10,6,5,3,2,3,4,6,0,4,2,2
MAIL189S,74,0,3,7,4,0,2,3,4,3,2,2,5,7,10
MAIL18A9,74,0,1,7,8,0,1,3,10,5,3,3,4,5,2
MAIL18AU,74,0,3,4,0,2,5,2,5,3,4,3,4,10,7
MAIL18BM,74,0,10,4,6,3,5,7,2,6,0,1,3,2,3
MAIL18E4,74,0,5,10,1,2,5,2,1,3,7,6,0,2,8
MAIL18FE,74,0,4,0,7,4,10,6,3,5,2,1,3,4,3
MAIL18LM,74,0,3,8,4,2,3,4,4,4,10,2,0,4,4
MAIL18LS,74,0,4,4,3,4,10,1,7,0,6,6,4,2,1
MAIL18LT,74,0,6,5,3,4,3,5,3,0,10,3,7,1,2
MAIL18ON,74,0,5,3,1,3,4,3,3,5,3,5,0,7,10
MAIL18PW,74,0,7,3,7,3,4,10,0,3,4,4,2,4,1
MAIL18QZ,74,0,5,4,0,6,10,9,1,4,2,3,4,2,2
MAIL18SO,74,0,3,7,0,3,2,3,8,10,5,2,3,5,1
MAIL18T1,74,0,3,3,10,2,5,5,5,2,0,8,3,5,1
MAIL18U4,74,0,4,4,3,6,0,6,2,6,10,2,2,3,4
MAIL18UU,74,0,10,5,4,3,3,2,5,6,3,3,0,4,4
MAIL191A,74,0,2,6,0,6,3,6,5,2,2,10,6,3,1
MAIL191G,74,0,0,3,4,3,5,5,5,3,10,4,4,2,4
MAIL1928,74,0,0,5,5,4,3,3,5,10,6,4,3,1,3
MAIL1939,74,0,0,5,3,2,4,5,4,4,5,10,4,4,2
MAIL194B,74,0,6,5,1,2,2,7,5,0,10,2,3,4,5
MAIL199T,74,0,6,0,10,2,3,2,3,8,5,3,1,5,4
MAIL19BT,74,0,2,3,4,2,3,3,5,7,4,3,6,0,10
MAIL19G1,74,0,5,3,4,3,3,6,3,2,5,4,0,4,10
MAIL19GU,74,0,0,4,1,5,10,6,1,4,5,2,4,4,6
MAIL19L3,74,0,3,0,1,5,6,3,2,1,3,3,6,9,10
MAIL19LJ,74,0,3,2,1,2,0,6,3,10,3,5,3,5,9
MAIL19OC,74,0,2,4,5,3,2,0,10,6,3,6,7,3,1
MAIL19U4,74,0,5,4,6,2,3,10,2,2,2,0,6,7,3
MAIL19UG,74,0,6,10,1,2,2,2,6,9,4,3,4,0,3
MAIL19ZX,74,0,2,10,5,3,4,4,4,3,2,4,6,0,5
MAIL1A14,74,0,6,3,2,2,4,4,3,6,6,5,0,1,10
MAIL1A1R,74,0,4,3,5,6,2,4,0,3,5,2,10,4,4
MAIL1A49,74,0,4,4,2,6,4,0,5,2,1,5,5,10,4
MAIL1A67,74,0,3,6,5,0,3,4,6,3,2,5,4,10,1
MAIL1AAC,74,0,3,1,7,3,5,7,10,3,3,6,3,1,0
MAIL1ABW,74,0,0,6,3,4,5,4,5,2,2,10,3,6,2
MAIL1ADY,74,0,7,4,4,10,1,2,4,4,4,0,5,4,3
MAIL1AF1,74,0,4,2,6,6,3,3,6,10,2,0,3,4,3
MAIL1AF2,74,0,6,10,2,4,5,4,5,3,6,4,2,1,0
MAIL1AGH,74,0,2,4,4,3,1,1,7,5,4,10,0,5,6
MAIL1AIE,74,0,3,2,8,1,6,3,5,10,0,1,6,3,4
MAIL1AJN,74,0,6,2,3,1,0,5,5,3,4,2,6,5,10
MAIL1AMR,74,0,5,2,4,5,5,0,5,2,10,5,3,1,5
MAIL1AQB,74,0,6,6,5,3,2,1,4,0,4,4,2,5,10
MAIL1ARD,74,0,6,3,3,5,4,2,0,4,4,6,4,10,1
MAIL1AS1,74,0,3,3,8,0,1,4,5,2,6,2,3,10,5
MAIL1AVF,74,0,6,1,2,1,6,3,10,0,1,9,2,4,7
MAIL1AWU,74,0,1,4,0,5,7,5,4,1,5,5,10,4,1
MAIL1AYN,74,0,4,6,2,6,10,2,6,3,0,2,4,3,4
MAIL1AYT,74,0,3,4,4,2,4,6,0,10,6,1,4,7,1
MAIL1B4J,74,0,1,10,3,5,5,0,3,3,5,5,5,3,4
MAIL1B65,74,0,7,1,0,2,9,10,4,1,2,4,3,3,6
MAIL1BB4,74,0,2,5,4,4,6,5,3,2,5,3,3,0,10
MAIL1BBI,74,0,5,3,3,2,2,6,4,6,2,6,10,3,0
MAIL1BD4,74,0,5,4,10,0,6,1,5,3,5,2,4,1,6
MAIL1BDK,74,0,1,2,3,5,3,4,0,10,4,7,4,5,4
MAIL1BDO,74,0,6,0,3,5,3,3,4,6,5,3,2,10,2
MAIL1BEZ,74,0,5,2,6,3,0,4,4,10,3,4,5,3,3
MAIL1BF6,74,0,0,5,6,10,2,3,3,2,6,1,5,1,8
MAIL1BFA,74,0,6,10,4,1,6,2,5,0,3,2,6,4,3
MAIL1BIR,74,0,5,3,0,10,3,2,6,3,4,2,5,4,5
MAIL1BP5,74,0,3,2,3,7,4,4,6,2,0,6,2,10,3
MAIL1BUP,74,0,5,6,3,4,4,2,10,3,6,4,1,4,0
MAIL1BVE,74,0,3,5,4,1,3,5,0,3,6,10,4,5,3
MAIL1BYI,74,0,10,8,3,4,6,4,5,2,2,2,2,4,0
MAIL1BYN,74,0,3,10,5,5,6,6,3,2,3,3,0,2,4
MAIL1C2J,74,0,4,4,4,2,10,3,4,5,2,0,5,6,3
MAIL1C4M,74,0,3,4,2,0,4,4,8,1,8,3,2,3,10
MAIL1C6P,74,0,3,9,2,4,3,4,5,10,0,1,5,2,4
MAIL1C8N,74,0,2,7,10,3,0,2,4,4,2,2,5,3,8
MAIL1C99,74,0,6,5,0,3,3,3,2,10,4,7,5,1,3
MAIL1CGF,74,0,0,3,2,3,3,1,2,4,4,4,10,8,8
MAIL1CJD,74,0,5,3,0,1,7,3,4,4,4,4,2,5,10
MAIL1CKL,74,0,4,0,2,3,6,6,7,2,10,3,3,5,1
MAIL1CMP,74,0,0,4,4,2,4,4,8,10,4,1,4,5,2
MAIL1CQQ,74,0,5,5,7,2,0,5,10,1,6,6,2,2,1
MAIL1CRI,74,0,3,0,4,3,7,2,2,10,4,6,4,4,3
MAIL1CU4,74,0,4,8,2,0,4,3,10,7,3,2,2,3,4
MAIL1CVY,74,0,4,2,7,3,0,6,3,0,5,2,5,4,11
MAIL1CWA,74,0,4,3,5,3,2,10,6,2,7,1,0,5,4
MAIL1CX6,74,0,0,10,2,4,5,2,2,3,4,5,7,3,5
MAIL1CZY,74,0,2,3,2,10,5,8,1,3,4,2,0,7,5
MAIL1D4X,74,0,3,0,4,4,4,4,4,5,10,3,3,3,5
MAIL1D5A,74,0,4,3,7,5,3,2,10,2,6,2,4,0,4
MAIL1D8I,74,0,4,2,4,2,5,1,4,0,4,10,8,4,4
MAIL1DAN,74,0,3,2,6,3,0,2,5,4,3,10,4,5,5
MAIL1DDS,74,0,4,1,10,4,2,4,4,5,0,5,3,3,7
MAIL1DE1,74,0,3,4,3,2,10,2,8,0,3,4,7,3,3
MAIL1DFU,74,0,3,1,0,8,2,6,3,10,7,2,3,3,4
MAIL1DIO,74,0,4,5,2,11,5,0,5,4,4,0,2,5,5
MAIL1DM2,74,0,4,3,6,0,3,2,10,4,3,6,1,2,8
MAIL1DPB,74,0,5,0,5,5,4,1,3,2,2,10,3,8,4
MAIL1DQ5,74,0,1,6,3,5,4,4,2,7,5,0,1,10,4
MAIL1DST,74,0,0,5,4,2,3,10,4,5,6,3,3,4,3
MAIL1DUT,74,0,4,2,0,4,10,2,4,3,4,2,7,5,5
MAIL1DXV,74,0,3,3,4,2,0,4,4,8,3,5,10,3,3
MAIL1E2U,74,0,10,4,0,3,3,5,3,6,4,1,7,4,2
MAIL1E4G,74,0,2,0,5,7,3,4,2,3,6,2,4,10,4
MAIL1EB6,74,0,3,2,3,4,2,7,6,5,5,2,0,10,3
MAIL1EBU,74,0,0,1,2,4,4,7,5,5,3,4,4,3,10
MAIL1EFJ,74,0,5,4,4,10,8,0,2,4,2,2,7,3,1
MAIL1EIG,74,0,10,2,7,3,3,4,3,5,4,0,6,3,2
MAIL1EIP,74,0,5,2,3,3,5,10,2,0,9,5,3,1,4
MAIL1EJJ,74,0,2,4,5,9,3,4,5,10,2,2,2,4,0
MAIL1EJK,74,0,3,4,10,7,3,5,2,0,3,2,6,4,3
MAIL1EKD,74,0,0,10,6,4,6,4,3,4,3,3,2,1,6
MAIL1EN4,74,0,0,3,3,3,10,9,3,5,2,6,1,3,4
MAIL1ESB,74,0,0,10,4,4,3,2,7,6,2,3,5,3,3
MAIL1EUW,74,0,2,0,6,10,2,3,7,4,3,4,3,4,4
MAIL1EZT,74,0,3,1,5,8,10,4,4,2,6,3,0,3,3
MAIL1F1H,74,0,1,4,8,1,3,3,3,10,7,8,0,2,2
MAIL1F1S,74,0,7,5,1,6,1,3,3,10,4,5,4,0,3
MAIL1F61,74,0,7,2,4,4,1,4,0,8,2,7,2,1,10
MAIL1FDL,74,0,3,5,2,3,6,10,0,6,3,6,3,2,3
MAIL1FDT,74,0,7,0,3,5,10,2,5,3,2,1,1,5,8
MAIL1FH6,74,0,3,3,2,5,5,5,0,5,5,2,10,5,2
MAIL1FH9,74,0,7,4,2,3,4,2,4,0,2,7,4,3,10
MAIL1FHB,74,0,6,10,2,0,3,3,10,2,6,3,1,5,1
MAIL1FIT,74,0,4,1,9,5,3,1,3,0,10,6,4,2,4
MAIL1FJA,74,0,4,6,0,2,4,10,2,3,4,3,4,5,5
MAIL1FJP,74,0,6,10,4,3,4,5,2,2,9,1,2,0,4
MAIL1FK5,74,0,1,1,4,5,4,3,10,5,6,3,0,6,4
MAIL1FM8,74,0,5,2,10,4,4,4,2,0,7,3,2,4,5
MAIL1FN2,74,0,0,4,5,6,2,1,5,3,10,9,2,3,2
MAIL1FQE,74,0,2,3,6,8,2,2,0,5,10,5,3,3,3
MAIL1FS9,74,0,4,4,2,6,4,4,0,4,4,10,4,1,5
MAIL1FWE,74,0,2,10,6,1,4,4,6,4,0,3,4,4,4
MAIL1FWU,74,0,2,7,2,0,7,4,10,2,3,4,3,3,5
MAIL1G15,74,0,5,7,10,3,2,6,2,1,3,4,5,4,0
MAIL1G2R,74,0,5,0,4,3,2,1,10,4,4,3,5,7,4
MAIL1G34,74,0,5,3,7,3,2,2,10,4,0,4,5,5,2
MAIL1G64,74,0,7,0,4,3,4,3,4,10,3,2,5,2,5
MAIL1G6S,74,0,5,0,6,1,4,2,2,4,4,4,4,6,10
MAIL1G8L,74,0,2,2,0,10,4,2,7,6,2,4,3,5,5
MAIL1GDI,74,0,4,4,5,10,6,2,2,3,7,3,0,4,2
MAIL1GFC,74,0,3,1,10,1,5,3,0,4,5,5,5,3,7
MAIL1GFV,74,0,7,1,1,6,4,2,3,0,3,4,10,3,8
MAIL1GHS,74,0,5,0,2,4,2,5,10,2,4,8,2,4,4
MAIL1GKI,74,0,4,2,1,3,5,1,7,0,8,2,10,4,5
MAIL1GKY,74,0,0,7,3,2,4,9,2,2,10,2,4,4,3
MAIL1GMC,74,0,4,4,3,1,2,4,0,10,3,2,8,7,4
MAIL1GMS,74,0,10,5,5,2,4,0,8,2,5,4,3,1,3
MAIL1GNU,74,0,6,2,8,3,0,4,1,1,4,10,3,4,6
MAIL1GPF,74,0,5,0,4,7,2,4,2,4,3,2,4,10,5
MAIL1GUU,74,0,2,5,4,2,0,5,5,5,3,10,4,3,4
MAIL1GW6,74,0,4,0,4,3,6,3,6,1,7,2,2,10,4
MAIL1GZ9,74,0,3,10,5,4,3,1,4,4,7,4,0,4,3
MAIL1GZH,74,0,4,1,4,3,6,10,5,5,6,0,2,4,2
MAIL1H1V,74,0,0,4,5,3,3,4,6,4,3,5,10,4,1
MAIL1H7H,74,0,3,4,6,6,0,4,10,6,4,2,1,4,2
MAIL1H7K,74,0,2,3,2,8,3,0,10,4,4,4,3,4,5
MAIL1HAR,74,0,4,2,4,4,5,5,5,1,3,4,5,0,10
MAIL1HCY,74,0,3,4,0,0,2,5,7,11,2,5,3,2,8
MAIL1HEO,74,0,7,5,2,4,2,10,5,2,3,0,5,4,3
MAIL1HIE,74,0,8,0,2,5,1,4,5,6,10,4,3,1,3
MAIL1HQ5,74,0,5,4,2,0,8,10,4,4,5,4,2,1,3
MAIL1HQV,74,0,4,3,5,2,3,4,0,6,6,2,2,5,10
MAIL1HWQ,74,0,3,0,10,4,2,3,4,3,5,5,5,5,3
MAIL1HX5,74,0,2,5,3,3,4,3,10,4,0,4,5,3,6
MAIL1HY7,74,0,3,4,3,0,5,3,2,2,7,4,10,4,5
MAIL1HYE,74,0,4,2,0,6,3,2,4,10,2,5,4,3,7
MAIL1HYF,74,0,0,10,5,1,3,4,2,3,5,5,3,7,4
MAIL1I2A,74,0,10,3,0,3,2,5,5,3,9,2,6,2,2
MAIL1I9Z,74,0,6,4,0,4,6,2,3,2,10,5,5,2,3
MAIL1IAV,74,0,3,3,2,0,10,5,4,2,5,3,4,7,4
MAIL1IE8,74,0,3,0,1,10,6,3,3,4,5,3,5,3,6
MAIL1IFY,74,0,5,4,2,6,2,6,10,2,3,2,6,0,4
MAIL1IJM,74,0,0,5,5,10,2,4,3,4,1,1,2,8,7
MAIL1IKL,74,0,6,2,3,4,4,2,3,4,5,0,7,2,10
MAIL1IQJ,74,0,7,5,0,4,2,7,4,11,3,1,5,0,3
MAIL1ISH,74,0,3,6,10,0,2,5,5,2,1,5,3,4,6
MAIL1IUP,74,0,3,3,6,4,0,10,2,6,5,4,4,1,4
MAIL1IUX,74,0,4,3,10,6,3,4,5,4,1,5,2,0,5
MAIL1IVV,74,0,7,3,5,0,3,4,3,7,4,1,10,3,2
MAIL1IYE,74,0,1,2,3,2,5,6,2,5,0,7,5,4,10
MAIL1J1F,74,0,3,2,3,5,5,2,3,5,6,10,5,0,3
MAIL1J1I,74,0,5,3,4,7,4,1,6,5,0,2,10,1,4
MAIL1J2I,74,0,4,2,7,4,0,2,7,2,3,10,5,4,2
MAIL1J2P,74,0,6,8,5,1,4,2,2,0,2,5,3,10,4
MAIL1J2S,74,0,1,4,3,10,0,2,4,3,4,5,7,7,2
MAIL1J32,74,0,5,8,1,5,6,3,2,2,10,5,0,1,4
MAIL1J78,74,0,2,3,7,10,4,3,4,4,0,4,5,4,2
MAIL1J82,74,0,4,10,6,2,2,0,3,4,2,7,5,3,4
MAIL1J8H,74,0,6,4,1,10,0,4,6,2,5,4,4,1,5
MAIL1J9U,74,0,5,4,3,2,4,0,2,5,10,2,5,6,4
MAIL1JBL,74,0,4,5,2,0,6,1,6,10,4,7,4,1,2
MAIL1JDN,74,0,10,3,2,5,8,4,2,7,4,0,5,1,1
MAIL1JFJ,74,0,0,3,5,3,6,2,6,4,2,3,10,4,4
MAIL1JG3,74,0,3,4,2,6,3,4,0,7,2,5,2,10,4
MAIL1JGH,74,0,6,4,10,3,4,2,4,1,3,5,0,5,5
MAIL1JHK,74,0,0,5,4,4,7,6,10,1,2,4,4,2,3
MAIL1JHU,74,0,4,5,10,1,4,6,5,2,6,4,0,2,3
MAIL1JJC,74,0,11,5,2,4,2,3,7,0,3,0,4,8,3
MAIL1JLR,74,0,6,0,7,0,3,4,0,4,4,3,3,12,6
MAIL1JN2,74,0,3,4,3,3,6,3,10,5,0,2,5,3,5
MAIL1JVX,74,0,6,7,4,0,10,5,4,3,1,3,2,4,3
MAIL1JX7,74,0,10,5,3,9,4,4,1,4,4,3,0,4,1
MAIL1JY3,74,0,1,2,5,1,7,0,2,11,6,6,6,5,0
MAIL1K43,74,0,7,2,10,4,4,1,0,2,5,4,4,3,6
MAIL1K6O,74,0,2,2,5,4,6,6,10,2,4,4,1,0,6
MAIL1KCR,74,0,1,0,5,8,3,7,2,1,3,10,4,6,2
MAIL1KGC,74,0,2,6,2,3,5,4,3,4,4,0,10,4,5
MAIL1KGT,74,0,0,10,4,3,5,4,3,5,3,1,5,5,4
MAIL1KIM,74,0,3,10,6,0,7,2,3,2,5,6,2,3,3
MAIL1KJW,74,0,4,4,10,6,1,3,2,2,7,3,7,3,0
MAIL1KK6,74,0,5,4,6,0,10,4,7,2,3,1,5,2,3
MAIL1KLB,74,0,3,5,3,3,2,8,0,10,5,4,3,3,3
MAIL1KLM,74,0,10,2,5,2,3,2,0,6,5,5,2,5,5
MAIL1KU5,74,0,3,3,5,3,10,4,5,3,0,2,5,2,7
MAIL1KVL,74,0,2,3,10,2,9,6,2,3,0,2,4,8,1
MAIL1KWE,74,0,3,4,2,10,7,7,1,1,3,2,6,0,6
MAIL1KWT,74,0,10,2,5,4,7,3,4,4,2,2,0,5,4
MAIL1KYJ,74,0,4,5,4,2,3,1,5,5,3,10,0,6,4
MAIL1L8B,74,0,4,0,3,3,2,7,2,5,1,8,10,4,3
MAIL1LBC,74,0,2,3,5,5,2,2,4,5,6,0,2,6,10
MAIL1LCE,74,0,5,7,6,4,3,4,4,0,2,3,10,2,2
MAIL1LI9,74,0,5,0,3,2,4,5,5,5,3,5,2,10,3
MAIL1LKQ,74,0,5,3,10,2,0,4,6,1,3,5,4,5,4
MAIL1LKW,74,0,4,10,2,4,4,2,5,3,4,6,3,0,5
MAIL1LY6,74,0,3,2,4,10,4,1,5,4,4,0,6,5,4
MAIL1LZ1,74,0,2,0,7,5,8,1,3,4,1,4,10,6,1
MAIL1M4R,74,0,4,4,3,5,1,4,10,5,4,0,5,6,1
MAIL1M59,74,0,2,3,2,2,7,0,11,5,5,0,6,4,5
MAIL1M5B,74,0,6,5,5,0,3,3,5,2,4,4,10,4,1
MAIL1M7A,74,0,0,5,3,3,1,3,2,6,4,9,10,2,4
MAIL1MAJ,74,0,6,3,10,4,6,3,3,4,4,3,3,3,0
MAIL1MAS,74,0,3,7,1,6,0,10,8,2,6,2,3,3,1
MAIL1MCU,74,0,0,11,8,5,1,1,0,5,2,7,5,2,5
MAIL1MF5,74,0,3,6,0,4,6,3,10,6,5,1,1,2,5
MAIL1MHO,74,0,4,1,4,0,8,1,5,5,1,4,10,4,5
MAIL1MI8,74,0,3,1,3,2,10,6,6,2,4,4,0,8,3
MAIL1MM4,74,0,5,1,3,3,2,0,6,8,10,2,5,5,2
MAIL1MMA,74,0,6,6,0,4,3,5,10,4,3,1,3,5,2
MAIL1MMI,74,0,5,2,1,6,4,4,0,10,7,3,5,3,2
MAIL1MQA,74,0,4,6,0,10,9,3,4,5,3,3,3,1,1
MAIL1MTY,74,0,3,5,5,2,4,5,4,5,4,0,4,10,1
MAIL1MV1,74,0,10,3,3,7,4,5,4,0,3,6,2,1,4
MAIL1MYV,74,0,0,3,6,1,6,4,5,10,5,4,3,2,3
MAIL1N28,74,0,5,3,0,2,7,4,10,2,7,1,5,2,4
MAIL1N4E,74,0,1,5,3,10,4,4,4,2,0,9,3,3,4
MAIL1N68,74,0,4,10,0,2,2,5,4,4,4,5,3,4,5
MAIL1NAD,74,0,4,6,2,2,10,3,4,8,3,2,0,2,6
MAIL1NBT,74,0,4,2,5,5,1,0,3,5,4,6,10,5,2
MAIL1NFI,74,0,4,5,5,3,1,2,4,10,0,2,6,5,5
MAIL1NJF,74,0,3,1,5,9,0,4,2,3,4,3,5,3,10
MAIL1NKQ,74,0,6,4,2,0,5,2,3,6,4,2,3,10,5
MAIL1NLO,74,0,1,2,3,2,1,5,0,2,8,10,7,4,7
MAIL1NNN,74,0,6,5,3,3,10,2,3,3,6,0,1,4,6
MAIL1NRV,74,0,3,10,0,5,5,3,3,9,1,3,3,3,4
MAIL1NXF,74,0,3,4,5,3,5,4,3,10,3,3,4,0,5
MAIL1NYW,74,0,5,3,3,10,9,4,2,2,3,0,3,6,2
MAIL1O1D,74,0,2,5,4,10,7,6,2,3,2,3,4,4,0
MAIL1O4B,74,0,0,8,4,2,5,2,3,4,3,2,4,5,10
MAIL1O9H,74,0,4,10,3,6,2,5,5,3,2,2,0,5,5
MAIL1OA4,74,0,5,10,1,4,4,4,5,4,0,3,4,4,4
MAIL1OBO,74,0,4,3,6,8,3,4,4,3,2,1,10,4,0
MAIL1OCT,74,0,5,4,6,5,0,4,3,3,3,2,2,5,10
MAIL1ODY,74,0,4,6,3,10,7,6,3,5,0,1,3,1,3
MAIL1OE2,74,0,10,6,1,5,3,5,4,1,2,2,9,0,4
MAIL1OER,74,0,10,4,0,1,2,3,7,7,4,2,2,6,4
MAIL1OFK,74,0,5,1,0,3,3,5,7,6,2,4,0,11,5
MAIL1OIN,74,0,3,8,3,5,10,3,1,0,5,6,2,2,4
MAIL1ON4,74,0,5,3,2,2,7,5,2,6,0,1,10,6,3
MAIL1ONY,74,0,6,2,5,2,3,2,7,3,10,0,5,3,4
MAIL1OSA,74,0,4,3,10,4,3,3,5,6,3,3,3,0,5
MAIL1OWU,74,0,4,0,2,1,6,5,4,10,4,3,6,4,3
MAIL1OXM,74,0,10,5,4,4,5,2,4,6,3,4,4,1,0
MAIL1OYT,74,0,2,3,5,0,2,3,10,2,4,5,4,6,6
MAIL1OYV,74,0,2,10,1,7,0,1,6,5,6,4,4,2,4
MAIL1OZY,74,0,1,5,3,0,5,5,10,2,2,3,5,6,5
MAIL1P1Z,74,0,6,7,3,1,2,5,10,3,4,5,2,4,0
MAIL1P2K,74,0,3,2,5,2,1,4,4,7,6,10,0,7,1
MAIL1P7O,74,0,5,3,5,1,0,5,1,2,4,6,10,5,5
MAIL1P95,74,0,4,3,10,2,4,2,7,0,2,5,2,9,2
MAIL1P96,74,0,5,3,3,1,2,4,6,0,4,10,6,3,5
MAIL1P9U,74,0,4,5,4,2,3,1,7,1,4,10,5,0,6
MAIL1PB1,74,0,2,2,5,4,0,10,3,4,6,5,4,6,1
MAIL1PBK,74,0,11,4,5,3,5,2,4,7,0,0,3,5,3
MAIL1PDK,74,0,3,4,3,9,3,4,3,4,2,10,2,0,5
MAIL1PEE,74,0,2,1,2,0,10,7,5,8,5,4,3,3,2
MAIL1PFB,74,0,3,3,4,5,2,3,6,4,3,5,10,0,4
MAIL1PJQ,74,0,5,10,4,6,3,1,6,1,0,3,5,5,3
MAIL1PLB,74,0,3,4,3,4,3,4,0,2,5,10,4,5,5
MAIL1PQD,74,0,6,5,1,3,10,6,4,4,3,0,4,3,3
MAIL1PRU,74,0,2,4,9,3,3,3,5,6,0,2,2,3,10
MAIL1PWS,74,0,10,1,3,3,6,3,7,7,4,0,1,5,2
MAIL1PXP,74,0,10,5,4,2,3,7,5,0,4,2,4,3,3
MAIL1PYM,74,0,4,5,1,4,4,3,0,6,5,4,4,10,2
MAIL1Q1Q,74,0,5,2,2,4,6,2,4,3,0,7,2,5,10
MAIL1Q32,74,0,6,2,1,4,10,0,6,4,5,4,3,6,1
MAIL1Q36,74,0,3,3,11,5,0,0,3,2,7,3,3,5,7
MAIL1Q9Z,74,0,6,0,3,6,1,3,10,5,4,2,5,4,3
MAIL1QB2,74,0,0,4,4,4,1,7,1,2,5,5,10,6,3
MAIL1QBB,74,0,0,9,2,4,10,4,3,3,3,3,2,6,3
MAIL1QBN,74,0,0,4,5,4,3,3,4,3,2,10,6,4,4
MAIL1QCF,74,0,5,3,4,3,5,0,3,2,10,4,6,4,3
MAIL1QKZ,74,0,6,2,4,1,3,3,2,10,7,0,5,3,6
MAIL1QMY,74,0,8,10,4,4,6,5,1,4,3,1,0,3,3
MAIL1QN6,74,0,10,6,5,3,5,6,3,4,1,0,1,7,1
MAIL1QOB,74,0,4,2,8,3,7,3,6,3,1,0,2,10,3
MAIL1QOE,74,0,1,8,0,3,2,6,4,10,6,5,4,1,2
MAIL1QOM,74,0,4,4,4,3,1,4,10,4,6,3,6,3,0
MAIL1QTH,74,0,5,0,1,4,4,3,2,3,5,6,3,10,6
MAIL1QU2,74,0,10,6,4,0,5,2,4,2,8,1,2,3,5
MAIL1R8T,74,0,4,5,5,6,1,2,2,7,10,3,2,5,0
MAIL1R9A,74,0,2,1,10,5,7,1,4,5,0,5,7,2,3
MAIL1R9D,74,0,3,10,2,7,4,8,5,0,1,3,5,3,1
MAIL1R9I,74,0,4,6,4,8,2,1,0,2,10,5,2,3,5
MAIL1RCT,74,0,3,8,5,3,4,2,2,11,6,3,0,0,5
MAIL1RG9,74,0,3,5,2,1,6,3,10,3,5,0,4,6,4
MAIL1RGI,74,0,3,4,4,3,8,0,11,4,3,0,4,6,2
MAIL1RGM,74,0,0,1,4,6,1,3,2,10,2,8,2,8,5
MAIL1RH7,74,0,1,4,3,6,3,7,2,4,10,5,0,3,4
MAIL1RK5,74,0,10,6,5,7,4,5,2,3,3,2,3,2,0
MAIL1RSJ,74,0,6,10,1,3,2,5,4,4,2,0,3,9,3
MAIL1RT5,74,0,6,7,0,3,2,5,2,4,5,3,4,1,10
MAIL1RVJ,74,0,2,2,3,5,0,4,4,7,2,6,10,3,4
MAIL1RW2,74,0,3,2,2,0,4,3,3,8,10,3,8,5,1
MAIL1RWK,74,0,5,2,2,0,6,2,4,2,10,6,4,3,6
MAIL1RWY,74,0,5,4,10,0,3,4,5,1,1,5,4,5,5
MAIL1RZL,74,0,4,4,2,4,3,5,10,4,0,2,8,4,2
MAIL1S5L,74,0,0,3,7,3,4,5,3,10,2,4,4,4,3
MAIL1SAL,74,0,0,6,2,3,3,3,4,3,10,10,2,4,2
MAIL1SB8,74,0,5,0,3,3,2,6,4,7,10,1,2,6,3
MAIL1SBM,74,0,8,10,1,2,2,4,0,2,6,2,9,2,4
MAIL1SDX,74,0,4,9,3,3,1,2,3,7,3,10,0,3,4
MAIL1SEB,74,0,3,4,0,4,8,3,4,5,2,3,2,10,4
MAIL1SFC,74,0,2,5,3,7,7,10,2,5,0,2,4,2,3
MAIL1SLO,74,0,2,2,3,6,2,3,2,10,4,7,0,5,6
MAIL1SLV,74,0,2,3,6,3,5,5,0,1,4,10,6,5,2
MAIL1SMC,74,0,5,5,9,0,0,4,11,5,3,3,3,2,2
MAIL1SMW,74,0,7,5,3,2,8,0,6,10,2,4,2,1,2
MAIL1SOA,74,0,4,6,5,2,4,3,7,1,2,2,0,10,6
MAIL1SQE,74,0,10,4,0,7,3,6,4,2,5,3,2,3,3
MAIL1STI,74,0,5,3,1,1,4,7,2,2,0,10,3,6,8
MAIL1STK,74,0,4,7,6,2,2,2,4,5,1,3,6,0,10
MAIL1STY,74,0,10,5,3,5,7,1,2,0,3,4,4,6,2
MAIL12E8,73,0,10,5,2,0,3,8,3,8,4,3,0,5,1
MAIL12I6,73,0,0,10,6,2,2,6,0,6,4,2,5,4,5
MAIL12M9,73,0,7,4,4,3,10,3,1,0,2,7,4,0,7
MAIL13AB,73,0,0,4,10,6,6,2,6,0,2,4,4,5,3
MAIL14BW,73,0,0,3,0,10,4,1,4,4,10,3,4,7,2
MAIL17D2,73,0,0,5,7,6,0,5,2,7,10,3,2,2,3
MAIL17DP,73,0,4,4,4,6,5,0,0,3,4,3,7,2,10
MAIL17O7,73,0,2,5,7,2,10,4,6,0,0,3,6,3,4
MAIL18NW,73,0,0,6,2,5,2,4,3,10,5,6,2,0,7
MAIL18TU,73,0,5,10,6,3,5,6,0,4,3,5,2,0,3
MAIL19D7,73,0,3,3,1,0,5,0,5,5,4,6,6,4,10
MAIL19IR,73,0,3,7,5,0,2,2,3,10,0,5,3,2,10
MAIL19LI,73,0,0,2,5,4,10,4,4,3,4,0,5,6,5
MAIL1B7D,73,0,4,5,0,10,6,4,2,3,4,3,7,0,4
MAIL1B9C,73,0,0,4,5,1,4,5,7,2,5,6,0,10,3
MAIL1DI6,73,0,2,6,8,10,0,2,2,4,0,3,6,2,7
MAIL1DR4,73,0,2,9,4,2,0,0,4,1,10,5,7,6,2
MAIL1DTW,73,0,10,4,4,6,5,4,3,7,5,0,3,1,0
MAIL1E92,73,0,10,2,3,0,5,2,6,0,4,6,6,5,3
MAIL1ET9,73,0,1,4,0,3,4,4,4,0,6,6,10,8,2
MAIL1FBX,73,0,0,2,3,0,11,6,5,2,9,5,4,0,5
MAIL1FNT,73,0,5,4,7,6,4,10,6,0,3,3,0,2,2
MAIL1GWU,73,0,0,11,5,2,4,8,0,3,6,3,4,0,6
MAIL1H9A,73,0,0,5,0,4,2,4,4,2,10,9,5,5,2
MAIL1I92,73,0,0,2,4,4,0,6,1,6,10,5,7,4,3
MAIL1IH9,73,0,7,0,1,2,6,0,10,6,3,5,3,3,6
MAIL1JUA,73,0,8,5,10,0,5,3,2,4,0,4,4,4,3
MAIL1L1L,73,0,5,7,3,4,0,5,5,0,1,3,10,5,4
MAIL1LNZ,73,0,4,5,3,2,2,10,6,0,4,2,10,0,4
MAIL1LXX,73,0,6,4,0,5,4,2,7,3,0,6,3,2,10
MAIL1M7C,73,0,2,10,6,5,3,4,0,4,0,6,1,4,7
MAIL1N23,73,0,1,6,4,6,0,1,8,4,5,0,10,4,3
MAIL1NMQ,73,0,3,10,4,7,4,4,7,2,0,3,5,0,3
MAIL1O47,73,0,2,0,3,3,6,5,10,4,8,3,4,0,4
MAIL1OKQ,73,0,1,3,0,5,4,3,5,3,10,4,0,6,8
MAIL1PE6,73,0,5,6,4,4,3,10,0,6,5,3,4,2,0
MAIL1PG9,73,0,2,3,0,3,5,4,6,10,3,4,5,7,0
MAIL1PIW,73,0,3,7,0,4,2,2,10,4,0,3,8,6,3
MAIL1PYA,73,0,8,0,5,10,6,0,1,4,4,6,2,1,5
MAIL1Q9C,73,0,0,6,2,3,0,4,5,8,7,10,2,1,4
MAIL1RA6,73,0,3,6,3,2,3,10,6,7,4,5,3,0,0
MAIL1RAF,73,0,2,6,7,4,6,0,4,3,2,10,0,3,5
MAIL1SRS,73,0,5,4,3,4,0,10,3,2,9,4,2,6,0
MAIL1G4S,72,0,5,5,6,10,4,0,1,0,6,0,5,4,6
