Seed,Score,Oops,BlueprintBrainstorm,InvisibleJoker,Hack,Fibonacci,8Ball,Negative
69PJLFTI,11,2,0,0,1,1,1,1
69PLB2TN,10,2,1,0,1,1,1,0
69PKK45T,10,1,0,0,2,1,1,0
69PL9FT3,12,2,2,0,1,1,1,0
69PM9OQF,10,1,0,0,3,1,1,0
69PLH9UI,11,2,1,0,1,1,1,0
69PM6HXK,11,1,1,0,2,1,1,0
69PLWBCJ,12,2,0,0,2,1,1,0
69PM53OV,12,1,2,0,1,1,1,0
69PN9OOF,10,1,1,0,2,1,1,0
69PME4RO,10,3,0,0,1,1,1,0
69PMM1GE,10,3,0,0,1,1,1,0
69PMOVEB,10,2,0,0,2,1,1,0
69PNZNSJ,10,3,0,0,1,1,1,0
69POKPGV,10,2,1,0,1,1,1,0
69PN5EIV,10,1,1,0,2,1,1,0
69PNNIKP,11,1,1,0,1,1,1,1
69PND23R,10,1,1,0,2,1,1,0
69POZUJO,10,1,2,0,1,1,1,0
69PNVDSU,11,2,0,0,2,1,1,1
69PPHNSN,12,2,2,0,1,1,1,0
69PPTUXO,12,2,2,0,1,1,1,0
69PRPMJ8,13,1,2,0,2,1,1,1
69PSGRRH,10,2,0,0,1,1,1,0
69PQAC62,11,1,2,0,1,1,1,0
69PSPYWC,11,3,0,0,1,1,1,1
69PSPXVB,12,1,2,0,2,1,1,0
69PSW2JQ,10,1,2,0,1,1,1,0
69PRI8AY,10,1,2,0,1,1,1,0
69PSIDQ1,12,1,1,0,3,1,1,0
69PSDTOK,10,3,0,0,1,1,1,0
69PRYX94,10,1,2,0,1,1,1,0
69PTW65O,10,1,2,0,1,1,1,0
69PSAIHR,11,1,2,0,1,1,1,0
69PRF347,10,1,0,0,2,1,1,0
69PT4OV9,12,2,1,0,2,1,1,0
69PVOYM1,10,2,0,0,2,1,1,0
69PWKHHG,10,1,0,0,2,1,1,0
69PUZB7H,10,1,1,0,1,1,1,0
69PVH4QF,10,2,0,0,2,1,1,0
69PV1T2I,10,2,1,0,1,1,1,0
69PVLQOT,10,2,0,0,2,1,1,0
69PVXXFK,10,1,1,0,2,1,1,0
69PUZE96,10,2,0,0,2,1,1,0
69PX9P98,10,2,1,0,1,1,1,0
69PX6PWL,12,1,2,0,2,1,1,0
69PXYGM4,10,1,0,0,3,1,1,0
69PWHA6A,10,3,0,0,1,1,1,0
69PVUTIE,10,2,1,0,1,1,1,0
69PW87TN,10,2,0,0,2,1,1,0
69Q3L7KD,10,2,1,0,1,1,1,0
69Q1I3SI,12,1,2,0,1,1,1,0
69Q2GOMH,10,1,0,0,3,1,1,0
69Q1123E,10,2,1,0,1,1,1,0
69PWY41O,10,1,1,0,2,1,1,0
69PUK3KE,12,2,1,0,1,1,1,1
69Q15ULM,10,2,0,0,2,1,1,0
69PZBRTA,10,1,2,0,1,1,1,0
69PX58NJ,11,2,1,0,1,1,1,0
69PZKV21,11,1,1,0,1,1,1,1
69Q4RP53,10,1,1,0,1,1,1,0
69PX8BUB,12,2,1,0,1,1,1,0
69PYBL9Q,10,2,0,0,2,1,1,0
69Q1POI1,11,1,1,0,2,1,1,0
69PY8H5H,11,1,0,0,3,1,1,0
69Q21BI6,11,2,0,0,2,1,1,0
69Q54TAT,10,1,2,0,1,1,1,0
69Q61YEH,10,2,0,0,2,1,1,0
69Q21BIC,10,1,1,0,1,1,1,0
69Q4FIXV,10,2,1,0,1,1,1,0
69Q6NDDO,11,1,1,0,2,1,1,1
69Q3LCSB,10,2,1,0,1,1,1,0
69Q1SJSC,10,2,1,0,1,1,1,0
69Q2SO7F,11,1,1,0,1,1,1,0
69Q27KWO,10,1,2,0,1,1,1,0
69Q4AVT6,11,2,0,0,2,1,1,1
69Q86WVA,10,2,0,0,2,1,1,0
69Q5FHLT,10,1,2,0,1,1,1,0
69Q6FLA9,10,2,0,0,1,1,1,0
69Q6ZFXR,10,2,1,0,1,1,1,0
69Q9HST8,12,1,0,0,4,1,1,0
69Q64UZ8,10,1,1,0,1,1,1,0
69Q7E7FU,10,2,1,0,1,1,1,0
69QAEQL2,12,2,0,0,2,1,1,1
69QA14TO,11,3,0,0,1,1,1,0
69Q7CQBP,10,2,0,0,1,1,1,0
69Q76QSQ,10,2,0,0,2,1,1,0
69Q5LL9T,10,1,2,0,1,1,1,0
69Q2XCLK,11,2,0,0,2,1,1,1
69Q96UTS,10,1,1,0,2,1,1,0
69Q7TIBB,11,1,2,0,1,1,1,0
69Q92F2C,11,1,0,0,3,1,1,1
69QC5U8S,10,2,1,0,1,1,1,0
69QCI74N,12,3,1,0,1,1,1,0
69QA74MQ,10,2,0,0,1,1,1,0
69QDOGKH,10,1,2,0,1,1,1,0
69QFH3FW,10,1,1,0,2,1,1,0
69QBHXTL,11,2,0,0,2,1,1,1
69Q4XVF7,10,2,1,0,1,1,1,0
69QIQTQ7,11,2,1,0,1,1,1,1
69QBJNQH,10,1,0,0,3,1,1,0
69Q9HOLJ,10,2,1,0,1,1,1,0
69QC8WMN,12,1,1,0,1,1,1,1
69QDRBYM,10,2,1,0,1,1,1,0
69QFTEVJ,10,1,2,0,1,1,1,0
69QLPROD,12,2,1,0,2,1,1,0
69QC7HAW,10,1,1,0,2,1,1,0
69QETB6A,10,2,1,0,1,1,1,0
69QKR1MU,10,2,1,0,1,1,1,0
69QHWR9R,10,1,2,0,1,1,1,0
69QNDPRE,10,1,2,0,1,1,1,0
69QG52TX,10,1,1,0,1,1,1,0
69QIBIXF,10,1,0,0,2,1,1,0
69QPQ8IZ,10,1,1,0,2,1,1,0
69QEN4D1,10,2,0,0,2,1,1,0
69QG1VKY,10,1,1,0,2,1,1,0
69QO4P6X,12,1,1,0,3,1,1,0
69QJNQHQ,12,2,1,0,2,1,1,0
69QGZQ83,11,3,0,0,1,1,1,1
69QIWTIT,10,3,0,0,1,1,1,0
69QI5IDU,13,2,0,0,3,1,1,1
69QM7CK8,10,1,0,0,3,1,1,0
69QK41VN,14,2,0,0,3,1,1,1
69QU5KUR,11,2,0,0,2,1,1,0
69QMXCTU,10,2,1,0,1,1,1,0
69QKEQ6G,10,1,1,0,2,1,1,0
69QGOUKO,12,4,0,0,1,1,1,0
69QIBG88,10,3,0,0,1,1,1,0
69QPK1YO,11,2,0,0,1,1,1,1
69QMJQ3M,10,2,0,0,2,1,1,0
69QVVQR8,10,1,1,0,1,1,1,0
69QMXHK5,12,2,0,0,2,1,1,0
69QJJB4B,12,2,0,0,2,1,1,2
69QL13UX,10,2,1,0,1,1,1,0
69QOFGNL,11,1,1,0,2,1,1,0
69QYCBQX,10,1,2,0,1,1,1,0
69QNMZUR,10,2,1,0,1,1,1,0
69QVXE3S,10,1,0,0,2,1,1,0
69QOOLBH,10,1,0,0,2,1,1,0
69QUDD4R,10,2,0,0,2,1,1,0
69R6I5HG,11,1,2,0,1,1,1,0
69QTA19H,10,2,1,0,1,1,1,0
69QSJ6NN,10,1,1,0,1,1,1,0
69QODY9N,10,1,0,0,2,1,1,0
69QXGSYO,13,1,2,0,2,1,1,1
69QMUH6S,10,1,2,0,1,1,1,0
69QRYA94,10,1,1,0,1,1,1,0
69QQ1YIW,10,1,2,0,1,1,1,0
69QX4IQJ,12,1,1,0,3,1,1,0
69QT5EXN,10,1,1,0,2,1,1,0
69QVO2R4,10,1,1,0,1,1,1,0
69R5NWXB,12,3,0,0,1,1,1,0
69QSTZLL,10,1,1,0,1,1,1,0
69R3BK46,10,2,1,0,1,1,1,0
69R2HIFP,11,2,0,0,2,1,1,1
69QX7KVE,11,2,1,0,1,1,1,0
69QYAQQ9,10,1,2,0,1,1,1,0
69QP9CPJ,10,1,2,0,1,1,1,0
69QV2MJD,12,2,1,0,1,1,1,0
69QRKLXP,10,2,1,0,1,1,1,0
69R832FT,10,1,2,0,1,1,1,0
69QUPLQF,10,1,0,0,3,1,1,0
69QVMLFS,11,1,1,0,1,1,1,1
69QZ9KGY,12,3,0,0,1,1,1,1
69R1FP2M,10,2,1,0,1,1,1,0
69R8LCEQ,11,3,0,0,1,1,1,1
69QVRAN9,11,1,1,0,2,1,1,0
69R7SUPA,12,1,0,0,3,1,1,0
69R6XALF,11,2,1,0,1,1,1,0
69R1LXED,11,1,0,0,3,1,1,1
69R2HEVI,10,1,1,0,1,1,1,0
69R8DZ6H,11,2,1,0,1,1,1,1
69R4U1SE,10,2,0,0,2,1,1,0
69RH2XDA,10,1,1,0,2,1,1,0
69QSEPDZ,10,2,0,0,2,1,1,0
69R2WTQ7,10,1,1,0,2,1,1,0
69RCNNR1,10,1,1,0,1,1,1,0
69QT787E,10,2,1,0,1,1,1,0
69QTKYOJ,12,1,1,0,1,1,1,1
69QTJASH,10,1,0,0,3,1,1,0
69QWUBG8,11,2,0,0,1,1,1,1
69R2WSG9,10,2,1,0,1,1,1,0
69QWULCT,12,1,0,0,4,1,1,0
69QXROTZ,13,2,1,0,1,1,1,1
69R9UUS5,10,1,0,0,3,1,1,0
69QZ6CU8,10,1,1,0,1,1,1,0
69R648I5,12,3,0,0,2,1,1,0
69RLTIQZ,10,2,0,0,2,1,1,0
69R5ETNB,10,1,2,0,1,1,1,0
69R414BP,10,1,2,0,1,1,1,0
69R4SKJ7,12,1,1,0,3,1,1,0
69R3EOG1,10,3,0,0,1,1,1,0
69REBSMX,10,1,1,0,1,1,1,0
69R286UD,12,2,0,0,2,1,1,0
69RA3INF,10,1,2,0,1,1,1,0
69RDA5Q9,10,2,0,0,1,1,1,0
69RHCB7R,10,3,0,0,1,1,1,0
69R8JXYJ,11,1,0,0,3,1,1,0
69R58QGO,11,3,0,0,1,1,1,0
69R4M9E4,10,2,1,0,1,1,1,0
69R4KPTR,10,3,0,0,1,1,1,0
69R8DX8F,10,1,1,0,1,1,1,0
69R9LKWU,10,1,2,0,1,1,1,0
69RMIZO6,10,1,2,0,1,1,1,0
69R7F8BN,10,1,2,0,1,1,1,0
69R9ZJ1Z,12,2,0,0,2,1,1,2
69RMWX2E,10,1,1,0,1,1,1,0
69RA4UD3,10,2,1,0,1,1,1,0
69RJY15S,13,2,1,0,1,1,1,3
69RKLYS3,10,3,0,0,1,1,1,0
69RBOV9Q,10,2,1,0,1,1,1,0
69R7W61S,10,1,1,0,2,1,1,0
69R23VGP,10,2,1,0,1,1,1,0
69R93FD1,10,1,1,0,1,1,1,0
69RMS7RI,10,2,1,0,1,1,1,0
69RCEETP,14,3,1,0,1,1,1,2
69R8GUK8,11,3,0,0,1,1,1,0
69RJZBGE,11,1,2,0,1,1,1,0
69R97TXN,10,2,1,0,1,1,1,0
69RFR2S9,12,2,1,0,2,1,1,0
69RRLHJI,10,1,1,0,2,1,1,0
69ROVQNV,13,2,0,0,2,1,1,1
69QXZBXI,10,2,1,0,1,1,1,0
69RDNPYP,10,2,1,0,1,1,1,0
69RDM9Q3,11,2,1,0,1,1,1,1
69RHGT45,10,3,0,0,1,1,1,0
69RHFDKS,10,1,0,0,2,1,1,0
69RCM7SQ,10,2,1,0,1,1,1,0
69RFPKGP,10,1,2,0,1,1,1,0
69RFMH86,10,3,0,0,1,1,1,0
69R8DTNS,10,1,0,0,2,1,1,0
69RQYXOA,11,1,0,0,3,1,1,1
69RU7YDU,10,1,1,0,1,1,1,0
69RATGD7,10,2,0,0,1,1,1,0
69RU6J27,10,1,2,0,1,1,1,0
69RC9QKY,11,1,2,0,1,1,1,1
69S44XPT,10,1,1,0,1,1,1,0
69RMYCMP,10,1,2,0,1,1,1,0
69RI7S1A,11,2,1,0,1,1,1,1
69RTZKU7,12,1,1,0,2,1,1,0
69R68X5V,10,3,0,0,1,1,1,0
69R9OU9F,10,2,0,0,2,1,1,0
69RVYEI4,10,2,1,0,1,1,1,0
69RF2N38,11,1,0,0,2,1,1,1
69RX3XGO,10,1,1,0,1,1,1,0
69S41SCF,10,1,1,0,1,1,1,0
69RJK89E,10,1,2,0,1,1,1,0
69RN5IYX,10,2,1,0,1,1,1,0
69R3SCCD,10,2,0,0,2,1,1,0
69RSAUMN,10,1,2,0,1,1,1,0
69RLZO2J,10,1,1,0,2,1,1,0
69S5KAMH,10,1,2,0,1,1,1,0
69RKH6QM,10,1,2,0,1,1,1,0
69RJRWDZ,10,1,2,0,1,1,1,0
69RPX7RQ,10,2,0,0,2,1,1,0
69RIOH84,10,1,2,0,1,1,1,0
69RZDGJE,10,2,0,0,2,1,1,0
69RFPII5,10,1,2,0,1,1,1,0
69RMM2YX,10,1,2,0,1,1,1,0
69RO3XOO,10,2,1,0,1,1,1,0
69RHLDQW,12,2,1,0,1,1,1,0
69S1UKA9,10,1,1,0,1,1,1,0
69SDK4JB,10,2,0,0,1,1,1,0
69ROU6HQ,10,2,0,0,1,1,1,0
69RNG3QF,12,2,0,0,2,1,1,1
69SB64CT,14,2,0,0,3,1,1,2
69RG31BT,12,1,0,0,2,1,1,1
69RL3MT1,12,3,0,0,2,1,1,0
69RM9RVZ,12,2,0,0,3,1,1,0
69SDIF9K,12,3,0,0,2,1,1,0
69RZGDQN,12,1,0,0,3,1,1,1
69ROYN6W,11,1,1,0,1,1,1,1
69RRLHPF,10,1,1,0,1,1,1,0
69RX744C,10,1,1,0,2,1,1,0
69RB22WP,10,1,1,0,1,1,1,0
69SFY1FS,10,2,1,0,1,1,1,0
69SGTLF2,11,2,0,0,2,1,1,1
69S1VVGU,10,1,0,0,3,1,1,0
69RX5J1C,11,1,2,0,1,1,1,1
69RIOQAP,10,1,2,0,1,1,1,0
69RSGWQA,11,1,1,0,2,1,1,0
69RUN8JX,12,1,1,0,2,1,1,0
69RV3O5N,12,2,1,0,2,1,1,0
69S1R96H,10,2,0,0,2,1,1,0
69S4UYGA,12,1,0,0,2,1,1,0
69S4WED2,10,1,1,0,2,1,1,0
69RS6B5B,11,2,0,0,2,1,1,0
69S92MGI,11,1,2,0,1,1,1,0
69RWSEGZ,11,1,1,0,1,1,1,1
69RW2CE6,10,1,1,0,2,1,1,0
69S14D83,10,2,1,0,1,1,1,0
69S14K9D,11,1,1,0,1,1,1,1
69RSUUCH,10,2,1,0,1,1,1,0
69RXKV7D,11,1,2,0,1,1,1,0
69RSUQXD,10,2,0,0,1,1,1,0
69SAYVEI,10,2,1,0,1,1,1,0
69RUH8ZR,10,2,1,0,1,1,1,0
69SB7FRV,10,2,0,0,2,1,1,0
69SPKC66,10,1,1,0,2,1,1,0
69SBJNVZ,12,1,1,0,2,1,1,0
69RZU51G,10,1,1,0,2,1,1,0
69RTGZ47,10,2,0,0,2,1,1,0
69RST7XR,10,1,2,0,1,1,1,0
69SGJ5WB,10,1,2,0,1,1,1,0
69SFIWZB,10,2,0,0,1,1,1,0
69S4H9NM,10,1,0,0,3,1,1,0
69S1JT2R,10,2,0,0,1,1,1,0
69RV56BK,12,1,3,0,1,1,1,0
69SH3VK1,11,1,1,0,2,1,1,0
69SLW46H,11,3,0,0,1,1,1,1
69SBAPQC,11,1,1,0,2,1,1,0
69SCLKT4,11,3,0,0,1,1,1,1
69SAHZCZ,10,1,1,0,2,1,1,0
69S2XL1R,10,2,1,0,1,1,1,0
69RZ4BIN,10,1,1,0,1,1,1,0
69S1GNBP,16,1,0,0,3,1,1,4
69SGHJXB,10,1,2,0,1,1,1,0
69S5CO5M,10,2,1,0,1,1,1,0
69S1W2SM,10,2,1,0,1,1,1,0
69S9759E,12,1,2,0,2,1,1,0
69S29919,11,1,2,0,1,1,1,1
69RYU63M,10,2,0,0,1,1,1,0
69SP6JCY,11,1,1,0,1,1,1,1
69S4E7DS,10,1,0,0,2,1,1,0
69RZL2KN,10,1,2,0,1,1,1,0
69RX2BHD,10,2,0,0,2,1,1,0
69S9XAN2,10,1,0,0,3,1,1,0
69S41PP6,10,2,1,0,1,1,1,0
69SR8DST,12,2,0,0,2,1,1,2
69SHG973,10,3,0,0,1,1,1,0
69SL7GYL,12,2,1,0,2,1,1,0
69T8UWXR,10,1,0,0,2,1,1,0
69S771RB,13,2,1,0,2,1,1,1
69S88QNA,10,1,1,0,1,1,1,0
69RZUBUA,12,1,2,0,1,1,1,1
69SGV4AC,10,1,2,0,1,1,1,0
69STYVF9,10,2,0,0,2,1,1,0
69SXCLQE,10,3,0,0,1,1,1,0
69SDTBWZ,11,1,1,0,2,1,1,1
69SPTJW2,11,1,1,0,2,1,1,1
69SETDEE,10,1,0,0,3,1,1,0
69S1VZ5Q,10,2,0,0,2,1,1,0
69STMOFI,10,1,2,0,1,1,1,0
69T1HFM3,10,1,0,0,3,1,1,0
69SGTQYP,10,1,0,0,3,1,1,0
69S9O4X6,10,1,1,0,2,1,1,0
69T16SAM,12,2,2,0,1,1,1,0
69T5AG9I,11,2,1,0,1,1,1,1
69SQ8FAJ,10,1,2,0,1,1,1,0
69RZGIND,13,3,0,0,1,1,1,1
69SXOTUF,11,1,2,0,1,1,1,1
69SJMGAW,10,1,1,0,2,1,1,0
69SJUAK7,10,2,0,0,2,1,1,0
69SQWYKU,10,1,2,0,1,1,1,0
69S6NM3U,10,2,1,0,1,1,1,0
69SW99HL,11,1,2,0,1,1,1,1
69SZ8A8C,10,2,1,0,1,1,1,0
69SXZJ9C,11,2,0,0,1,1,1,1
69RROHM8,10,3,0,0,1,1,1,0
69SS6ZFG,10,2,0,0,1,1,1,0
69SCLDHB,10,1,1,0,1,1,1,0
69SH8DZ1,10,2,1,0,1,1,1,0
69RS9BG2,10,1,1,0,2,1,1,0
69S6NMOK,10,2,1,0,1,1,1,0
69S3C9OD,10,1,1,0,2,1,1,0
69SHQTU8,10,1,0,0,2,1,1,0
69SGTQFA,10,1,2,0,1,1,1,0
69SC1OQK,10,2,0,0,2,1,1,0
69T9WLPK,10,3,0,0,1,1,1,0
69SEZNIX,11,2,0,0,2,1,1,0
69SCUQMZ,10,2,0,0,2,1,1,0
69SB62HP,10,1,1,0,1,1,1,0
69SN68UT,10,2,1,0,1,1,1,0
69T81PH6,10,1,1,0,2,1,1,0
69T5L6RO,10,1,2,0,1,1,1,0
69S4WCRL,12,2,1,0,2,1,1,0
69T23ZOL,10,1,0,0,3,1,1,0
69SGTSL3,10,1,1,0,2,1,1,0
69SHBK1W,10,2,1,0,1,1,1,0
69SPCW2N,11,1,0,0,2,1,1,0
69S811ZK,12,1,1,0,2,1,1,0
69SMIFXZ,10,2,0,0,1,1,1,0
69SNGZ8N,11,1,1,0,2,1,1,1
69SZ5563,10,2,0,0,2,1,1,0
69SCDTXR,10,1,2,0,1,1,1,0
69T9CQD1,10,2,1,0,1,1,1,0
69SQV5DN,10,1,1,0,2,1,1,0
69SC1GX2,11,1,1,0,2,1,1,1
69SJETA2,10,2,0,0,2,1,1,0
69SHBIEW,10,1,2,0,1,1,1,0
69SJ13RD,10,2,0,0,2,1,1,0
69SL34XM,10,2,1,0,1,1,1,0
69SGKIQ4,10,2,1,0,1,1,1,0
69SM65FU,14,2,1,0,3,1,1,0
69SXY1S4,12,2,2,0,1,1,1,0
69SF83GN,10,1,0,0,3,1,1,0
69S79UT2,10,2,1,0,1,1,1,0
69S421IP,11,2,1,0,1,1,1,0
69SGM8CS,10,1,2,0,1,1,1,0
69TUWTSK,11,2,1,0,1,1,1,0
69SJVTJ4,10,3,0,0,1,1,1,0
69SD1MH5,10,1,2,0,1,1,1,0
69SG3WID,12,2,2,0,1,1,1,0
69STACJN,11,2,0,0,1,1,1,0
69T8FPUY,10,1,1,0,1,1,1,0
69SNN3R5,10,2,0,0,2,1,1,0
69SRQQFD,10,1,1,0,2,1,1,0
69T89M4X,10,2,1,0,1,1,1,0
69SMQ77I,10,1,2,0,1,1,1,0
69SXDZDJ,10,1,0,0,2,1,1,0
69SNRRN8,10,3,0,0,1,1,1,0
69SMZ479,10,2,1,0,1,1,1,0
69SQQMT6,10,1,1,0,2,1,1,0
69SWFEG5,10,1,1,0,2,1,1,0
69TH67US,12,3,0,0,1,1,1,1
69SXN9NQ,12,1,2,0,2,1,1,0
69SPZMHW,10,3,0,0,1,1,1,0
69SSTZZE,10,1,1,0,2,1,1,0
69SMN2VP,11,1,1,0,1,1,1,0
69SQNKTA,10,1,0,0,2,1,1,0
69SOE61O,10,1,1,0,1,1,1,0
69T1BIRV,10,1,1,0,1,1,1,0
69SW4VJE,11,2,0,0,1,1,1,1
69TPRCZC,10,2,0,0,2,1,1,0
69SKSV9Y,10,1,1,0,1,1,1,0
69SP85QS,13,2,0,0,2,1,1,2
69SR2DSM,10,1,2,0,1,1,1,0
69SLDPMI,10,1,0,0,2,1,1,0
69STDE1I,11,1,0,0,2,1,1,0
69T5UFUC,10,2,0,0,2,1,1,0
69THWC9P,11,1,1,0,2,1,1,1
69SU2VOT,10,1,0,0,3,1,1,0
69SYFNN7,10,2,1,0,1,1,1,0
69TJWIDB,10,3,0,0,1,1,1,0
69SV4HMT,12,3,1,0,1,1,1,0
69T5F7NR,12,1,1,0,3,1,1,0
69T4YWSR,10,2,1,0,1,1,1,0
69T1G197,11,1,2,0,1,1,1,1
69T736Z3,10,3,0,0,1,1,1,0
69SLJVLY,10,1,2,0,1,1,1,0
69U43I4J,12,1,2,0,1,1,1,1
69T669F9,10,2,0,0,2,1,1,0
69U5EF9E,10,2,1,0,1,1,1,0
69TJZQ6W,10,2,1,0,1,1,1,0
69T7RS33,10,1,0,0,3,1,1,0
69SR71ZW,10,1,1,0,1,1,1,0
69T2A65Y,10,1,1,0,1,1,1,0
69TPT3KB,10,2,0,0,2,1,1,0
69T1VGF6,12,1,2,0,1,1,1,2
69TCVLI8,10,1,0,0,3,1,1,0
69SY9GUZ,11,1,0,0,3,1,1,1
69T64QCM,10,1,1,0,2,1,1,0
69T5R7S4,11,1,2,0,1,1,1,0
69TWMA5Q,10,1,0,0,3,1,1,0
69SW7MGV,11,2,1,0,1,1,1,0
69TF95OL,12,2,1,0,2,1,1,0
69TB6UER,11,2,0,0,1,1,1,0
69SNLT3J,10,1,1,0,1,1,1,0
69TS6MHT,10,2,1,0,1,1,1,0
69TXJFW2,10,2,1,0,1,1,1,0
69TPYYFW,11,1,0,0,3,1,1,1
69T3GEK2,10,1,2,0,1,1,1,0
69TEF2M4,10,1,0,0,2,1,1,0
69TEVXDR,10,2,0,0,2,1,1,0
69UAF5MK,10,1,1,0,2,1,1,0
69SWW4JE,11,1,2,0,1,1,1,1
69TCD72C,10,1,2,0,1,1,1,0
69TN5OD7,11,2,1,0,1,1,1,0
69TMVF7F,10,1,2,0,1,1,1,0
69T2QU2A,10,1,0,0,3,1,1,0
69THIG1R,10,2,0,0,1,1,1,0
69U2ONA5,10,1,2,0,1,1,1,0
69TK25SD,10,2,0,0,1,1,1,0
69TCVHSX,10,2,0,0,2,1,1,0
69TN5U4Q,10,1,1,0,1,1,1,0
69T89FAQ,10,1,1,0,1,1,1,0
69T99T6I,10,2,0,0,1,1,1,0
69SMAXV3,10,1,1,0,2,1,1,0
69SUAOG8,10,2,0,0,2,1,1,0
69SHNR59,12,3,1,0,1,1,1,0
69T8RWFS,10,2,0,0,2,1,1,0
69TDL4HZ,10,2,0,0,2,1,1,0
69T4VTW5,10,1,1,0,2,1,1,0
69T47H8A,10,2,0,0,2,1,1,0
69T2YLBE,10,2,1,0,1,1,1,0
69T15E7E,10,1,0,0,3,1,1,0
69TB418F,11,1,2,0,1,1,1,1
69TXA8SN,11,1,2,0,1,1,1,1
69TB5GE2,10,1,2,0,1,1,1,0
69T8WE78,11,3,0,0,1,1,1,1
69SU5ZNQ,11,2,0,0,2,1,1,0
69TPMWB3,12,3,0,0,1,1,1,1
69TWPJAA,11,1,1,0,1,1,1,1
69T9OYCF,10,2,0,0,2,1,1,0
69U7X5CQ,10,1,1,0,1,1,1,0
69TOYTBV,10,2,0,0,2,1,1,0
69UCFGC9,10,1,1,0,2,1,1,0
69SVRDJ6,10,1,1,0,2,1,1,0
69T8ONDI,12,2,0,0,3,1,1,0
69U7U2BY,10,2,0,0,1,1,1,0
69UQWY5Y,12,1,1,0,2,1,1,0
69U7O217,12,3,0,0,1,1,1,1
69TFSXLU,10,1,0,0,3,1,1,0
69TEGIOB,10,1,0,0,3,1,1,0
69UHEWCK,10,2,0,0,2,1,1,0
69TQ9AX4,10,2,0,0,1,1,1,0
69UIO1IF,12,1,2,0,1,1,1,1
69TEHZDF,12,2,1,0,1,1,1,0
69U1JXHE,10,2,0,0,2,1,1,0
69UH761K,10,3,0,0,1,1,1,0
69U7VP92,10,1,1,0,2,1,1,0
69UBQ4NG,10,1,1,0,2,1,1,0
69UB4PM3,10,1,1,0,2,1,1,0
69TN77DK,12,3,0,0,1,1,1,0
69UDH9NG,10,2,1,0,1,1,1,0
69TKCZHM,10,2,0,0,1,1,1,0
69U8R9IP,10,1,0,0,3,1,1,0
69SZCPJ5,10,1,0,0,3,1,1,0
69TCSL5L,10,2,1,0,1,1,1,0
69U1CHKB,10,1,0,0,3,1,1,0
69T1SCHD,12,1,1,0,1,1,1,1
69TOI8V7,10,1,2,0,1,1,1,0
69TJB4JU,10,1,1,0,2,1,1,0
69TGJSF3,10,1,1,0,1,1,1,0
69UHHVK6,10,1,2,0,1,1,1,0
69USAJEP,10,2,1,0,1,1,1,0
69UENIVJ,10,2,1,0,1,1,1,0
69TKVCLQ,13,1,2,0,2,1,1,1
69VASFEN,12,3,0,0,2,1,1,0
69UK9BTR,10,1,2,0,1,1,1,0
69UDRUQ3,12,3,0,0,1,1,1,0
69TBEEO5,10,1,0,0,3,1,1,0
69UDQH5Q,10,2,0,0,2,1,1,0
69UG2JJ2,12,2,2,0,1,1,1,0
69TG7PA7,10,1,1,0,2,1,1,0
69TZICMU,10,1,2,0,1,1,1,0
69THQ5MC,10,1,1,0,1,1,1,0
69TN2L5O,12,1,1,0,2,1,1,0
69TLVD7L,10,1,1,0,1,1,1,0
69T93OYL,10,1,0,0,2,1,1,0
69U9UIST,10,1,1,0,1,1,1,0
69TVWYOU,10,1,1,0,2,1,1,0
69TSWLNY,11,2,1,0,1,1,1,1
69TKFZPX,10,1,0,0,3,1,1,0
69UNFVZ2,10,2,1,0,1,1,1,0
69TLD19P,10,1,1,0,2,1,1,0
69TZMT7L,10,1,0,0,2,1,1,0
69UMWHSO,11,2,1,0,1,1,1,1
69TO48OR,10,1,1,0,2,1,1,0
69TJFT9P,10,1,1,0,1,1,1,0
69UJ2XZH,10,2,1,0,1,1,1,0
69TPPZW1,10,1,1,0,2,1,1,0
69U1AT7Y,10,1,2,0,1,1,1,0
69UWZL8Y,10,1,2,0,1,1,1,0
69UTRI7T,11,1,2,0,1,1,1,1
69UTAQ3Q,10,2,1,0,1,1,1,0
69TRINDH,10,1,2,0,1,1,1,0
69UH48FS,11,1,2,0,1,1,1,1
69UTXOHU,11,2,1,0,1,1,1,0
69U3K6K5,10,2,0,0,2,1,1,0
69TXAFYO,10,2,1,0,1,1,1,0
69VGE2X6,11,2,1,0,1,1,1,0
69U8GJG9,10,1,1,0,1,1,1,0
69U3HDSI,11,1,2,0,1,1,1,0
69UVURMI,10,1,1,0,2,1,1,0
69U14SJ6,10,2,1,0,1,1,1,0
69V2O4OP,11,1,1,0,1,1,1,1
69TZREIL,10,1,0,0,2,1,1,0
69UOLXIM,12,3,0,0,2,1,1,0
69U8SNU8,10,1,1,0,1,1,1,0
69TRAZ4G,10,1,1,0,2,1,1,0
69TXSSE3,12,3,1,0,1,1,1,0
69TWJE7H,10,1,2,0,1,1,1,0
69TVKMWH,11,1,2,0,1,1,1,1
69UEIWGE,11,1,2,0,1,1,1,1
69UNCQCJ,12,3,1,0,1,1,1,0
69USVQGO,10,2,1,0,1,1,1,0
69U1AWNQ,10,1,1,0,1,1,1,0
69TZMTQM,10,3,0,0,1,1,1,0
69U1T9W8,10,2,0,0,2,1,1,0
69UV9AAH,10,2,0,0,2,1,1,0
69TQXLXZ,11,2,1,0,1,1,1,1
69V4OJQE,10,1,0,0,3,1,1,0
69UZ8KLB,10,1,2,0,1,1,1,0
69UXCWFS,11,1,1,0,2,1,1,1
69V8P6Q4,10,2,0,0,1,1,1,0
69UEBDPX,10,1,2,0,1,1,1,0
69USL67C,11,1,0,0,3,1,1,1
69VAG9IK,12,2,1,0,2,1,1,0
69U39MP9,12,2,1,0,2,1,1,0
69UM1WYR,11,2,1,0,1,1,1,1
69U9BYBS,10,2,1,0,1,1,1,0
69UQQT1K,10,1,0,0,3,1,1,0
69UGPC1V,10,2,0,0,2,1,1,0
69V8B64V,10,2,1,0,1,1,1,0
69V1SD81,11,1,1,0,2,1,1,1
69U68I9Y,12,1,2,0,1,1,1,0
69UGG8N6,10,1,1,0,1,1,1,0
69UNQHG1,13,1,1,0,3,1,1,0
69UZCY9A,12,1,1,0,3,1,1,0
69TZPZCD,10,2,0,0,2,1,1,0
69USDJ7L,10,2,1,0,1,1,1,0
69U525HO,12,2,1,0,2,1,1,0
69ULT8WH,10,1,1,0,2,1,1,0
69UH5III,10,1,1,0,2,1,1,0
69UKUJIB,10,2,0,0,2,1,1,0
69UB34AX,10,2,1,0,1,1,1,0
69UIL9IU,10,2,1,0,1,1,1,0
69VRCSGV,10,1,2,0,1,1,1,0
69VO7IO1,10,1,2,0,1,1,1,0
69VIHIAA,11,1,2,0,1,1,1,1
69V8WT24,10,2,1,0,1,1,1,0
69UELYZE,10,1,1,0,1,1,1,0
69TO1F9J,13,1,0,0,4,1,1,1
69USYTBR,10,3,0,0,1,1,1,0
69U5QNLT,10,2,0,0,2,1,1,0
69UWE635,10,1,0,0,2,1,1,0
69UAW2MU,10,1,2,0,1,1,1,0
69U9SYVJ,10,1,2,0,1,1,1,0
69UZKTTI,10,3,0,0,1,1,1,0
69U9UGAH,10,2,0,0,1,1,1,0
69UQA5VQ,10,1,1,0,2,1,1,0
69UFHNRC,11,1,1,0,1,1,1,1
69VOC9ZZ,11,2,1,0,1,1,1,1
69UBGZHG,10,2,1,0,1,1,1,0
69UNNDAF,12,2,2,0,1,1,1,0
69UDNK13,11,1,1,0,2,1,1,1
69UDS5IO,10,2,1,0,1,1,1,0
69UOOYYK,10,2,1,0,1,1,1,0
69V79G5T,11,1,2,0,1,1,1,1
69UP285U,11,1,0,0,3,1,1,1
69VM17W5,12,2,1,0,2,1,1,0
69VJPC9N,10,2,1,0,1,1,1,0
69VF7TKN,13,1,2,0,2,1,1,1
69UMB4GF,10,3,0,0,1,1,1,0
69UP3YC6,11,1,2,0,1,1,1,1
69UPX2AH,12,2,0,0,2,1,1,1
69VUJE1C,10,2,0,0,2,1,1,0
69UDIOJR,10,2,1,0,1,1,1,0
69UX9PP6,10,1,2,0,1,1,1,0
69UJPR2J,10,1,1,0,2,1,1,0
69VU2EJD,12,2,1,0,2,1,1,0
69UQKTXA,10,3,0,0,1,1,1,0
69UPP4B5,11,1,0,0,3,1,1,1
69V5OGI6,11,1,1,0,1,1,1,0
69V9TVCE,10,1,0,0,2,1,1,0
69UFCV82,10,2,1,0,1,1,1,0
69U4NH2H,11,1,1,0,2,1,1,1
69V34AJP,10,2,0,0,2,1,1,0
69UII55J,10,1,0,0,2,1,1,0
69UJIBY4,10,1,1,0,1,1,1,0
69UHVJ1N,10,2,0,0,2,1,1,0
69VV5JQF,10,2,1,0,1,1,1,0
69VW1AJL,10,2,1,0,1,1,1,0
69VPGXDM,10,2,0,0,2,1,1,0
69UGM7NX,10,2,0,0,1,1,1,0
69VWAAWK,10,1,0,0,3,1,1,0
69UJGMLQ,10,2,1,0,1,1,1,0
69UNLYJS,10,1,2,0,1,1,1,0
69V9BKDU,10,1,1,0,2,1,1,0
69UQA8PT,13,3,1,0,1,1,1,1
69UCWK5Y,11,2,1,0,1,1,1,1
69UHYQX3,10,1,2,0,1,1,1,0
69VEN17T,10,2,0,0,2,1,1,0
69UWWEQ9,12,2,0,0,3,1,1,0
69UOZUGT,10,3,0,0,1,1,1,0
69UL9GKC,10,2,0,0,1,1,1,0
69UG3VYF,10,2,0,0,2,1,1,0
69VMJGMS,10,1,2,0,1,1,1,0
69VTHL6F,10,1,2,0,1,1,1,0
69W3HES3,10,2,1,0,1,1,1,0
69UWEAZP,10,2,0,0,1,1,1,0
69V9BDM8,10,1,1,0,2,1,1,0
69VDVTB6,10,2,1,0,1,1,1,0
69UV37ZZ,10,1,1,0,1,1,1,0
69UVN2B9,12,1,1,0,2,1,1,0
69VCXDK8,10,1,1,0,2,1,1,0
69VQ3A1U,10,3,0,0,1,1,1,0
69VZZH9W,10,1,0,0,3,1,1,0
69VSTTH8,11,2,1,0,1,1,1,1
69URX5IR,10,1,0,0,3,1,1,0
69VO365L,10,2,0,0,1,1,1,0
69WGU5JV,10,2,0,0,2,1,1,0
69VXAO3Y,10,1,2,0,1,1,1,0
69U5BATS,11,1,1,0,2,1,1,1
69V4W6RB,11,2,0,0,1,1,1,0
69ULMZE3,10,2,0,0,2,1,1,0
69VHH4SG,10,2,1,0,1,1,1,0
69UM3DZU,13,3,0,0,2,1,1,1
69UKALR1,11,2,0,0,2,1,1,1
69WUK43N,10,1,1,0,2,1,1,0
69W9W22Q,11,1,0,0,3,1,1,0
69VIYDQK,10,1,1,0,1,1,1,0
69VX4JCV,11,2,0,0,2,1,1,1
69VCBWBX,10,1,1,0,2,1,1,0
69V5OMSP,11,3,0,0,1,1,1,1
69VCF11Q,10,2,0,0,1,1,1,0
69UTI5YI,11,1,1,0,2,1,1,0
69WBITHA,11,1,0,0,2,1,1,1
69VTD5DZ,10,1,2,0,1,1,1,0
69UTT3I6,10,1,1,0,2,1,1,0
69UUAMMY,12,2,1,0,2,1,1,0
69VKG2UH,10,2,1,0,1,1,1,0
69V1PFL6,10,1,1,0,2,1,1,0
69TZANAK,12,2,0,0,3,1,1,0
69V92EA5,10,1,1,0,1,1,1,0
69VEW3LR,10,2,0,0,1,1,1,0
69VYDNB1,10,1,2,0,1,1,1,0
69W1K4NS,12,3,0,0,1,1,1,1
69VFJWD3,10,1,1,0,2,1,1,0
69W81IC5,12,1,2,0,2,1,1,0
69V3VT1X,10,1,1,0,2,1,1,0
69UH42H1,11,1,1,0,1,1,1,0
69VINLGH,12,1,2,0,2,1,1,0
69V51P44,10,1,1,0,2,1,1,0
69UHL4M6,11,2,1,0,1,1,1,0
69UBDS7P,10,1,2,0,1,1,1,0
69UTRJP2,11,1,0,0,3,1,1,0
69WKH4PT,10,1,1,0,2,1,1,0
69VEW3HW,11,1,1,0,2,1,1,1
69UQSK2L,10,2,1,0,1,1,1,0
69VMBYFS,10,1,1,0,2,1,1,0
69TUNMMQ,10,1,0,0,3,1,1,0
69W2H86E,12,2,1,0,1,1,1,1
69VEGWZZ,10,1,2,0,1,1,1,0
69UZZUZ9,10,1,1,0,2,1,1,0
69UKGZNO,10,1,1,0,2,1,1,0
69V99RJ7,10,1,1,0,1,1,1,0
69WFA6O3,10,1,0,0,2,1,1,0
69WDNOVY,10,2,1,0,1,1,1,0
69WDYE3M,10,3,0,0,1,1,1,0
69VWHWWK,10,1,2,0,1,1,1,0
69WNHKSV,10,2,1,0,1,1,1,0
69VDOCYG,11,1,1,0,1,1,1,1
69VS87QR,10,3,0,0,1,1,1,0
69WFJF2I,11,2,0,0,2,1,1,1
69WBKEZD,11,2,0,0,2,1,1,0
69VR3JDD,10,1,0,0,3,1,1,0
69VWMJZN,10,2,0,0,2,1,1,0
69VWPLZN,10,1,0,0,3,1,1,0
69W33U2N,11,3,0,0,1,1,1,0
69V6K2TJ,11,2,1,0,1,1,1,1
69VFONX7,10,2,1,0,1,1,1,0
69WSFDLR,10,2,1,0,1,1,1,0
69VP1TG7,10,1,0,0,3,1,1,0
69VHH8M3,10,2,0,0,2,1,1,0
69VERF5D,12,1,2,0,2,1,1,0
69WLQKCZ,10,1,0,0,2,1,1,0
69V89OAC,10,2,0,0,2,1,1,0
69W7AFCX,10,2,1,0,1,1,1,0
69VGQE1M,12,2,1,0,1,1,1,0
69V3XJMM,11,1,0,0,3,1,1,1
69W38FIJ,10,2,0,0,2,1,1,0
69VZH45P,10,1,2,0,1,1,1,0
69W8UD4Z,11,2,1,0,1,1,1,0
69V6K6A3,10,2,0,0,2,1,1,0
69VIWRO9,11,2,1,0,1,1,1,0
69VERHYQ,10,1,1,0,2,1,1,0
69ULRLS1,11,2,1,0,1,1,1,0
69WGL42J,10,1,0,0,3,1,1,0
69VKME6T,10,2,0,0,2,1,1,0
69VCMGQE,10,1,2,0,1,1,1,0
69VL8M9Q,11,1,1,0,2,1,1,1
69USVZX1,11,1,0,0,3,1,1,1
69VKBMIN,11,3,0,0,1,1,1,1
69V5K166,11,1,2,0,1,1,1,0
69WNEKVU,10,2,1,0,1,1,1,0
69W7498M,10,1,1,0,1,1,1,0
69VM1549,10,1,1,0,2,1,1,0
69X56IQ3,13,2,2,0,1,1,1,1
69VZQ59I,10,1,2,0,1,1,1,0
69VB71BP,11,1,1,0,1,1,1,1
69VNZ3J8,12,2,0,0,2,1,1,0
69VBTXSI,12,1,0,0,2,1,1,1
69VPJVJ3,11,1,1,0,2,1,1,0
69VZ9E5J,11,2,0,0,1,1,1,1
69WAOTSZ,10,1,1,0,2,1,1,0
69UGA3TD,11,1,2,0,1,1,1,1
69XJ13PY,12,2,1,0,2,1,1,0
69UMFS21,10,1,1,0,2,1,1,0
69UV4OOI,11,2,1,0,1,1,1,1
69VNOAGR,11,2,0,0,2,1,1,1
69VPN12X,10,1,2,0,1,1,1,0
69WKIKHJ,10,2,1,0,1,1,1,0
69WDJ7EV,11,1,1,0,2,1,1,0
69UWXZG4,10,2,1,0,1,1,1,0
69XC7EQX,10,1,1,0,1,1,1,0
69X369PD,12,1,1,0,2,1,1,0
69VLGB31,10,1,0,0,3,1,1,0
69WJ3BL7,10,1,1,0,2,1,1,0
69WTJWE5,11,1,0,0,3,1,1,1
69X34KIL,11,1,0,0,3,1,1,0
69WFL1U6,12,2,0,0,2,1,1,0
69X2FAAG,10,1,2,0,1,1,1,0
69XNPZVM,12,1,3,0,1,1,1,0
69X6QMPQ,10,2,1,0,1,1,1,0
69UHD6YN,10,1,0,0,3,1,1,0
69VYJVPB,10,1,1,0,2,1,1,0
69VYGPA8,12,2,1,0,1,1,1,1
69X331MJ,10,1,2,0,1,1,1,0
69WLP1ND,10,2,0,0,1,1,1,0
69WXQLTK,11,2,1,0,1,1,1,1
69XI2EH8,10,1,1,0,2,1,1,0
69VUA65I,11,1,2,0,1,1,1,1
69W8JSO6,10,1,1,0,2,1,1,0
69WRU9IT,10,2,1,0,1,1,1,0
69VXGSS9,10,1,1,0,1,1,1,0
69VWRCQ3,10,1,2,0,1,1,1,0
69XBDML5,10,2,0,0,2,1,1,0
69VUSJBO,10,3,0,0,1,1,1,0
69V6XV7G,10,1,2,0,1,1,1,0
69WXKK95,11,1,0,0,2,1,1,1
69W7UCQQ,11,1,1,0,2,1,1,1
69WEJ5PF,11,2,0,0,1,1,1,1
69VTZT6O,10,1,0,0,2,1,1,0
69VVDAXQ,12,3,0,0,1,1,1,2
69VVGCXY,10,1,1,0,1,1,1,0
69UX54BO,10,1,1,0,1,1,1,0
69W9Q44W,10,2,1,0,1,1,1,0
69WACH7H,10,1,1,0,1,1,1,0
69VYT7I5,10,1,2,0,1,1,1,0
69WAFLMF,10,1,1,0,2,1,1,0
69VYW4GI,10,3,0,0,1,1,1,0
69WDQUQ4,10,1,1,0,2,1,1,0
69XMAQ6O,12,2,2,0,1,1,1,0
69VNAOLN,10,1,1,0,2,1,1,0
69VXI7EP,12,3,0,0,2,1,1,0
69W5BL9O,11,1,1,0,1,1,1,1
69WD2A14,10,1,1,0,2,1,1,0
69WGR6NF,10,2,1,0,1,1,1,0
69YDWWM2,10,1,1,0,2,1,1,0
69VYCEVC,11,1,1,0,2,1,1,0
69VTM91I,11,1,0,0,2,1,1,1
69WL3FQ7,10,1,2,0,1,1,1,0
69X657H3,11,1,2,0,1,1,1,1
69W3WQCT,10,1,2,0,1,1,1,0
69VON26J,10,2,0,0,2,1,1,0
69WZKUPX,10,2,0,0,2,1,1,0
69W8O8FK,10,2,0,0,2,1,1,0
69XHCZNH,11,1,1,0,2,1,1,1
69W6X5LP,10,1,0,0,3,1,1,0
69VVYRWG,11,1,0,0,2,1,1,1
69WRF1AO,10,1,0,0,2,1,1,0
69XB18NM,10,2,1,0,1,1,1,0
69WM55FF,10,1,0,0,3,1,1,0
69W5G6Z5,10,2,0,0,2,1,1,0
69Y3CZKY,11,2,0,0,1,1,1,1
69WMTI56,10,1,1,0,2,1,1,0
69XDDWI8,10,1,1,0,1,1,1,0
69VCETOY,12,2,2,0,1,1,1,0
69XSKW65,10,1,1,0,1,1,1,0
69XMAQ1A,12,2,1,0,2,1,1,0
69W3YCFK,10,1,2,0,1,1,1,0
69WUXZJN,10,1,1,0,1,1,1,0
69YLQIM9,11,1,1,0,2,1,1,1
69WFGESU,11,2,0,0,2,1,1,1
69W7I971,11,1,1,0,1,1,1,0
69W4QXMX,10,1,0,0,2,1,1,0
69XX7VS2,10,2,1,0,1,1,1,0
69VQ6LJ1,10,2,1,0,1,1,1,0
69WLIUZY,10,2,1,0,1,1,1,0
69WEYEDM,12,1,2,0,1,1,1,0
69XAMI3Z,10,1,2,0,1,1,1,0
69YVVB5R,12,1,2,0,1,1,1,0
69Z2Z7F9,12,2,1,0,1,1,1,0
69WR4IT1,10,1,2,0,1,1,1,0
69WNNMX4,12,2,1,0,2,1,1,0
69WQ8WXO,11,1,1,0,2,1,1,1
69WFG9Y7,10,2,0,0,2,1,1,0
69XEIGSC,10,1,2,0,1,1,1,0
69X6FTIX,10,2,0,0,2,1,1,0
69Y9CG74,12,1,1,0,2,1,1,0
69Z46KDB,10,2,1,0,1,1,1,0
69YICAL7,10,2,1,0,1,1,1,0
69WLQCR7,10,1,1,0,2,1,1,0
69WPEPSN,10,1,2,0,1,1,1,0
69YG2YKI,11,1,1,0,2,1,1,0
69WVISP1,10,2,0,0,2,1,1,0
69WFR1WY,10,2,1,0,1,1,1,0
69Y4SM86,12,2,0,0,2,1,1,0
69WSXPSI,11,1,1,0,1,1,1,1
69XVMW2K,10,1,0,0,2,1,1,0
69W3Y5WW,12,2,0,0,1,1,1,1
69Y91TTY,10,1,1,0,2,1,1,0
69WALMDT,10,2,1,0,1,1,1,0
69WZGJMN,12,2,2,0,1,1,1,0
69WPSHWW,10,1,2,0,1,1,1,0
69VZB2V8,11,2,0,0,2,1,1,1
69VY7OH9,10,1,0,0,3,1,1,0
69XHHDRH,12,1,1,0,3,1,1,0
69YOKX8Y,12,3,1,0,1,1,1,0
69X1RC1M,10,1,2,0,1,1,1,0
69X3III6,11,2,0,0,1,1,1,1
69YCX22C,11,2,1,0,1,1,1,1
69WB6IZN,10,3,0,0,1,1,1,0
69WSRCV6,10,1,1,0,1,1,1,0
69X3ICL7,12,2,1,0,2,1,1,0
69W1OYT3,11,2,1,0,1,1,1,1
69YOER3A,11,1,0,0,3,1,1,0
69WYMB53,13,1,3,0,1,1,1,1
69WGAH58,10,2,1,0,1,1,1,0
69YU6Q2G,11,2,1,0,1,1,1,0
69WQ79RX,10,2,1,0,1,1,1,0
69XDLBCM,12,1,1,0,3,1,1,0
69WBH9LB,10,1,2,0,1,1,1,0
69XLXIQU,10,3,0,0,1,1,1,0
69Y7ALK7,10,3,0,0,1,1,1,0
69XNXLLU,12,2,1,0,2,1,1,0
69XRPB4D,10,1,1,0,1,1,1,0
69WZ439I,10,3,0,0,1,1,1,0
69XNDXAU,11,1,0,0,2,1,1,0
69ZEZHL2,12,1,2,0,1,1,1,1
69W99D7I,11,1,1,0,2,1,1,1
69X7FXEO,13,2,2,0,1,1,1,1
69WSASE8,10,1,1,0,2,1,1,0
69WGPNFO,10,1,0,0,3,1,1,0
69XAVMEB,10,2,1,0,1,1,1,0
69W62TME,11,2,0,0,2,1,1,1
69YF8VFS,11,1,0,0,3,1,1,1
69WFDBWG,10,2,0,0,2,1,1,0
69XK47E1,10,2,0,0,1,1,1,0
69XUYX9X,10,2,1,0,1,1,1,0
69YIILKO,10,2,0,0,2,1,1,0
69YIDVFM,10,1,1,0,2,1,1,0
69XVPXVR,10,1,1,0,2,1,1,0
69XDMYCR,10,2,1,0,1,1,1,0
69XL7HU5,10,1,1,0,1,1,1,0
69X37KJK,10,1,0,0,3,1,1,0
69W67BWT,10,2,1,0,1,1,1,0
69YVS4NC,10,1,1,0,1,1,1,0
69YWHSKN,13,1,2,0,2,1,1,1
69YL2AHS,12,4,0,0,1,1,1,0
69WX6RJO,10,2,0,0,1,1,1,0
69XO9E3P,10,1,0,0,3,1,1,0
69ZPB8BD,11,3,0,0,1,1,1,1
69Y2KQTC,11,1,2,0,1,1,1,1
69XRCW1X,13,2,0,0,2,1,1,1
69Y12A9V,12,1,1,0,3,1,1,0
69XI6XEN,11,3,0,0,1,1,1,1
69WCQOYN,10,2,0,0,2,1,1,0
69XFINN5,10,2,1,0,1,1,1,0
69XN38AX,12,1,1,0,2,1,1,0
69W9639F,10,1,2,0,1,1,1,0
69YC8G8B,10,1,2,0,1,1,1,0
69X2VZRV,10,1,2,0,1,1,1,0
69WNZWJ7,10,3,0,0,1,1,1,0
69XT8NMD,10,1,1,0,1,1,1,0
69X9GCPU,10,1,2,0,1,1,1,0
69ZAMSJQ,10,1,1,0,1,1,1,0
69XXOFSV,10,2,0,0,2,1,1,0
69X469RH,11,1,1,0,2,1,1,1
69WBH3QX,10,2,0,0,2,1,1,0
69YVNJ1K,10,2,0,0,2,1,1,0
69XEN4PA,10,1,1,0,1,1,1,0
69XDGSVD,10,1,2,0,1,1,1,0
69XS6ZVV,13,2,2,0,1,1,1,0
69XIYEV4,11,3,0,0,1,1,1,0
69XNLDQG,10,1,2,0,1,1,1,0
69YIN95Y,12,1,1,0,2,1,1,0
69X6H6W5,10,1,2,0,1,1,1,0
69X6RWOC,10,2,0,0,2,1,1,0
69XKYPMT,10,1,1,0,2,1,1,0
69XR6OB8,10,1,0,0,3,1,1,0
69YO745W,10,1,0,0,2,1,1,0
69X5OR2Q,10,1,1,0,2,1,1,0
69YDM7GC,10,2,0,0,2,1,1,0
69YCPEDF,10,2,0,0,1,1,1,0
69XE6DT8,10,2,0,0,1,1,1,0
69XQS88D,10,1,0,0,3,1,1,0
69X9KS2A,10,2,1,0,1,1,1,0
69XCDMNU,10,1,2,0,1,1,1,0
69WQL8UW,10,2,1,0,1,1,1,0
69Z1MV1O,10,1,0,0,3,1,1,0
69WYA4VX,10,1,1,0,2,1,1,0
69WSZ2G4,10,1,2,0,1,1,1,0
69XZ9OJV,10,1,1,0,1,1,1,0
69YC8KXG,10,1,0,0,3,1,1,0
69WGKZOF,12,1,2,0,2,1,1,0
69XHS56I,10,2,0,0,2,1,1,0
69XQWSSI,11,2,1,0,1,1,1,1
69WTIHNS,11,1,2,0,1,1,1,1
69X7YF1R,12,1,2,0,2,1,1,0
69XYLOZT,10,2,1,0,1,1,1,0
69Z8R662,11,1,2,0,1,1,1,0
69WJ4L2I,10,1,2,0,1,1,1,0
69XCGLLU,10,2,0,0,2,1,1,0
69Y4NVY7,10,1,1,0,2,1,1,0
6A1IZIZC,11,1,2,0,1,1,1,0
69Z2DXZT,11,2,0,0,2,1,1,0
69Y89DZ5,10,1,2,0,1,1,1,0
69XIYFYQ,10,1,2,0,1,1,1,0
69W6U6L2,11,1,1,0,1,1,1,1
69X4IJQU,11,3,0,0,1,1,1,1
69X5N4UP,10,2,0,0,2,1,1,0
69XK4CO1,10,1,1,0,2,1,1,0
69WWY8TP,10,1,2,0,1,1,1,0
69ZP2A64,11,1,2,0,1,1,1,1
69WRT23H,11,2,0,0,1,1,1,1
69XSPCL5,12,1,2,0,2,1,1,0
69Y8OMU7,10,2,0,0,2,1,1,0
69Y2NIX6,12,1,3,0,1,1,1,0
69ZFE9ZA,10,2,1,0,1,1,1,0
69YXQY1O,13,3,0,0,2,1,1,1
69XR58WR,11,2,0,0,1,1,1,1
69XA15M8,11,2,1,0,1,1,1,0
69WW57K7,10,1,1,0,2,1,1,0
69XHHG4O,10,1,1,0,1,1,1,0
69WW89B6,10,2,0,0,2,1,1,0
69XYZIPI,10,2,0,0,1,1,1,0
69ZY87KE,10,2,0,0,2,1,1,0
69Z2MZF2,10,1,2,0,1,1,1,0
69YDQXPG,11,1,2,0,1,1,1,1
69Y5BXCV,10,1,0,0,3,1,1,0
69YXNZQO,10,1,2,0,1,1,1,0
69XYQ6SD,10,2,1,0,1,1,1,0
6A1RCKQD,10,2,0,0,2,1,1,0
69YW9X2I,11,3,0,0,1,1,1,1
69YOERAE,10,1,1,0,2,1,1,0
6A152WN8,13,1,1,0,3,1,1,1
69XB5SUP,10,1,1,0,2,1,1,0
69Y96E5N,10,2,1,0,1,1,1,0
6A11QUQD,11,1,1,0,2,1,1,0
69YNQVJ6,10,1,2,0,1,1,1,0
69YLEFL4,10,1,1,0,1,1,1,0
69XT46CE,12,1,0,0,2,1,1,2
69X758KG,10,2,1,0,1,1,1,0
69XHHISA,11,1,1,0,2,1,1,1
69XRS5L4,12,2,1,0,1,1,1,2
69YBB8QH,12,2,1,0,2,1,1,0
69Y442TN,10,1,1,0,2,1,1,0
69ZKSVWV,11,1,0,0,3,1,1,0
69ZRBM97,10,2,0,0,1,1,1,0
69Y45KHH,10,1,1,0,1,1,1,0
69YJ7WC4,10,1,1,0,2,1,1,0
6A19KH47,10,2,1,0,1,1,1,0
6A17IMCK,10,2,0,0,2,1,1,0
69ZJC2O5,10,1,1,0,2,1,1,0
69Y7JSVP,10,1,1,0,2,1,1,0
69YSQ6MT,10,2,0,0,2,1,1,0
69Z2CBSE,12,1,0,0,2,1,1,2
69XBYR8S,10,1,0,0,2,1,1,0
69YIWBGR,12,1,1,0,2,1,1,0
69YOR7BT,10,1,0,0,3,1,1,0
69XJD75Z,10,2,0,0,2,1,1,0
69Z16898,10,2,1,0,1,1,1,0
69XD4R1B,10,1,2,0,1,1,1,0
6A1AWOLT,10,2,0,0,2,1,1,0
69YIZ9O9,13,1,0,0,3,1,1,1
69ZQNOTN,10,1,1,0,2,1,1,0
69ZOKGFQ,11,1,2,0,1,1,1,1
69XZ4YI9,13,1,1,0,3,1,1,1
69YLV9DS,13,2,1,0,1,1,1,1
69XIBOAO,12,2,1,0,1,1,1,1
69XVOE81,13,1,1,0,2,1,1,2
69Y7LDVL,10,1,0,0,3,1,1,0
6A1HK3AP,10,1,0,0,3,1,1,0
69YWHPPF,10,1,2,0,1,1,1,0
69XSKUFD,10,1,1,0,2,1,1,0
6A2428HD,10,2,1,0,1,1,1,0
69X466ZL,13,2,1,0,1,1,1,1
69XFTF2B,11,1,0,0,3,1,1,0
6A1CX8IF,10,2,0,0,1,1,1,0
69XXT2JQ,11,1,1,0,2,1,1,1
6A1EDNZ4,11,1,1,0,2,1,1,1
69XY6A46,11,2,1,0,1,1,1,1
69YDJGM6,10,1,2,0,1,1,1,0
69ZVUPOU,11,3,0,0,1,1,1,1
69YFI732,10,2,1,0,1,1,1,0
69XVL9LL,10,1,1,0,2,1,1,0
69XQFYU4,10,2,1,0,1,1,1,0
69YI7WZY,12,1,0,0,2,1,1,2
69X5RQDM,10,1,2,0,1,1,1,0
69XCALDX,10,1,1,0,2,1,1,0
69YKEEYP,11,2,1,0,1,1,1,1
69ZBATZK,11,1,1,0,1,1,1,1
69XXLI3Z,11,1,2,0,1,1,1,1
6A1DPJP6,10,1,1,0,2,1,1,0
69ZCFAJP,10,3,0,0,1,1,1,0
69XP4XGT,10,1,1,0,2,1,1,0
6A1XR5G4,10,1,1,0,2,1,1,0
69YN3VDO,11,1,0,0,2,1,1,0
6A1J3OQ3,10,2,0,0,2,1,1,0
6A1DMQOI,10,2,0,0,1,1,1,0
69YGAQ3B,10,2,1,0,1,1,1,0
6A17CIHA,12,1,3,0,1,1,1,0
69XPKC2O,13,2,1,0,2,1,1,1
69ZIXC67,10,3,0,0,1,1,1,0
6A183GCP,10,2,1,0,1,1,1,0
69YOJMDV,10,2,0,0,1,1,1,0
69YWYFQB,10,1,1,0,1,1,1,0
69Z2DXI3,11,1,0,0,2,1,1,1
6A19P6NK,12,2,0,0,2,1,1,0
6A1J8CB3,10,1,1,0,2,1,1,0
69Y5PO6L,10,3,0,0,1,1,1,0
69YMVH4E,10,1,1,0,2,1,1,0
69XY4ZN8,11,1,0,0,3,1,1,1
69WL9R2V,12,2,1,0,1,1,1,0
69YBKO63,11,2,1,0,1,1,1,0
69YT9KP1,10,1,2,0,1,1,1,0
69YYA89Y,10,3,0,0,1,1,1,0
69YJ9I2H,12,2,1,0,2,1,1,0
69YJE3K9,11,1,2,0,1,1,1,1
69YUBE48,11,1,0,0,3,1,1,0
69ZLFCGZ,10,1,1,0,2,1,1,0
69YL8FY5,10,1,1,0,1,1,1,0
69YFBX2N,10,2,1,0,1,1,1,0
69YOSRYZ,10,1,0,0,3,1,1,0
6A37TKMC,11,2,1,0,1,1,1,1
6A1BD3KK,10,1,1,0,2,1,1,0
69Y5R7UZ,12,1,2,0,1,1,1,2
69YXU8P5,10,3,0,0,1,1,1,0
69XRWS2X,10,1,1,0,2,1,1,0
6A1HORVQ,10,2,1,0,1,1,1,0
69YCHKEK,10,1,2,0,1,1,1,0
69YZBYWN,10,1,2,0,1,1,1,0
69Y9OTB4,10,2,1,0,1,1,1,0
69YPDEM9,10,3,0,0,1,1,1,0
6A1KP4DR,10,1,1,0,1,1,1,0
69YAWJMY,10,2,1,0,1,1,1,0
69YTEACT,10,2,1,0,1,1,1,0
6A1DDEH9,10,2,1,0,1,1,1,0
6A12G6ME,11,2,1,0,1,1,1,1
6A1CR48X,12,2,1,0,1,1,1,2
69YY7FLN,10,1,1,0,1,1,1,0
69ZLMTDM,10,1,2,0,1,1,1,0
69Y6OB8D,10,1,0,0,3,1,1,0
69WRUJ8F,10,3,0,0,1,1,1,0
6A1OJVCN,11,2,0,0,2,1,1,1
6A2K4MJZ,10,1,1,0,1,1,1,0
69ZDWH7A,11,2,0,0,2,1,1,0
69ZCWDU7,10,1,1,0,2,1,1,0
69ZM4OLO,10,1,1,0,1,1,1,0
69Z8SKLM,10,2,1,0,1,1,1,0
6A1OXIOA,10,1,1,0,1,1,1,0
6A1NL8BK,10,2,0,0,1,1,1,0
6A27X41A,11,1,2,0,1,1,1,1
6A19WMD1,12,2,0,0,2,1,1,2
69Z5FYHQ,10,1,2,0,1,1,1,0
69YGXNAL,10,1,0,0,2,1,1,0
69Y2LZZL,11,1,0,0,3,1,1,0
6A2LOMBR,10,2,0,0,1,1,1,0
69ZR3WV1,10,2,1,0,1,1,1,0
69Y81UF1,10,3,0,0,1,1,1,0
69YVD1MB,11,2,0,0,2,1,1,0
69ZPS6WB,11,1,1,0,1,1,1,1
69YXJC9D,12,2,1,0,2,1,1,0
6A1XGP3X,10,1,2,0,1,1,1,0
69YKLYEW,14,1,2,0,2,1,1,0
69Z2XPEX,10,1,1,0,2,1,1,0
69X12RIZ,10,3,0,0,1,1,1,0
6A2JAQXJ,11,1,1,0,1,1,1,1
6A2GJ8AN,10,1,2,0,1,1,1,0
69YDZYZL,10,2,1,0,1,1,1,0
69ZUSUTY,10,3,0,0,1,1,1,0
6A2MHBBD,12,1,2,0,2,1,1,0
69ZRJ9KM,10,2,0,0,2,1,1,0
69Y345BZ,10,3,0,0,1,1,1,0
6A1QUTEC,10,1,2,0,1,1,1,0
69ZUJTAD,12,1,2,0,1,1,1,0
6A1VTYNG,10,1,0,0,3,1,1,0
69Y8OHCA,11,1,1,0,1,1,1,1
69YAY5YZ,10,3,0,0,1,1,1,0
69YU9VM8,10,1,1,0,1,1,1,0
69X1GIO3,10,2,1,0,1,1,1,0
6A2BOLAD,12,1,2,0,1,1,1,0
6A2C4V5W,10,1,1,0,1,1,1,0
6A2T7K6B,11,1,1,0,2,1,1,1
69XLSTCE,11,1,2,0,1,1,1,0
6A1GZ7RP,11,1,0,0,3,1,1,0
69ZEOUL6,10,1,0,0,2,1,1,0
6A34UIZT,11,2,1,0,1,1,1,0
69ZZG15B,10,1,1,0,1,1,1,0
69Z3XQTI,10,1,2,0,1,1,1,0
69Y8FM73,10,2,1,0,1,1,1,0
69ZUREGE,11,1,2,0,1,1,1,1
69YSH6YY,10,2,1,0,1,1,1,0
69YD5N22,10,1,1,0,2,1,1,0
69ZIO1D2,13,1,2,0,2,1,1,1
69YXD4N1,10,1,2,0,1,1,1,0
69YVTM66,11,1,2,0,1,1,1,1
6A1KKOQ3,12,2,0,0,2,1,1,0
6A1YAOCI,12,3,0,0,1,1,1,0
69Z21L19,10,2,0,0,2,1,1,0
69ZSA88U,10,2,1,0,1,1,1,0
69ZF9W42,10,2,1,0,1,1,1,0
69YCVC19,11,1,2,0,1,1,1,0
69ZUZ7CZ,10,2,1,0,1,1,1,0
69ZEE3VF,11,2,1,0,1,1,1,0
69ZDH52M,12,3,1,0,1,1,1,0
6A2H13VV,10,2,0,0,1,1,1,0
69ZFBHLE,13,1,0,0,2,1,1,1
69ZKF9JU,10,2,0,0,2,1,1,0
69YFXIPW,11,1,0,0,3,1,1,1
69ZL691O,10,2,0,0,2,1,1,0
69YT6G2I,12,2,1,0,2,1,1,0
6A2JZ1TQ,11,1,1,0,2,1,1,1
6A24BEK3,10,3,0,0,1,1,1,0
69YRT9CN,10,2,1,0,1,1,1,0
6A1W2L9B,11,2,0,0,2,1,1,0
6A2F8L9K,10,1,0,0,2,1,1,0
6A148XDO,11,1,1,0,2,1,1,0
6A1I9RC7,10,3,0,0,1,1,1,0
69ZXLS2K,10,1,0,0,3,1,1,0
69YJKE43,13,2,1,0,2,1,1,1
69Z9SSFF,10,2,0,0,2,1,1,0
69YU9RJ3,12,1,3,0,1,1,1,0
69Z7QR1B,10,1,1,0,1,1,1,0
69YER3KD,10,1,0,0,3,1,1,0
6A1O1GV3,10,1,2,0,1,1,1,0
69ZSJFYQ,11,3,0,0,1,1,1,0
69YQ7PT3,10,2,1,0,1,1,1,0
69ZTEXA3,10,1,0,0,3,1,1,0
6A12TVOK,10,2,0,0,2,1,1,0
6A21WEEB,10,2,1,0,1,1,1,0
6A11SFKW,12,2,1,0,2,1,1,0
6A1MVS4U,11,1,2,0,1,1,1,1
6A2VLNP8,10,1,2,0,1,1,1,0
6A1MHQA6,10,2,0,0,2,1,1,0
69ZZHIDD,10,2,0,0,1,1,1,0
6A16AR5G,12,2,2,0,1,1,1,0
69Z3IPOK,12,2,0,0,1,1,1,2
69Y3CZGI,10,1,2,0,1,1,1,0
69ZZNNOJ,10,3,0,0,1,1,1,0
6A3C2O4U,11,1,2,0,1,1,1,0
6A2IVTH9,11,3,0,0,1,1,1,0
6A39G12N,10,2,0,0,2,1,1,0
69ZQTZAC,10,1,1,0,2,1,1,0
69ZO9PKK,10,1,0,0,2,1,1,0
69ZT61OO,10,2,1,0,1,1,1,0
6A45A49Y,10,1,2,0,1,1,1,0
6A2EYEA8,10,2,1,0,1,1,1,0
6A15GNKY,10,1,1,0,1,1,1,0
6A2YTQES,10,2,0,0,2,1,1,0
6A2EV4XX,11,1,0,0,3,1,1,1
69YVS9VW,12,2,0,0,2,1,1,0
69ZAJO6U,13,4,0,0,1,1,1,1
69Z1MSH3,10,1,2,0,1,1,1,0
69ZPWUCY,13,2,2,0,1,1,1,1
69ZQ5DGW,12,2,1,0,2,1,1,0
6A2H43EJ,11,1,1,0,1,1,1,1
69YUQN23,10,1,1,0,1,1,1,0
6A2UN4C5,10,1,1,0,1,1,1,0
6A1WDGAM,10,3,0,0,1,1,1,0
6A11SDJ8,10,1,1,0,2,1,1,0
6A1MU51C,10,1,0,0,3,1,1,0
6A1WO5RI,11,1,0,0,3,1,1,0
69YMNWPN,10,1,1,0,1,1,1,0
6A3KA3SA,10,3,0,0,1,1,1,0
6A2NWRJ2,12,3,0,0,2,1,1,0
6A1LVHLC,10,1,1,0,2,1,1,0
6A2NM2XW,10,1,0,0,2,1,1,0
6A2DYAXW,10,1,0,0,3,1,1,0
6A1FIC3D,12,2,1,0,2,1,1,0
6A1P33GB,10,3,0,0,1,1,1,0
69XTPJ6I,12,2,1,0,1,1,1,2
69YLIW1I,10,1,2,0,1,1,1,0
69YZPSQD,11,1,1,0,2,1,1,1
6A12X7M2,11,2,0,0,2,1,1,1
69ZMXWLJ,10,1,1,0,2,1,1,0
69ZEOR41,10,1,1,0,1,1,1,0
6A2Z5JPA,11,2,1,0,1,1,1,1
6A2ZPGDT,10,2,1,0,1,1,1,0
69ZS7DDO,10,1,2,0,1,1,1,0
69YIWGQ4,11,2,1,0,1,1,1,0
6A1F32SD,10,2,1,0,1,1,1,0
6A1WEXU7,10,3,0,0,1,1,1,0
69ZP9X9E,10,1,0,0,3,1,1,0
69Z3WIYV,12,2,0,0,2,1,1,0
69ZNIJXT,10,1,1,0,2,1,1,0
6A2UQ4OX,10,2,1,0,1,1,1,0
6A2PHREO,11,2,1,0,1,1,1,1
6A13MFP1,10,1,1,0,2,1,1,0
69ZBMXHF,11,1,1,0,2,1,1,1
69ZID9N4,11,1,1,0,2,1,1,0
69ZTAIUW,10,1,2,0,1,1,1,0
69ZS2L99,10,3,0,0,1,1,1,0
6A2V9K8D,10,1,0,0,3,1,1,0
69YVS6UN,10,1,1,0,2,1,1,0
6A1YAN6U,10,3,0,0,1,1,1,0
6A1YSZ6T,10,1,1,0,2,1,1,0
6A36NE74,11,2,0,0,2,1,1,0
6A2OTO5E,12,3,0,0,1,1,1,1
69ZQTY47,12,1,2,0,2,1,1,0
6A2BN143,10,2,1,0,1,1,1,0
69Z7A6PH,12,2,1,0,2,1,1,0
6A22ZK3D,11,2,0,0,2,1,1,0
6A2FD6LU,10,2,1,0,1,1,1,0
6A1LHRL6,12,1,2,0,2,1,1,0
6A24CXK1,12,2,2,0,1,1,1,0
69ZT1E29,11,2,1,0,1,1,1,0
6A15AQUQ,10,1,2,0,1,1,1,0
6A25YESV,11,2,0,0,2,1,1,1
6A3WDNZT,10,1,0,0,3,1,1,0
69ZUMXBW,10,2,0,0,2,1,1,0
69ZZ3OJ9,10,1,1,0,1,1,1,0
69ZNIM96,11,3,0,0,1,1,1,1
6A35AYOS,10,1,0,0,2,1,1,0
69YVTWAH,10,1,2,0,1,1,1,0
6A42S7X3,11,1,1,0,2,1,1,1
6A3HCT4H,10,1,0,0,3,1,1,0
6A3POSNK,10,2,1,0,1,1,1,0
69ZZ9Q75,10,2,0,0,2,1,1,0
69ZVLDSC,12,3,0,0,2,1,1,0
6A1O7NZT,10,2,0,0,1,1,1,0
6A142SSV,10,1,1,0,2,1,1,0
6A2AT1Y8,10,1,1,0,1,1,1,0
6A44QRCG,10,2,1,0,1,1,1,0
69ZXB4HS,10,1,0,0,2,1,1,0
6A1HQCY7,12,1,0,0,2,1,1,1
69ZXWKVD,10,3,0,0,1,1,1,0
6A47JL2H,11,2,1,0,1,1,1,1
6A3IELJJ,10,2,0,0,2,1,1,0
6A1UCXYN,10,1,1,0,2,1,1,0
6A19TQH8,10,1,1,0,2,1,1,0
6A2O8EX3,10,2,1,0,1,1,1,0
6A4AXYS2,10,2,0,0,2,1,1,0
6A2DZS4Y,11,1,1,0,2,1,1,1
6A4L9KUA,10,2,0,0,2,1,1,0
69YQ1CDP,11,2,1,0,1,1,1,0
6A3FZGP1,11,1,1,0,1,1,1,1
6A27O4LY,10,2,0,0,2,1,1,0
69ZRMDZT,10,2,0,0,2,1,1,0
69ZGHKXP,10,3,0,0,1,1,1,0
6A1LPJFX,10,1,1,0,1,1,1,0
6A1C8UBH,10,2,0,0,2,1,1,0
6A3JBJ2S,10,2,0,0,2,1,1,0
6A3EDW9Y,13,1,2,0,2,1,1,1
6A1SEA64,11,1,2,0,1,1,1,1
6A1WU1JH,10,1,1,0,2,1,1,0
69ZZFT12,12,2,1,0,2,1,1,0
69ZS2LXO,10,2,0,0,1,1,1,0
6A3S3RC1,11,2,1,0,1,1,1,1
6A4CTPGW,11,3,0,0,1,1,1,0
69ZCLPK7,12,1,0,0,3,1,1,2
6A22OTBL,10,2,0,0,2,1,1,0
6A3SFZEG,10,1,0,0,3,1,1,0
6A1PUFFY,11,2,1,0,1,1,1,0
69ZUT39A,10,1,0,0,3,1,1,0
69ZLJXQ2,10,1,0,0,3,1,1,0
6A2VCNJL,12,4,0,0,1,1,1,0
6A22UYND,12,1,2,0,1,1,1,0
6A1U6YZT,10,2,1,0,1,1,1,0
6A2ZA98T,10,1,0,0,2,1,1,0
69ZDQGH8,13,1,1,0,3,1,1,1
6A3QWKNX,10,2,1,0,1,1,1,0
6A3YIJ5G,10,1,1,0,2,1,1,0
6A5JX7ZM,10,2,0,0,1,1,1,0
6A4HANCZ,10,1,0,0,2,1,1,0
6A2TJU5B,11,2,0,0,2,1,1,1
69ZCN5SJ,10,2,1,0,1,1,1,0
6A4FVP4R,10,2,1,0,1,1,1,0
6A3KPF3P,12,2,0,0,3,1,1,0
6A6B8ELC,12,2,1,0,2,1,1,0
6A11HIIY,10,2,1,0,1,1,1,0
6A22FKW8,10,2,1,0,1,1,1,0
6A24V8B9,11,3,0,0,1,1,1,1
6A4OU4RA,10,1,2,0,1,1,1,0
6A1EF8ZX,10,2,0,0,1,1,1,0
6A3MJPG4,10,2,1,0,1,1,1,0
6A1M8NGZ,10,1,1,0,2,1,1,0
6A49ZAGH,10,1,1,0,1,1,1,0
69Z7M7RF,11,2,0,0,1,1,1,1
6A21UVIT,10,1,1,0,2,1,1,0
6A4OESS7,10,1,0,0,3,1,1,0
6A3WZ2W3,12,1,2,0,2,1,1,0
6A1WJGIC,10,2,0,0,2,1,1,0
6A4WP3GJ,12,1,2,0,2,1,1,0
69ZIMHFN,10,2,0,0,2,1,1,0
6A29GPOJ,10,2,0,0,1,1,1,0
6A23ZU2C,10,3,0,0,1,1,1,0
6A23CPFN,10,2,1,0,1,1,1,0
6A2DH9QL,10,1,2,0,1,1,1,0
6A41Y2PQ,10,2,0,0,1,1,1,0
6A43S88Z,10,2,1,0,1,1,1,0
69ZW9JXG,12,2,1,0,1,1,1,2
6A3D4KPC,12,2,1,0,1,1,1,1
6A29L6GD,10,1,0,0,3,1,1,0
6A3IEDAA,10,1,2,0,1,1,1,0
6A1WVS3C,12,3,0,0,2,1,1,0
6A4QAK6P,10,3,0,0,1,1,1,0
6A5EXUME,10,2,0,0,2,1,1,0
6A2DJ1QS,10,1,1,0,2,1,1,0
6A23ZSYS,10,1,1,0,2,1,1,0
6A1Y4F54,10,2,1,0,1,1,1,0
6A3OMYMY,12,1,1,0,2,1,1,2
6A25VHXC,12,1,2,0,2,1,1,0
6A17WIGZ,10,1,2,0,1,1,1,0
69YRGVS5,11,1,2,0,1,1,1,1
6A137BSF,11,1,1,0,2,1,1,0
6A4UNG2M,10,1,2,0,1,1,1,0
6A4KHAXW,10,3,0,0,1,1,1,0
6A25HJJO,11,2,1,0,1,1,1,1
6A68UUET,11,2,1,0,1,1,1,1
6A2J7OBS,10,1,2,0,1,1,1,0
69ZU31SF,10,1,0,0,3,1,1,0
6A4W9SPN,10,1,2,0,1,1,1,0
6A4PR3DZ,10,2,0,0,2,1,1,0
6A25V9BN,10,1,1,0,2,1,1,0
6A3YLFEW,10,1,0,0,3,1,1,0
6A56FZEP,11,1,1,0,1,1,1,1
6A47RHTH,10,1,1,0,1,1,1,0
6A534NLD,10,2,0,0,2,1,1,0
6A54IPAQ,10,1,1,0,2,1,1,0
6A1QRM5S,10,2,0,0,1,1,1,0
6A4SN3WI,10,3,0,0,1,1,1,0
6A2JDK68,11,1,0,0,2,1,1,1
6A37ZPS8,10,2,0,0,2,1,1,0
6A2PYNVF,12,1,1,0,2,1,1,1
6A1V8JZK,10,2,1,0,1,1,1,0
6A462MCQ,12,1,1,0,3,1,1,0
6A2C9O73,14,3,1,0,2,1,1,0
6A2Z2EXT,10,1,0,0,2,1,1,0
6A5O3BQF,10,1,2,0,1,1,1,0
6A5PTMTW,11,1,2,0,1,1,1,0
6A7DH91R,10,1,1,0,2,1,1,0
6A2PX33B,12,2,0,0,3,1,1,0
6A2HC13Q,11,2,0,0,2,1,1,1
6A5I3UE8,10,1,1,0,2,1,1,0
6A1RE463,10,1,1,0,2,1,1,0
6A51AGKW,10,1,1,0,2,1,1,0
6A5TKWKN,10,1,2,0,1,1,1,0
6A4XBPJO,10,2,0,0,1,1,1,0
6A4UKCSH,10,1,2,0,1,1,1,0
6A2P5HNO,10,1,1,0,2,1,1,0
6A3SVFY3,12,1,1,0,2,1,1,2
6A3VHZ3W,10,1,2,0,1,1,1,0
6A5GTM82,11,1,1,0,2,1,1,1
69ZJLA7P,10,1,1,0,2,1,1,0
6A3APDFP,11,2,1,0,1,1,1,1
6A282Y3X,10,1,2,0,1,1,1,0
6A246MFD,11,2,0,0,2,1,1,1
6A2X2BMJ,10,3,0,0,1,1,1,0
6A3JSFGP,10,1,1,0,2,1,1,0
6A39G6AG,10,1,1,0,2,1,1,0
6A36IKS3,10,2,0,0,1,1,1,0
6A2FBO2J,10,2,0,0,1,1,1,0
6A36K5MA,10,2,0,0,2,1,1,0
6A4OX6RZ,12,3,0,0,2,1,1,0
6A45HZLF,10,2,0,0,2,1,1,0
6A2VAXMC,12,2,1,0,2,1,1,0
6A2MKH2C,12,1,2,0,2,1,1,0
6A4NA4PJ,11,1,1,0,1,1,1,0
6A1BJ58J,11,1,2,0,1,1,1,1
6A3F9GDA,11,1,2,0,1,1,1,0
6A4DKSUZ,11,1,0,0,3,1,1,1
6A4L24AV,10,2,1,0,1,1,1,0
6A1P9CMU,11,1,0,0,3,1,1,0
6A37Y4B8,10,1,2,0,1,1,1,0
6A2ISS92,10,2,0,0,1,1,1,0
6A5SVEG9,11,2,1,0,1,1,1,1
6A539A7D,10,2,0,0,1,1,1,0
6A2BCCF8,10,1,2,0,1,1,1,0
6A54B2MZ,10,2,0,0,2,1,1,0
6A44EPL1,10,2,1,0,1,1,1,0
6A2QSNTG,12,2,1,0,1,1,1,0
6A337LEV,10,1,1,0,2,1,1,0
6A2TK1QQ,10,1,2,0,1,1,1,0
6A6XBVYQ,10,2,1,0,1,1,1,0
6A48W9KR,10,1,1,0,1,1,1,0
6A36XWDK,10,1,2,0,1,1,1,0
6A3ZZI6F,10,1,0,0,3,1,1,0
6A67LLBZ,14,1,0,0,4,1,1,1
6A3KYP2H,11,1,1,0,1,1,1,1
69Z7NOT4,10,2,1,0,1,1,1,0
6A5IJ8LR,10,1,1,0,2,1,1,0
6A5PYAEU,10,2,0,0,1,1,1,0
6A2X56QJ,11,1,2,0,1,1,1,0
6A6ICJOV,10,1,2,0,1,1,1,0
6A6NMEDF,10,1,0,0,2,1,1,0
6A3UJG9O,10,1,1,0,1,1,1,0
6A6BHMQ7,10,1,1,0,2,1,1,0
6A39TUX9,10,1,1,0,1,1,1,0
6A2R5Y9P,10,2,0,0,2,1,1,0
6A4BFMQZ,10,2,0,0,2,1,1,0
6A7BUIMI,10,1,1,0,2,1,1,0
6A3ANW1L,10,1,2,0,1,1,1,0
6A684W52,10,1,0,0,2,1,1,0
69ZS8WTJ,10,2,1,0,1,1,1,0
6A5EH432,10,2,0,0,1,1,1,0
6A5DN6H5,10,1,0,0,3,1,1,0
6A3N32WD,10,1,2,0,1,1,1,0
6A2ZJ7FE,10,1,0,0,2,1,1,0
6A2DS4JF,11,1,0,0,2,1,1,1
6A3LKWUJ,10,2,1,0,1,1,1,0
6A3EICLO,12,2,1,0,2,1,1,0
6A5HEHOR,11,2,0,0,2,1,1,1
6A44VHMG,10,2,0,0,2,1,1,0
6A2DFUGR,10,1,0,0,3,1,1,0
6A7F9W9U,11,2,1,0,1,1,1,1
6A433URU,10,1,2,0,1,1,1,0
6A3MXCMZ,10,2,0,0,2,1,1,0
6A3FUQ2S,10,1,0,0,2,1,1,0
6A3SHKGF,10,1,1,0,1,1,1,0
6A36TD39,10,1,1,0,1,1,1,0
6A6XD9LQ,10,1,0,0,2,1,1,0
6A5A8ZRH,11,3,0,0,1,1,1,0
6A5U1BFD,11,1,1,0,1,1,1,1
6A3AJ8XI,10,1,0,0,2,1,1,0
6A359IXV,10,3,0,0,1,1,1,0
6A2OFZBH,10,1,0,0,3,1,1,0
6A3GB15X,10,1,1,0,2,1,1,0
6A2UXQM3,13,1,1,0,3,1,1,1
6A6C2JAK,10,1,2,0,1,1,1,0
6A2TIDMV,10,1,2,0,1,1,1,0
6A5MZ6CC,10,2,1,0,1,1,1,0
6A5ZEG53,11,1,2,0,1,1,1,1
6A65GR17,12,3,0,0,2,1,1,0
6A3V4BOC,10,1,0,0,2,1,1,0
6A14GJ8W,10,1,2,0,1,1,1,0
6A1WVS4C,10,1,1,0,1,1,1,0
6A395KCZ,10,2,1,0,1,1,1,0
6A5WFCBQ,11,2,0,0,2,1,1,0
6A3HCMY3,11,2,0,0,2,1,1,0
6A5FCS2K,10,1,0,0,2,1,1,0
6A1EJKQC,10,1,2,0,1,1,1,0
6A3PTDO7,10,2,1,0,1,1,1,0
6A2NWQAV,10,1,0,0,3,1,1,0
6A7HX27J,11,1,1,0,1,1,1,1
6A3IHFQ3,10,2,0,0,2,1,1,0
6A3KNSU8,11,2,0,0,2,1,1,0
6A2K37YV,12,1,2,0,1,1,1,2
6A4EQYY5,10,2,1,0,1,1,1,0
6A2WNFQ6,11,2,0,0,2,1,1,1
6A3SYHPL,10,1,0,0,3,1,1,0
6A5ZZO6J,10,1,1,0,1,1,1,0
6A2TCD1Y,10,3,0,0,1,1,1,0
6A6M2CJX,10,2,1,0,1,1,1,0
6A3ZQALF,10,1,0,0,2,1,1,0
6A6C5I56,11,2,1,0,1,1,1,0
6A2FTX28,12,2,1,0,2,1,1,0
6A41E5U9,11,2,0,0,2,1,1,1
6A3ODOZA,10,2,0,0,2,1,1,0
6A19VAZW,10,2,0,0,1,1,1,0
6A2Y26RS,10,1,2,0,1,1,1,0
6A6KCPZ3,11,1,1,0,1,1,1,0
6A3XCB8P,10,2,0,0,1,1,1,0
6A3WPS1X,11,1,1,0,1,1,1,1
6A2VLP7Z,10,2,1,0,1,1,1,0
6A3TWYZE,10,2,1,0,1,1,1,0
6A6WHTGU,10,2,1,0,1,1,1,0
6A5ZQEUW,10,1,1,0,2,1,1,0
6A214RXU,10,2,1,0,1,1,1,0
6A64R7KT,11,1,2,0,1,1,1,0
6A3CXC2B,10,1,1,0,2,1,1,0
6A7WRWIK,10,1,1,0,2,1,1,0
6A3GCM2B,10,2,0,0,2,1,1,0
6A36URWV,10,3,0,0,1,1,1,0
6A3V7AF7,10,3,0,0,1,1,1,0
6A3KD7IK,10,1,1,0,1,1,1,0
6A3VMP7N,12,1,1,0,3,1,1,0
6A7TVSJL,10,2,0,0,2,1,1,0
6A2X6S1U,10,1,1,0,1,1,1,0
6A54WIPB,10,2,0,0,1,1,1,0
6A5629R5,10,2,1,0,1,1,1,0
6A41V3TM,10,1,2,0,1,1,1,0
6A3F4WQA,11,2,1,0,1,1,1,1
6A547TOG,11,1,2,0,1,1,1,1
6A2EEMJB,10,3,0,0,1,1,1,0
6A6DBPS8,10,2,1,0,1,1,1,0
6A4GUDCJ,11,3,0,0,1,1,1,0
6A717JRP,10,1,0,0,3,1,1,0
6A51SW66,12,3,0,0,1,1,1,1
6A6SDZUL,10,1,1,0,2,1,1,0
6A3QWEYT,10,1,1,0,2,1,1,0
6A2LUZUS,10,1,2,0,1,1,1,0
6A5BDQM7,10,1,1,0,2,1,1,0
6A51PSOJ,10,1,0,0,2,1,1,0
6A7V3577,10,2,1,0,1,1,1,0
6A3J8J6E,10,3,0,0,1,1,1,0
6A22CQRV,11,1,1,0,2,1,1,1
6A4JWBDN,10,2,1,0,1,1,1,0
6A1142PN,12,2,1,0,2,1,1,0
6A6RXQUM,10,2,0,0,2,1,1,0
6A474CNS,11,2,0,0,1,1,1,0
6A5HMAVA,11,1,0,0,3,1,1,0
6A3MVUD8,10,1,1,0,1,1,1,0
6A6PXKIN,13,2,0,0,3,1,1,1
6A3NPVTS,12,2,0,0,1,1,1,1
6A3566T5,10,2,1,0,1,1,1,0
6A43HOKC,10,1,2,0,1,1,1,0
6A8CGCDG,10,1,2,0,1,1,1,0
6A4VOWJZ,10,2,1,0,1,1,1,0
6A26GFNP,12,2,2,0,1,1,1,0
6A6Y92LP,10,2,1,0,1,1,1,0
6A6E5VXB,10,2,1,0,1,1,1,0
6A65BYGR,10,1,0,0,3,1,1,0
6A6QLEGE,12,2,1,0,2,1,1,0
6A5QKDPD,10,2,0,0,2,1,1,0
6A2VCOZF,10,1,0,0,2,1,1,0
6A46I6WI,10,1,1,0,1,1,1,0
6A67AVLU,13,1,2,0,1,1,1,1
6A56WNVF,10,2,1,0,1,1,1,0
6A5PQLQK,10,1,1,0,2,1,1,0
69ZZZU42,10,1,1,0,1,1,1,0
6A4M862D,12,1,0,0,3,1,1,1
6A3MAMBS,11,1,0,0,2,1,1,1
6A2FBKF6,10,1,1,0,2,1,1,0
6A3BR24A,10,1,1,0,2,1,1,0
6A3YDSHR,10,2,1,0,1,1,1,0
6A4GKYO8,12,2,2,0,1,1,1,0
6A4I1IKE,11,2,0,0,2,1,1,1
6A66PT5I,10,2,1,0,1,1,1,0
6A3A2HID,10,1,1,0,2,1,1,0
6A4MCXEK,11,2,1,0,1,1,1,0
6A4BOUWR,10,1,2,0,1,1,1,0
6A46JLLN,10,2,1,0,1,1,1,0
6A5IU2K3,10,3,0,0,1,1,1,0
6A3G9KIN,10,1,1,0,2,1,1,0
6A5TKUMM,10,1,1,0,2,1,1,0
6A4TOMJO,11,1,2,0,1,1,1,0
6A7ISPLP,10,1,1,0,2,1,1,0
6A1RN92Q,11,1,2,0,1,1,1,1
6A4DZVDR,11,1,1,0,2,1,1,1
6A3UPLTA,10,2,0,0,2,1,1,0
6A99JRWO,11,2,1,0,1,1,1,1
6A721VI6,10,2,0,0,1,1,1,0
6A84GJXF,12,1,0,0,3,1,1,1
6A7Z589S,11,1,0,0,2,1,1,1
6A4ENUB9,10,1,1,0,2,1,1,0
6A7NK65Q,12,2,1,0,2,1,1,0
6A6C6VL2,10,1,2,0,1,1,1,0
6A5JXA9Z,11,2,0,0,2,1,1,1
6A2P2FAF,10,1,0,0,3,1,1,0
6A1DA8OL,10,1,1,0,2,1,1,0
6A874U9M,11,1,2,0,1,1,1,0
6A4GMQAP,10,1,1,0,2,1,1,0
6A7TGIKP,11,2,1,0,1,1,1,1
6A4S7OVL,11,1,0,0,2,1,1,0
6A828NCY,12,1,2,0,2,1,1,0
6A4QUF2B,10,1,1,0,1,1,1,0
6A6YMNCB,12,1,2,0,2,1,1,0
6A4KIO64,10,2,1,0,1,1,1,0
6A4H1K5G,11,2,0,0,2,1,1,0
6A6ZUBGC,10,2,1,0,1,1,1,0
6A4U9Q96,11,2,0,0,1,1,1,1
6A454921,10,3,0,0,1,1,1,0
6A7YJ1JM,10,2,1,0,1,1,1,0
6A8QAVCD,10,1,1,0,2,1,1,0
6A2XKNHE,11,1,0,0,3,1,1,1
6A4G16ZP,10,1,2,0,1,1,1,0
6A3WXEYV,12,1,0,0,3,1,1,0
6A7XTDDA,10,1,0,0,2,1,1,0
6A866D8U,10,1,0,0,3,1,1,0
6A4RAI3E,12,1,2,0,1,1,1,2
6A4SW4IT,12,2,1,0,2,1,1,0
6A8SWLAA,10,1,1,0,1,1,1,0
6A81PHFE,12,1,3,0,1,1,1,0
6A2MZQP6,11,1,2,0,1,1,1,1
6A43HPDS,10,1,2,0,1,1,1,0
6A861KS4,10,1,1,0,2,1,1,0
6A4BQCFF,10,2,1,0,1,1,1,0
6A2XQGIK,11,1,2,0,1,1,1,1
6A5J12UV,11,1,1,0,2,1,1,0
6A8FN3KM,10,2,0,0,1,1,1,0
6A7HXA2J,10,3,0,0,1,1,1,0
6A3I5ATH,10,2,1,0,1,1,1,0
6A75NPOF,10,1,2,0,1,1,1,0
6A2Z8FGN,10,1,0,0,2,1,1,0
6A5GWLDL,12,2,2,0,1,1,1,0
6A4OX8FH,10,2,1,0,1,1,1,0
6A7BXQF9,11,1,0,0,3,1,1,1
6A4GRCTV,10,1,0,0,3,1,1,0
6A4WTORJ,11,2,0,0,1,1,1,0
6A63U455,12,1,2,0,1,1,1,0
6A2U9HGT,12,1,1,0,3,1,1,0
6A8AVID6,12,2,0,0,1,1,1,2
6A7J4GGF,10,1,2,0,1,1,1,0
6A4EMAW1,12,2,0,0,3,1,1,0
6A6Z5VX4,14,3,1,0,1,1,1,2
6A3HWOEQ,11,1,1,0,1,1,1,0
6A6INCIM,10,3,0,0,1,1,1,0
6A7YQN19,11,2,1,0,1,1,1,1
6A42WP2V,10,2,0,0,1,1,1,0
6A3TVB8B,10,1,1,0,2,1,1,0
6A45TXWS,11,1,1,0,1,1,1,1
6A3V2PF7,10,2,1,0,1,1,1,0
6A44NRU3,11,1,1,0,2,1,1,1
6A7MGZ23,11,2,0,0,2,1,1,0
6A56ECZ1,10,1,1,0,2,1,1,0
6A4JWEY5,11,1,0,0,3,1,1,1
6A9FG3YW,12,2,2,0,1,1,1,0
6A6ZVVAD,12,1,1,0,2,1,1,2
6A6ILTXC,10,1,1,0,2,1,1,0
6A53315E,10,1,0,0,2,1,1,0
6A55LP82,11,2,1,0,1,1,1,0
6A4NQRAI,10,2,0,0,2,1,1,0
6A4S65D9,10,2,0,0,1,1,1,0
6A5JDC3T,12,2,1,0,2,1,1,0
6A8EOBRO,10,2,1,0,1,1,1,0
6A87ZEDH,10,1,1,0,2,1,1,0
6A3W1E4Q,10,2,0,0,2,1,1,0
6A5MGUN8,10,1,2,0,1,1,1,0
6AA27BGS,10,3,0,0,1,1,1,0
6A7ISNXM,10,2,1,0,1,1,1,0
6A8SOXMS,12,1,2,0,2,1,1,0
6A57BDUZ,10,2,0,0,2,1,1,0
6A53JY6B,11,1,1,0,1,1,1,0
6A3GTJ3P,13,1,3,0,1,1,1,1
6A9GA7N7,10,1,0,0,2,1,1,0
6A4I4QEB,10,1,1,0,2,1,1,0
6A5TR6VO,12,2,1,0,1,1,1,2
6A8YRCSP,10,1,1,0,2,1,1,0
6A4F8L5R,10,1,0,0,3,1,1,0
6A7G5KH7,10,2,1,0,1,1,1,0
6A54FJ83,10,2,1,0,1,1,1,0
6A7YTRZ2,13,1,1,0,2,1,1,0
6A7843W2,10,1,1,0,2,1,1,0
6A4M58FN,10,3,0,0,1,1,1,0
6A7LXVZ7,11,2,0,0,2,1,1,0
6A4OVNPS,10,1,2,0,1,1,1,0
6A6PXGQ9,10,2,0,0,2,1,1,0
6A578JXL,10,1,0,0,2,1,1,0
6A6S9DMK,10,2,0,0,2,1,1,0
6A5KBY3S,11,2,1,0,1,1,1,1
6A6CHJK1,11,1,0,0,3,1,1,1
6A58G3SP,11,1,0,0,3,1,1,1
6A22TE7T,10,2,1,0,1,1,1,0
6A435I31,10,1,2,0,1,1,1,0
6A5QVDFA,12,2,1,0,1,1,1,2
6A85Q33U,11,2,0,0,1,1,1,1
6A6GGTXI,10,1,0,0,2,1,1,0
6A4WIZEJ,11,2,0,0,2,1,1,0
6A5E6JRR,10,1,0,0,3,1,1,0
6A5I5GKG,11,1,1,0,1,1,1,1
6A5JSLP7,10,2,0,0,2,1,1,0
6A2NHE7R,13,3,0,0,2,1,1,1
6A4LP449,10,1,1,0,2,1,1,0
6A7QA4WN,11,3,0,0,1,1,1,1
6A3SBB87,10,1,1,0,2,1,1,0
6A89CYNR,10,1,0,0,2,1,1,0
6A8NC6IE,10,1,0,0,2,1,1,0
6A46VT9N,10,2,1,0,1,1,1,0
6A6YJIUQ,10,1,1,0,2,1,1,0
6A5GCRWY,11,3,0,0,1,1,1,1
6A714M1F,10,2,0,0,2,1,1,0
6A2A6BSN,10,1,0,0,3,1,1,0
6A5YY3FX,10,2,1,0,1,1,1,0
6A8E1F5U,10,2,0,0,2,1,1,0
6A7GU2CU,10,2,0,0,1,1,1,0
6A4K1VG8,12,2,2,0,1,1,1,0
6A5MCE1X,10,1,1,0,2,1,1,0
6A8Q3B1H,10,1,1,0,2,1,1,0
6A4CEEA8,10,2,0,0,2,1,1,0
6A4CYFAH,10,1,1,0,1,1,1,0
6A6SRTAT,10,1,1,0,2,1,1,0
6A9BDXIK,10,1,0,0,2,1,1,0
6A3THOOF,10,2,0,0,1,1,1,0
6A5VSSEB,12,2,1,0,1,1,1,0
6A4DM85D,10,2,1,0,1,1,1,0
6A6AIS61,10,3,0,0,1,1,1,0
6A5UGKF4,11,1,1,0,2,1,1,1
6A4LUXGF,10,1,1,0,2,1,1,0
6A8LPDZR,12,1,2,0,1,1,1,1
6A6CSAYQ,10,1,1,0,1,1,1,0
6AAX35T3,10,2,1,0,1,1,1,0
6A5M97V3,10,2,1,0,1,1,1,0
6A6C5HBF,10,1,1,0,1,1,1,0
6A66DM1C,10,2,1,0,1,1,1,0
6AAXRLSJ,10,2,0,0,2,1,1,0
6A6MHNIF,10,3,0,0,1,1,1,0
6A5R2GFL,10,2,0,0,1,1,1,0
6A7OP78W,12,2,2,0,1,1,1,0
6AC3IKWN,11,1,1,0,2,1,1,1
6A5USPX4,11,2,0,0,2,1,1,1
6A719AIY,10,2,0,0,2,1,1,0
6A63X4K1,11,3,0,0,1,1,1,0
6A6FPQEP,11,2,1,0,1,1,1,0
6A4ND8IS,11,1,0,0,3,1,1,0
6A4JQ7YH,10,2,0,0,2,1,1,0
6A5AJNHG,10,1,1,0,2,1,1,0
6A5X4X9K,12,2,1,0,1,1,1,1
6A8VVO4B,10,1,2,0,1,1,1,0
6A7MCM9O,10,1,1,0,2,1,1,0
6A3ZWB32,10,1,1,0,1,1,1,0
6A6HN55G,11,2,1,0,1,1,1,1
6A5NQ9W2,10,1,2,0,1,1,1,0
6A3X9BL2,12,2,1,0,2,1,1,0
6A64YUXO,10,1,1,0,1,1,1,0
6A8WKZ83,10,1,1,0,1,1,1,0
6A7ZM7PQ,11,2,0,0,1,1,1,1
6A8KVIHG,10,1,1,0,2,1,1,0
6A8KYL97,10,3,0,0,1,1,1,0
6A5QP8ZD,10,2,1,0,1,1,1,0
6A6O2OQY,10,2,0,0,2,1,1,0
6A7OYD6S,10,1,1,0,2,1,1,0
6A4ZR1Z4,11,1,0,0,3,1,1,1
6A4AN82R,10,1,1,0,2,1,1,0
6A6CWTAV,10,2,0,0,2,1,1,0
6A2Z8M46,10,1,1,0,2,1,1,0
6A89NH7K,10,1,2,0,1,1,1,0
6ABFMMBT,11,1,1,0,2,1,1,0
6A8UBQ7N,11,1,0,0,3,1,1,1
6A6A8ARS,12,2,0,0,2,1,1,1
6A5DOKKI,10,1,1,0,2,1,1,0
6A5NXUKD,12,1,1,0,2,1,1,0
6A8DMKFQ,12,1,1,0,2,1,1,1
6A6Y5VCE,10,1,2,0,1,1,1,0
6A76A56Q,11,3,0,0,1,1,1,0
6AAU5LPG,10,1,0,0,3,1,1,0
6A54UPUV,10,1,1,0,2,1,1,0
6A5MCDBS,10,1,0,0,2,1,1,0
6A6LMC1A,10,1,1,0,2,1,1,0
6A2KN23J,11,2,0,0,1,1,1,1
6A5EILCV,10,1,1,0,1,1,1,0
6AA217B1,11,1,1,0,1,1,1,1
6AAQ9OYL,10,2,1,0,1,1,1,0
6A655V7Z,10,2,1,0,1,1,1,0
6A5N34X4,11,1,1,0,1,1,1,0
6A5E9I4M,10,1,2,0,1,1,1,0
6A6IK1VB,11,1,1,0,2,1,1,1
6A5MDVSF,12,2,1,0,1,1,1,0
6A48DMDK,10,1,1,0,2,1,1,0
6A7XV6XL,10,2,0,0,2,1,1,0
6A6SWKDJ,11,1,2,0,1,1,1,1
6A8S6SU1,10,1,1,0,1,1,1,0
6A7U7PRG,10,1,0,0,2,1,1,0
6A746OQ7,10,2,0,0,2,1,1,0
6ABZL1PU,10,2,0,0,2,1,1,0
6A6E8XS6,10,1,0,0,2,1,1,0
6A82D8CX,12,2,1,0,2,1,1,0
6A6NEWID,10,2,1,0,1,1,1,0
6A8D8V39,10,1,1,0,1,1,1,0
6A7PWSDA,10,2,0,0,2,1,1,0
6A5XILSJ,12,1,2,0,1,1,1,0
6A77MC4A,10,2,1,0,1,1,1,0
6A9FBJRN,10,2,0,0,1,1,1,0
6A5UGIZ8,10,1,2,0,1,1,1,0
6A61TRMU,10,1,1,0,2,1,1,0
6A6DVMX4,13,1,1,0,1,1,1,2
6A9EG6BN,11,1,1,0,1,1,1,1
6A9WBERU,10,2,1,0,1,1,1,0
6A5K4CX4,10,1,1,0,2,1,1,0
6A9HEWPY,10,1,1,0,2,1,1,0
6A8AG5HW,10,1,2,0,1,1,1,0
6A5CMTQP,10,3,0,0,1,1,1,0
6A8QW97V,10,3,0,0,1,1,1,0
6A7EQIJA,10,3,0,0,1,1,1,0
6A55LQ9N,10,2,0,0,2,1,1,0
6A59PJ6B,10,1,1,0,2,1,1,0
6A6EL34N,10,2,1,0,1,1,1,0
6A57QVIY,11,1,2,0,1,1,1,1
6A9O5EKY,10,3,0,0,1,1,1,0
6A5PWKFL,10,2,0,0,2,1,1,0
6AC5FNWN,11,1,1,0,1,1,1,1
6A6XPJFT,11,1,1,0,2,1,1,1
6A7J5U4G,10,1,0,0,3,1,1,0
6A6IILTT,11,1,1,0,2,1,1,1
6A6UQQAO,10,1,1,0,1,1,1,0
6A95YNSE,10,2,1,0,1,1,1,0
6A9O8GDX,10,1,1,0,1,1,1,0
6AA6CPK7,11,1,1,0,2,1,1,1
6AB5PN65,10,2,1,0,1,1,1,0
6A7JXEE6,12,1,1,0,2,1,1,0
6A6X14KO,14,2,3,0,1,1,1,0
6A59NVMY,10,1,1,0,1,1,1,0
6A5E38AL,12,1,1,0,2,1,1,1
6A7ULGQF,10,1,2,0,1,1,1,0
6A4DG1W4,11,3,0,0,1,1,1,1
6A6GJXNH,10,1,1,0,2,1,1,0
6A6GRL8V,10,2,0,0,2,1,1,0
6A5K5S9U,13,3,1,0,1,1,1,1
6A5IA5LA,10,1,2,0,1,1,1,0
6A7KDQAO,11,1,0,0,2,1,1,0
6A8YDMEU,10,1,1,0,2,1,1,0
6A8HHCHK,10,2,0,0,2,1,1,0
6A5WDNO5,10,2,0,0,2,1,1,0
6A66358X,10,1,0,0,2,1,1,0
6A4X11I8,10,1,1,0,2,1,1,0
6A6766L1,10,1,2,0,1,1,1,0
6A6LHN84,10,1,1,0,2,1,1,0
6A5H2GSE,10,1,0,0,2,1,1,0
6A5EZKLF,10,1,1,0,1,1,1,0
6A7U64SM,10,2,1,0,1,1,1,0
6AC5LS1V,11,3,0,0,1,1,1,1
6A78GESP,10,1,2,0,1,1,1,0
6A6O154T,10,1,2,0,1,1,1,0
6A5F553H,10,1,2,0,1,1,1,0
6A6QIANC,11,1,1,0,2,1,1,1
6A6VS9BX,10,1,1,0,1,1,1,0
6A7HU36C,10,2,0,0,2,1,1,0
6A7EY34U,10,2,0,0,1,1,1,0
6A5PCPLW,11,1,1,0,2,1,1,1
6A9KWD8K,11,2,0,0,1,1,1,1
6AA4K5HH,11,1,2,0,1,1,1,1
6A6OVPS5,10,3,0,0,1,1,1,0
6A6CNWW8,10,1,2,0,1,1,1,0
6A6UFVWS,12,1,2,0,1,1,1,0
6A6BSDKX,12,2,2,0,1,1,1,0
6A9T7L35,10,2,1,0,1,1,1,0
6A5IJA4F,10,1,1,0,1,1,1,0
6A5K179C,11,2,0,0,2,1,1,1
6A8QRWQN,11,2,1,0,1,1,1,1
6A6NG7VQ,12,2,2,0,1,1,1,0
6A8F9DX7,10,2,0,0,2,1,1,0
6AAC1CYL,12,1,3,0,1,1,1,0
6A8M5PYB,12,2,2,0,1,1,1,0
6AA4UNXH,10,2,0,0,2,1,1,0
6A8ZH1NS,12,2,1,0,1,1,1,0
6A9ZD5IR,10,2,1,0,1,1,1,0
6A8ZFA2E,10,1,1,0,2,1,1,0
6A6TQIHF,12,3,1,0,1,1,1,0
6ABPF1CL,13,1,2,0,1,1,1,1
6A5QJ6G8,10,2,1,0,1,1,1,0
6AA3W169,13,2,2,0,1,1,1,1
6A5SETOG,10,3,0,0,1,1,1,0
6A7A2TIO,12,3,0,0,2,1,1,0
6A6PRI5W,10,2,1,0,1,1,1,0
6A8LBUC5,10,1,2,0,1,1,1,0
6A9EEM2Y,11,1,2,0,1,1,1,0
6A9J7KSC,10,1,0,0,2,1,1,0
6ADEDFU2,10,2,1,0,1,1,1,0
6A3I87LF,10,1,1,0,2,1,1,0
6A7Y882T,11,1,1,0,1,1,1,1
6A6FC123,11,3,0,0,1,1,1,1
6A6YO3Z8,13,2,0,0,2,1,1,2
6A8P9F8W,10,1,1,0,2,1,1,0
6A5XT4QQ,11,1,2,0,1,1,1,0
6AAB5THX,10,1,0,0,2,1,1,0
6A9BROPQ,10,1,1,0,2,1,1,0
6A6UFSDT,10,3,0,0,1,1,1,0
6A6LM21Y,10,1,1,0,1,1,1,0
6A7GG1JX,10,1,1,0,1,1,1,0
6A7BDYU8,10,2,1,0,1,1,1,0
6A75EH7I,11,1,2,0,1,1,1,1
6A58HMEA,10,2,0,0,1,1,1,0
6A6YXDL7,10,1,1,0,2,1,1,0
6A95JEQJ,10,1,1,0,2,1,1,0
6A3T5GTW,11,2,0,0,1,1,1,0
6A56BGEC,11,3,0,0,1,1,1,1
6AAOK1V9,11,2,1,0,1,1,1,1
6A89FZZR,10,1,1,0,1,1,1,0
6ADFZ3RJ,10,1,1,0,2,1,1,0
6A79VRQQ,12,3,0,0,1,1,1,2
6AAUL4KT,10,1,1,0,2,1,1,0
6A5O7YX6,10,2,0,0,2,1,1,0
6AELLMXT,10,2,1,0,1,1,1,0
6A7VCD1M,10,1,1,0,2,1,1,0
6ABMYAM8,12,1,2,0,2,1,1,0
6A5PBA9C,12,2,0,0,1,1,1,1
6A81MI4W,10,2,0,0,1,1,1,0
6AB74GCU,11,1,0,0,2,1,1,0
6A6VSFAH,12,2,2,0,1,1,1,0
6A8CETP7,10,2,1,0,1,1,1,0
6A8ANS19,12,1,0,0,3,1,1,2
6ABF18N6,10,1,0,0,2,1,1,0
6A9AUM6C,10,1,0,0,3,1,1,0
6A8LENND,10,2,0,0,2,1,1,0
6AAS8KP8,11,1,0,0,3,1,1,1
6ABEX1PV,10,1,1,0,1,1,1,0
6A66GTUD,11,3,0,0,1,1,1,1
6A798T3P,10,2,1,0,1,1,1,0
6A8783KZ,10,1,0,0,2,1,1,0
6ADFLELS,11,3,0,0,1,1,1,0
6AAIPE5K,10,1,1,0,2,1,1,0
6A7TO8IU,11,1,2,0,1,1,1,0
6ABYJBJD,10,1,0,0,2,1,1,0
6ADPJOCT,10,2,1,0,1,1,1,0
6A8PFCQH,10,1,2,0,1,1,1,0
6A8FIFEK,12,3,0,0,2,1,1,0
6A5U93LJ,10,1,2,0,1,1,1,0
6A889KZO,11,1,2,0,1,1,1,0
6A3ZDWM8,10,1,1,0,2,1,1,0
6ACIG6MJ,11,1,0,0,3,1,1,0
6A6M2GVU,10,2,1,0,1,1,1,0
6A7HQV8T,12,2,0,0,3,1,1,0
6A8NSW34,10,1,2,0,1,1,1,0
6ABRMTV5,12,2,2,0,1,1,1,0
6ABCWXLA,10,3,0,0,1,1,1,0
6A8HOU57,10,1,2,0,1,1,1,0
6A8ZIJOW,10,2,0,0,1,1,1,0
6A7PJ54F,12,1,1,0,3,1,1,0
6A7BAQHP,10,2,0,0,1,1,1,0
6AAFK9Y4,10,1,1,0,2,1,1,0
6AF99XSX,12,1,1,0,1,1,1,1
6A8EUK1X,10,2,1,0,1,1,1,0
6ACUXJ9V,12,1,2,0,1,1,1,1
6A7HETBB,12,1,1,0,1,1,1,1
6AAVJLN4,12,1,3,0,1,1,1,0
6A8LYIGK,10,3,0,0,1,1,1,0
6A896RIX,10,1,0,0,3,1,1,0
6A9SLBB4,10,1,1,0,2,1,1,0
6AAV15GK,10,2,0,0,2,1,1,0
6A6TLV11,10,2,0,0,2,1,1,0
6A83DKUF,10,1,1,0,1,1,1,0
6ABDHLDB,12,2,1,0,2,1,1,0
6A7VN77Z,11,1,2,0,1,1,1,1
6A6BHL9V,10,2,0,0,2,1,1,0
6ACU5T9K,10,1,0,0,2,1,1,0
6A8KX1DI,10,2,0,0,1,1,1,0
6ABQ1DMU,10,3,0,0,1,1,1,0
6A7BGQAX,10,1,1,0,2,1,1,0
6A575GF6,10,2,0,0,2,1,1,0
6ACZ6LNC,10,1,1,0,1,1,1,0
6A71GVF9,10,2,0,0,2,1,1,0
6A4W2EAT,10,1,1,0,2,1,1,0
6A9CV6ZW,14,4,0,0,1,1,1,2
6A9KWEC2,10,1,2,0,1,1,1,0
6ABDWXG3,10,1,2,0,1,1,1,0
6ABZUCDF,10,2,1,0,1,1,1,0
6A9TFDYO,10,1,2,0,1,1,1,0
6A7NB3N8,10,2,0,0,2,1,1,0
6AAH23Z9,10,2,1,0,1,1,1,0
6A8X2RST,10,1,0,0,3,1,1,0
6A63QW1L,10,1,2,0,1,1,1,0
6A87RRHW,10,1,1,0,1,1,1,0
6A95VFVR,10,2,0,0,1,1,1,0
6ABNPGM5,13,4,0,0,1,1,1,1
6A7XHEY7,10,2,0,0,2,1,1,0
6AB6911Y,12,1,0,0,3,1,1,0
6ABIW8DH,10,1,2,0,1,1,1,0
6ABKOZBD,10,2,0,0,2,1,1,0
6A7G3WQY,10,1,2,0,1,1,1,0
6A8Y4NTA,12,1,3,0,1,1,1,0
6A7M9HZM,10,2,0,0,1,1,1,0
6A81VLKM,11,1,2,0,1,1,1,1
6AAE1SKH,10,1,2,0,1,1,1,0
6A88Y6LI,11,1,1,0,2,1,1,0
6ABLTMSG,10,2,1,0,1,1,1,0
6ABB843E,10,1,1,0,2,1,1,0
6A9C55BO,10,2,0,0,1,1,1,0
6A6T8AEL,10,3,0,0,1,1,1,0
6A6O7CCT,10,3,0,0,1,1,1,0
6A91XZ4U,11,1,0,0,3,1,1,1
6A6XSRSZ,11,1,1,0,2,1,1,1
6A8SIT5S,11,1,0,0,2,1,1,1
6A8FULVH,11,1,1,0,2,1,1,1
6AD64OC1,13,1,2,0,2,1,1,1
6A9M3HF8,12,2,1,0,1,1,1,1
6A7RDE2K,10,1,1,0,1,1,1,0
6A74IYDS,10,2,0,0,2,1,1,0
6AC2OKI2,10,1,1,0,2,1,1,0
6AEWIRBM,10,2,1,0,1,1,1,0
6AC62BZN,10,2,1,0,1,1,1,0
6A97VV9X,10,1,2,0,1,1,1,0
6A8XOCXG,10,1,2,0,1,1,1,0
6ABAFKD8,10,1,2,0,1,1,1,0
6A8AKJ3I,10,2,0,0,2,1,1,0
6A7RSFBB,12,1,2,0,1,1,1,2
6AC7JAR6,10,2,0,0,1,1,1,0
6A8MU4FM,13,2,2,0,1,1,1,1
6AB26UXL,10,1,1,0,2,1,1,0
6A8JZR7N,10,3,0,0,1,1,1,0
6A9ISVBM,12,3,1,0,1,1,1,0
6A78R8QV,10,1,1,0,1,1,1,0
6ACD3AIU,12,1,2,0,2,1,1,0
6A8WSPDE,11,2,0,0,2,1,1,0
6AB9UPNJ,10,1,2,0,1,1,1,0
6ACGFYT5,11,2,1,0,1,1,1,1
6AC62AMF,10,3,0,0,1,1,1,0
6AD6LHXY,12,1,1,0,2,1,1,1
6A7G9WR8,10,1,2,0,1,1,1,0
6ABSN38H,10,1,1,0,2,1,1,0
6A93S9P5,11,2,1,0,1,1,1,1
6AAMW4T4,10,1,1,0,1,1,1,0
6A5JKVV7,10,2,0,0,2,1,1,0
6AB8ATJO,10,1,2,0,1,1,1,0
6A8E7HRK,10,1,0,0,2,1,1,0
6AB96IRD,10,2,0,0,2,1,1,0
6A87AWI6,10,2,1,0,1,1,1,0
6A972X1Y,10,2,1,0,1,1,1,0
6ACDOT6A,13,3,1,0,1,1,1,1
6AB7F3D8,11,1,0,0,3,1,1,0
6AE5NR1G,10,1,1,0,1,1,1,0
6A9PPCOA,10,1,2,0,1,1,1,0
6A7F9Y4J,10,1,1,0,2,1,1,0
6ABYMMJ7,10,2,1,0,1,1,1,0
6A6IFQB6,13,1,1,0,3,1,1,1
6A91ATSI,11,2,1,0,1,1,1,0
6A8XGPE7,10,1,2,0,1,1,1,0
6ABEGH4D,10,1,1,0,1,1,1,0
6A87CGHG,10,1,2,0,1,1,1,0
6A8Y2WKA,10,1,1,0,2,1,1,0
6A91QF6V,10,2,1,0,1,1,1,0
6A711GQN,10,2,1,0,1,1,1,0
6A6K6PU1,11,1,2,0,1,1,1,1
6A8YDQLO,12,1,2,0,2,1,1,0
6A8PAQSH,10,2,1,0,1,1,1,0
6A9A3BCI,10,2,0,0,2,1,1,0
6A7MFNUV,11,1,2,0,1,1,1,0
6ACHEKSI,10,2,1,0,1,1,1,0
6A73XZ1G,10,1,0,0,3,1,1,0
6A9ADUJW,10,1,0,0,2,1,1,0
6A8CVSU5,10,1,1,0,2,1,1,0
6AA1PKTI,13,2,2,0,1,1,1,1
6AB5AHAU,10,2,0,0,1,1,1,0
6AC5QD7Y,10,1,0,0,2,1,1,0
6AAP7YH7,11,1,0,0,3,1,1,0
6ABIWAY1,10,1,2,0,1,1,1,0
6AAWDM84,10,1,1,0,2,1,1,0
6ABQPW9E,10,3,0,0,1,1,1,0
6ACGVDNI,13,1,2,0,2,1,1,1
6ACI5P4N,10,2,1,0,1,1,1,0
6A98AL65,10,2,1,0,1,1,1,0
6A8QCISV,10,2,0,0,2,1,1,0
6AD3MHBU,11,1,0,0,3,1,1,1
6A7TSZ6D,10,2,0,0,2,1,1,0
6A9I7M4L,10,1,1,0,1,1,1,0
6ACNK3TO,10,1,1,0,2,1,1,0
6ABNYLT4,12,1,0,0,3,1,1,1
6A994LTU,10,2,1,0,1,1,1,0
6A9OCX9L,10,2,0,0,1,1,1,0
6AA8WW67,10,1,1,0,1,1,1,0
6A8HAX56,10,2,0,0,2,1,1,0
6A8CL18K,10,2,1,0,1,1,1,0
6ABTIT7H,11,1,1,0,2,1,1,0
6A8IOTMK,10,1,2,0,1,1,1,0
6A9YPE85,10,1,0,0,3,1,1,0
6A8UVHUP,10,2,1,0,1,1,1,0
6A8JZW3W,11,2,0,0,2,1,1,1
6A9AXRHG,11,2,1,0,1,1,1,1
6A8EAQKF,10,2,1,0,1,1,1,0
6ACUVTPD,11,1,2,0,1,1,1,1
6AC2XKMG,10,2,1,0,1,1,1,0
6A91WK48,10,1,1,0,2,1,1,0
6ACZEGTJ,10,1,2,0,1,1,1,0
6AEKK153,10,1,2,0,1,1,1,0
6A9L855Q,12,1,2,0,1,1,1,0
6AD3D86V,12,1,1,0,3,1,1,0
6AD57I7K,10,2,0,0,1,1,1,0
6ACK4IG9,12,2,0,0,2,1,1,0
6A88WG43,11,1,2,0,1,1,1,1
6A7C9AQU,10,1,2,0,1,1,1,0
6AAOAT1B,10,1,2,0,1,1,1,0
6AD19WAF,10,1,1,0,2,1,1,0
6A9BUUQQ,10,1,2,0,1,1,1,0
6ABBB8BQ,12,2,1,0,2,1,1,0
6A9SF2K8,10,2,1,0,1,1,1,0
6A9U1PB4,10,2,0,0,2,1,1,0
6AE9MOJN,12,2,0,0,2,1,1,1
6A8PDTAM,10,2,1,0,1,1,1,0
6ACN1OS3,11,1,2,0,1,1,1,1
6AB3HKQR,12,1,2,0,1,1,1,2
6AAK785U,10,1,2,0,1,1,1,0
6A81KTK4,12,2,1,0,1,1,1,0
6A7LGZVO,10,1,1,0,2,1,1,0
6ADFXLNN,10,1,0,0,3,1,1,0
6A6F1H85,12,2,0,0,2,1,1,0
6A9C6GA1,12,1,1,0,2,1,1,0
6AC3LGI5,10,1,1,0,2,1,1,0
6A9MCMEH,11,1,0,0,3,1,1,1
6AFGRPOX,10,2,1,0,1,1,1,0
6ACYBBM8,10,2,1,0,1,1,1,0
6AAB2T6L,11,1,0,0,3,1,1,1
6AA7CVR8,10,3,0,0,1,1,1,0
6ACY3I3Q,10,1,2,0,1,1,1,0
6AAFV2F8,11,2,0,0,2,1,1,1
6AANMYDY,10,2,1,0,1,1,1,0
6ADV8G7O,11,1,2,0,1,1,1,0
6AD3MLUN,10,1,0,0,2,1,1,0
6ADBZWYP,12,2,0,0,2,1,1,2
6A9X9R4C,10,1,2,0,1,1,1,0
6A93P2T5,10,1,0,0,3,1,1,0
6A8L41E8,12,2,0,0,2,1,1,1
6AECT8OD,10,1,1,0,1,1,1,0
6AA3ANQ2,10,2,1,0,1,1,1,0
6AAQ21SO,11,2,0,0,2,1,1,0
6AC7BM1E,10,1,1,0,1,1,1,0
6ADH6FD6,10,1,1,0,2,1,1,0
6A98YX3I,10,1,2,0,1,1,1,0
6ABDKSKJ,10,1,0,0,3,1,1,0
6A8ZMXP5,12,2,1,0,1,1,1,2
6ADKM5QY,10,1,1,0,2,1,1,0
6ADKQKOO,10,2,1,0,1,1,1,0
6AAWDOXZ,10,1,2,0,1,1,1,0
6AA51SON,10,2,1,0,1,1,1,0
6A8V2KCB,10,2,1,0,1,1,1,0
6A7V7S2K,10,1,1,0,2,1,1,0
6AF25OJJ,12,1,1,0,3,1,1,0
6ABG63EZ,10,3,0,0,1,1,1,0
6A9X3QAN,10,2,0,0,1,1,1,0
6A9RI12P,11,1,0,0,2,1,1,1
6ADEO7J6,10,1,0,0,3,1,1,0
6ADRQC4C,13,1,1,0,3,1,1,1
6AAR3M64,10,1,2,0,1,1,1,0
6A8IQKKE,10,2,1,0,1,1,1,0
6A9KOSCW,10,2,0,0,1,1,1,0
6A8KJ238,10,2,0,0,2,1,1,0
6A9OHHWI,10,1,1,0,2,1,1,0
6ABDA2X7,10,3,0,0,1,1,1,0
6A9MZLXL,11,2,1,0,1,1,1,1
6ABRII8B,10,1,1,0,1,1,1,0
6AEL4TJA,11,1,2,0,1,1,1,1
6AAGED7E,11,2,0,0,2,1,1,0
6ACEQI8D,10,3,0,0,1,1,1,0
6AAK2OWM,10,2,1,0,1,1,1,0
6ABN2JYH,11,3,0,0,1,1,1,0
6ADQXPJ6,11,3,0,0,1,1,1,1
6AAL2OOO,10,2,1,0,1,1,1,0
6A8JYHOO,10,1,0,0,3,1,1,0
6A92OXZF,11,1,0,0,3,1,1,0
6AE68JOW,10,2,1,0,1,1,1,0
6A9FBLZJ,10,3,0,0,1,1,1,0
6AAFXRSA,10,1,2,0,1,1,1,0
6AC6YGAT,10,2,1,0,1,1,1,0
6AAGRZ45,10,1,1,0,1,1,1,0
6AG5MB1C,10,1,2,0,1,1,1,0
6AC9ERRK,10,2,0,0,1,1,1,0
6A7YTJLT,10,3,0,0,1,1,1,0
6AE85XA8,10,1,2,0,1,1,1,0
6ACNLIWV,12,2,0,0,2,1,1,1
6A9YNP1P,10,2,0,0,2,1,1,0
6A98GMZA,11,2,1,0,1,1,1,1
6AA7NGJX,10,1,1,0,2,1,1,0
6ADAKEEH,11,1,1,0,2,1,1,1
6AABMRVU,10,2,1,0,1,1,1,0
6ABX3Y9H,10,1,1,0,2,1,1,0
6AA99ZZI,10,2,0,0,1,1,1,0
6ABZVT75,10,1,2,0,1,1,1,0
6A8QZKZ6,10,2,0,0,2,1,1,0
6AEX24C2,10,2,0,0,2,1,1,0
6AACLEXQ,10,1,1,0,2,1,1,0
6AFJVG4L,10,2,1,0,1,1,1,0
6ADDNWSJ,10,3,0,0,1,1,1,0
6ABH1HJF,10,2,0,0,2,1,1,0
6AFL5RKJ,10,2,0,0,2,1,1,0
6AB1TN6F,13,2,1,0,2,1,1,1
6AAGWOBF,11,2,1,0,1,1,1,1
6ABDSENZ,11,1,1,0,2,1,1,1
6A919HJI,10,1,1,0,2,1,1,0
6A92OUSY,11,1,1,0,1,1,1,1
6A9KH33K,13,2,1,0,2,1,1,1
6AAVR93B,10,1,0,0,3,1,1,0
6AA1DJEN,12,2,1,0,2,1,1,0
6ABTZHV4,10,1,2,0,1,1,1,0
6AEC4YJ7,10,1,1,0,2,1,1,0
6AC3GYLC,13,1,1,0,2,1,1,1
6A6IE3MY,10,1,0,0,3,1,1,0
6AFMVUE7,10,2,1,0,1,1,1,0
6A7M3APZ,10,2,0,0,1,1,1,0
6A9NEBK6,10,1,1,0,1,1,1,0
6AD89JL4,12,3,0,0,2,1,1,0
6AB6GP5D,10,2,0,0,2,1,1,0
6ACE9IRM,12,2,0,0,3,1,1,0
6A9QL4YV,10,2,1,0,1,1,1,0
6ADESOJM,11,2,0,0,1,1,1,1
6AAHVC7Z,10,1,2,0,1,1,1,0
6AD6Q1MM,12,2,2,0,1,1,1,0
6ABWBJYU,12,2,1,0,2,1,1,0
6A762HHN,10,1,2,0,1,1,1,0
6AEP2IHA,10,2,0,0,2,1,1,0
6ABONXOY,13,2,1,0,2,1,1,1
6AEJ1HBN,10,1,1,0,2,1,1,0
6AAOMY4M,10,2,1,0,1,1,1,0
6AD54EVI,10,3,0,0,1,1,1,0
6A8K42ZO,11,1,2,0,1,1,1,1
6ABNNW9Y,10,1,2,0,1,1,1,0
6AB2S4FJ,10,2,1,0,1,1,1,0
6ABQAKP1,12,2,1,0,2,1,1,0
6AENY7XB,10,1,1,0,1,1,1,0
6AAIJ4ZM,10,2,1,0,1,1,1,0
6AAQH9KL,10,1,0,0,2,1,1,0
6AE2H69O,10,1,2,0,1,1,1,0
6AB1RYS5,10,2,1,0,1,1,1,0
6A9MQMUF,10,1,1,0,1,1,1,0
6A9PGA1A,10,2,1,0,1,1,1,0
6AB7F7RL,10,2,1,0,1,1,1,0
6AA8G5F3,13,3,1,0,1,1,1,1
6A6PPVG1,10,2,1,0,1,1,1,0
6ADACXPZ,12,1,1,0,3,1,1,0
6A9IOEK5,10,2,0,0,1,1,1,0
6AF435KI,13,2,2,0,1,1,1,1
6ACJC1E3,10,1,1,0,2,1,1,0
6AAMSY94,11,2,1,0,1,1,1,1
6AF22NVB,10,1,1,0,1,1,1,0
6A9OYICU,11,1,0,0,3,1,1,1
6AARS4I5,10,1,2,0,1,1,1,0
6AEX8CQN,10,1,0,0,2,1,1,0
6AELK8NK,11,2,1,0,1,1,1,0
6ACM34XW,11,2,1,0,1,1,1,1
6A97DHB7,10,2,1,0,1,1,1,0
6ADJB9AQ,10,1,1,0,2,1,1,0
6AEWHA73,10,1,2,0,1,1,1,0
6AB2ZZ86,12,1,1,0,3,1,1,0
6AAON4VO,10,1,1,0,1,1,1,0
6AD565C8,10,1,0,0,3,1,1,0
6A9U4SE4,10,2,0,0,2,1,1,0
6A9B537I,10,2,0,0,2,1,1,0
6ABNYHXO,12,1,3,0,1,1,1,0
6ABA87JO,10,2,0,0,1,1,1,0
6ABUCM2R,10,1,2,0,1,1,1,0
6AARCZEX,12,1,1,0,2,1,1,2
6AGEBG1C,10,2,0,0,2,1,1,0
6AA5DWJ7,13,2,0,0,1,1,1,2
6AANFHO6,10,2,0,0,2,1,1,0
6AEGO1OL,10,1,1,0,2,1,1,0
6AGVEA9U,10,2,1,0,1,1,1,0
6AH9BKX3,10,2,1,0,1,1,1,0
6AAWREJ3,10,1,1,0,2,1,1,0
6AA1GGP5,10,2,0,0,2,1,1,0
6ABGR91K,12,1,1,0,2,1,1,1
6AAMZ53O,11,2,0,0,2,1,1,1
6AB3QSMR,11,1,2,0,1,1,1,1
6AEWN6OA,10,1,2,0,1,1,1,0
6A6ZDOOH,11,1,1,0,1,1,1,1
6A6KVB3M,10,1,1,0,2,1,1,0
6AEIF3BA,10,1,2,0,1,1,1,0
6AEKXSHA,10,1,2,0,1,1,1,0
6AB2QNAX,10,2,1,0,1,1,1,0
6AA8QRXE,10,2,1,0,1,1,1,0
6A8LNU33,10,1,0,0,2,1,1,0
6ABMVETU,10,1,2,0,1,1,1,0
6ACSERE8,12,1,0,0,3,1,1,0
6A8SEBTD,10,2,0,0,2,1,1,0
6AC7ELPZ,10,1,2,0,1,1,1,0
6A9W256P,10,1,2,0,1,1,1,0
6AI1QJDJ,10,3,0,0,1,1,1,0
6AAVDD2A,10,2,1,0,1,1,1,0
6AF6FIO5,10,1,2,0,1,1,1,0
6AASCWMH,10,2,1,0,1,1,1,0
6AEP421L,10,2,1,0,1,1,1,0
6ABHMWDO,13,1,1,0,1,1,1,2
6AC1XMAI,10,1,1,0,2,1,1,0
6ABKE3IS,12,2,1,0,2,1,1,0
6AH4W6L7,10,1,1,0,2,1,1,0
6ADLZZ2Y,10,1,1,0,1,1,1,0
6AH2GKMG,11,3,0,0,1,1,1,1
6AEW878S,10,1,0,0,2,1,1,0
6AA8G581,12,2,1,0,2,1,1,0
6AFMMRLO,10,1,1,0,2,1,1,0
6ABCJ24D,10,1,1,0,1,1,1,0
6AB71DUU,12,2,1,0,1,1,1,1
6AE2H1G2,11,2,0,0,2,1,1,1
6AC9NYJK,11,3,0,0,1,1,1,1
6AD54GSE,10,3,0,0,1,1,1,0
6AALRCEE,10,1,1,0,2,1,1,0
6A6UKHZS,10,2,0,0,2,1,1,0
6AGSZ3QH,13,3,0,0,2,1,1,1
6AHCI5E6,11,1,1,0,2,1,1,0
6AG97P2Y,10,1,2,0,1,1,1,0
6A9DYFOO,10,2,0,0,2,1,1,0
6ABKH6KG,11,2,1,0,1,1,1,1
6AAZTASJ,11,1,1,0,2,1,1,0
6AFW4BZM,12,2,0,0,2,1,1,0
6A76HN1O,10,1,1,0,2,1,1,0
6A9KDZXH,11,2,0,0,2,1,1,1
6ABXJ8EW,10,1,1,0,2,1,1,0
6ACPZR8S,10,2,0,0,2,1,1,0
6AB7JXQ7,10,1,1,0,2,1,1,0
6AFYLGHC,11,1,2,0,1,1,1,0
6AA5FF5M,11,2,0,0,1,1,1,1
6AF7NF5E,10,1,0,0,3,1,1,0
6AF35RTV,10,3,0,0,1,1,1,0
6ABC3Y11,10,1,2,0,1,1,1,0
6AARFWAM,11,2,0,0,2,1,1,0
6ACJRC7H,10,3,0,0,1,1,1,0
6A8RS3O5,12,3,0,0,1,1,1,0
6AFC776M,10,1,1,0,1,1,1,0
6AEQPC9K,10,2,1,0,1,1,1,0
6ACMUMEL,11,2,1,0,1,1,1,1
6ABAV3NJ,11,1,0,0,3,1,1,1
6AC88I9X,10,1,2,0,1,1,1,0
6AAZ223T,10,2,0,0,1,1,1,0
6ACYFOX2,10,2,1,0,1,1,1,0
6AE4Y44Q,10,1,1,0,2,1,1,0
6A7YTNH7,10,1,0,0,2,1,1,0
6ABVWKYH,12,1,2,0,1,1,1,1
6A837AWA,10,1,1,0,2,1,1,0
6ACNXSGV,12,1,1,0,3,1,1,0
6AAEGZ72,10,1,2,0,1,1,1,0
6AHFQF5A,12,2,1,0,2,1,1,0
6AGBV5DR,10,3,0,0,1,1,1,0
6AHKYUYQ,13,2,2,0,1,1,1,1
6ABBCWI9,11,1,1,0,1,1,1,1
6AGXM5VQ,10,2,0,0,2,1,1,0
6AFHKEG7,10,1,0,0,3,1,1,0
6AEL1NFE,10,3,0,0,1,1,1,0
6AAZCHDZ,11,1,1,0,2,1,1,0
6AENQGE6,10,1,2,0,1,1,1,0
6ACXDYHW,11,1,1,0,1,1,1,1
6AENZMDE,10,2,1,0,1,1,1,0
6ADZDPLT,10,1,2,0,1,1,1,0
6ABEJFDM,10,2,0,0,2,1,1,0
6AJNDZ1H,13,2,1,0,2,1,1,0
6AD13WC1,12,1,0,0,2,1,1,2
6ABSOMQ6,10,1,1,0,1,1,1,0
6AEHO65C,11,1,2,0,1,1,1,0
6AB3CZBA,10,2,0,0,2,1,1,0
6AEGPA5U,12,1,1,0,3,1,1,0
6AFRKD17,10,1,0,0,3,1,1,0
6ACPIVC1,10,3,0,0,1,1,1,0
6ACEB1IG,12,1,2,0,2,1,1,0
6AB7FC6W,11,2,1,0,1,1,1,1
6AAQ9MS5,10,2,0,0,2,1,1,0
6ADDBS78,11,1,2,0,1,1,1,1
6AC194EP,10,1,1,0,1,1,1,0
6A9RPTQQ,10,2,1,0,1,1,1,0
6ACHA1VF,10,1,0,0,3,1,1,0
6ABEX95N,10,1,1,0,2,1,1,0
6ADU2DB8,10,2,0,0,2,1,1,0
6ACCAWKE,10,1,1,0,2,1,1,0
6AEACBY5,10,2,1,0,1,1,1,0
6AICG6EH,10,1,1,0,2,1,1,0
6AGHAL5Z,10,2,0,0,1,1,1,0
6AE7SKEV,10,1,2,0,1,1,1,0
6AAM4KGC,10,2,0,0,2,1,1,0
6AGL5661,12,2,1,0,1,1,1,0
6A8EXOZ5,10,3,0,0,1,1,1,0
6AD6MVV4,11,2,0,0,2,1,1,1
6AGJK3W9,10,1,1,0,1,1,1,0
6ABC3VOV,10,1,1,0,1,1,1,0
6AC76Z8A,11,1,0,0,3,1,1,1
6AC2AR2R,10,1,1,0,1,1,1,0
6AGGDDWI,11,3,0,0,1,1,1,1
6AEP3ZTJ,13,1,1,0,2,1,1,1
6AFM15GW,10,1,1,0,2,1,1,0
6ACVGQRV,10,1,0,0,2,1,1,0
6ACKXIKX,10,1,1,0,2,1,1,0
6ABATLBS,10,2,1,0,1,1,1,0
6AGBLWE5,10,2,0,0,2,1,1,0
6ADGN2II,10,1,1,0,1,1,1,0
6AD5MP71,10,2,0,0,2,1,1,0
6ACF22CU,11,1,1,0,1,1,1,1
6AJDXTFB,12,1,0,0,3,1,1,0
6AD5FCA7,10,1,2,0,1,1,1,0
6ACFTKC9,10,1,2,0,1,1,1,0
6ACRYMY9,13,1,0,0,4,1,1,1
6AE8U7MN,10,1,0,0,2,1,1,0
6ACB5XUV,11,2,0,0,2,1,1,0
6AHUX6RB,10,2,1,0,1,1,1,0
6AKOC1P3,11,1,0,0,3,1,1,0
6AH82E9Q,10,2,1,0,1,1,1,0
6AGIGVOQ,10,2,0,0,2,1,1,0
6A7R71WO,11,2,0,0,2,1,1,1
6ABN8EJL,10,2,0,0,2,1,1,0
6AAKX8KH,12,2,2,0,1,1,1,0
6AAAA8BH,12,2,0,0,3,1,1,0
6ADLZUE1,10,1,1,0,2,1,1,0
6AH9JGGF,11,2,0,0,2,1,1,1
6ACG6TOZ,10,2,1,0,1,1,1,0
6AGP8KF5,10,2,1,0,1,1,1,0
6AA2MSQY,12,2,1,0,1,1,1,0
6ABG4DT8,10,1,1,0,2,1,1,0
6AIKZS48,10,1,2,0,1,1,1,0
6ACJVMJ6,10,1,0,0,3,1,1,0
6AGP8V3D,10,2,1,0,1,1,1,0
6ACVLDFW,10,2,1,0,1,1,1,0
6AH8G47W,10,1,2,0,1,1,1,0
6AG2E71Q,10,2,0,0,1,1,1,0
6AC8X2EY,11,1,1,0,2,1,1,1
6AG8MQ7Y,12,1,0,0,4,1,1,0
6AFQFOUH,11,1,0,0,3,1,1,0
6AIRN4Z2,10,2,1,0,1,1,1,0
6ACQ5I1J,11,1,1,0,2,1,1,1
6AILY91W,10,2,0,0,1,1,1,0
6AFUM9NR,10,1,1,0,2,1,1,0
6ABOJGLW,11,1,0,0,2,1,1,0
6AABAGQ8,12,1,2,0,2,1,1,0
6AG1AYG3,10,2,0,0,2,1,1,0
6AMBR6DB,10,1,0,0,2,1,1,0
6AC4THC9,10,2,1,0,1,1,1,0
6ADIK4UQ,11,1,2,0,1,1,1,1
6AFHWOG3,10,1,1,0,2,1,1,0
6AE17SWD,11,1,0,0,3,1,1,1
6AGVH79X,10,3,0,0,1,1,1,0
6ACP5CMZ,10,1,2,0,1,1,1,0
6ADFUHRI,10,2,0,0,2,1,1,0
6ABWG3J7,10,1,1,0,1,1,1,0
6ABND3G4,10,1,1,0,2,1,1,0
6ACLPUNR,10,2,0,0,2,1,1,0
6ABMD4XJ,10,2,0,0,2,1,1,0
6ABW3T61,11,2,1,0,1,1,1,1
6AH21BIV,10,2,1,0,1,1,1,0
6AAIHR21,10,1,1,0,1,1,1,0
6AAJD2A9,10,3,0,0,1,1,1,0
6ABH63FY,10,2,0,0,2,1,1,0
6AGCCOR3,10,1,1,0,2,1,1,0
6AE3QHV6,10,1,0,0,3,1,1,0
6A8PZF1X,10,2,1,0,1,1,1,0
6AG5KRMP,10,1,1,0,1,1,1,0
6AHZWIWJ,12,2,2,0,1,1,1,0
6AB7Z5X3,10,2,1,0,1,1,1,0
6ACPP2BU,10,1,1,0,2,1,1,0
6ALU4SDD,10,1,1,0,2,1,1,0
6AELN5NL,11,1,2,0,1,1,1,1
6AHDT4IG,10,1,0,0,2,1,1,0
6AKH6CYS,11,1,1,0,2,1,1,0
6AIRIKKJ,10,1,2,0,1,1,1,0
6AF32VC3,10,1,0,0,3,1,1,0
6AH4DXVY,10,2,1,0,1,1,1,0
6AFD7JJF,10,1,0,0,3,1,1,0
6AFO1MBH,11,1,0,0,2,1,1,1
6AJGPBSU,10,1,0,0,2,1,1,0
6ABCELYN,10,1,1,0,2,1,1,0
6ACM647J,12,2,1,0,1,1,1,1
6AC9788J,12,2,1,0,2,1,1,0
6A88H6XT,11,1,1,0,2,1,1,1
6AC8NU5M,10,1,1,0,1,1,1,0
6AJRKVLU,11,1,1,0,1,1,1,1
6AF2MJ27,10,2,0,0,1,1,1,0
6AJD3HG2,10,1,2,0,1,1,1,0
6AFWALPV,10,2,0,0,1,1,1,0
6AGJ7W99,12,1,0,0,2,1,1,1
6AHPIW2Q,10,1,2,0,1,1,1,0
6AD38LZJ,10,1,1,0,2,1,1,0
6AC5E79I,10,1,2,0,1,1,1,0
6AHW312X,12,1,1,0,3,1,1,0
6AD7CGSI,11,1,2,0,1,1,1,1
6AGBY49V,11,1,2,0,1,1,1,1
6AKBHMZ7,11,1,1,0,2,1,1,1
6AD8N83H,12,1,1,0,2,1,1,2
6AC68792,10,2,1,0,1,1,1,0
6A8QZGFZ,10,2,1,0,1,1,1,0
6AGPD6J9,10,1,1,0,2,1,1,0
6AE78VKZ,10,1,0,0,3,1,1,0
6AL7ES7E,12,1,1,0,2,1,1,0
6ACDOTQ2,11,2,0,0,2,1,1,1
6AE1IFN1,13,1,3,0,1,1,1,1
6AC4CM1U,12,2,0,0,1,1,1,0
6A99AV66,10,1,0,0,2,1,1,0
6AFJ8BZW,10,3,0,0,1,1,1,0
6AE23B4H,10,2,0,0,2,1,1,0
6ABMHOGE,10,1,2,0,1,1,1,0
6AES1BLI,10,2,0,0,2,1,1,0
6AHTA51V,11,1,0,0,3,1,1,1
6AGG7DNV,12,1,1,0,3,1,1,0
6ACU4LDX,11,1,1,0,1,1,1,1
6AE5YGVQ,10,1,1,0,1,1,1,0
6A9FSL9G,10,3,0,0,1,1,1,0
6ADJQHS9,11,1,1,0,2,1,1,0
6ADDU5IH,11,1,2,0,1,1,1,1
6ACJSNCO,10,1,1,0,2,1,1,0
6ABFEYMC,10,1,2,0,1,1,1,0
6ALDLU1G,10,1,0,0,2,1,1,0
6AD4BUBP,11,1,2,0,1,1,1,1
6AE6M7YI,10,1,1,0,2,1,1,0
6AHJYSQN,11,1,1,0,1,1,1,0
6ADVJ8WB,11,2,1,0,1,1,1,0
6ABG4GKE,11,1,2,0,1,1,1,0
6ADMG9PH,10,1,1,0,1,1,1,0
6AJQD635,10,3,0,0,1,1,1,0
6AH2STFU,10,3,0,0,1,1,1,0
6ACXE6BK,10,1,1,0,1,1,1,0
6A9C82NZ,10,2,1,0,1,1,1,0
6AGYVF4J,10,1,1,0,1,1,1,0
6AHZ83X3,10,2,0,0,2,1,1,0
6AEQ5JU2,11,1,1,0,2,1,1,0
6ADFARXR,11,2,1,0,1,1,1,0
6AD1TWWQ,10,1,1,0,2,1,1,0
6AGUH1O4,10,1,2,0,1,1,1,0
6ALMCJSC,13,1,1,0,2,1,1,1
6ADTTQHT,10,3,0,0,1,1,1,0
6AF1MHFF,10,2,1,0,1,1,1,0
6ABYBOR3,10,1,1,0,2,1,1,0
6AG65LZ6,11,1,0,0,3,1,1,0
6AF57RQW,10,1,1,0,1,1,1,0
6AD73DSQ,10,1,1,0,2,1,1,0
6AILJ2W8,11,2,1,0,1,1,1,1
6ADD1578,10,1,2,0,1,1,1,0
6AF5346L,10,1,2,0,1,1,1,0
6ADGOFFK,10,1,0,0,3,1,1,0
6ACLC76R,10,1,1,0,2,1,1,0
6ALUURI5,10,1,1,0,2,1,1,0
6ADJLWGI,10,1,2,0,1,1,1,0
6AI8LO99,11,1,1,0,2,1,1,0
6AES5W7F,10,1,0,0,2,1,1,0
6AIPEZO8,10,2,0,0,2,1,1,0
6AKUBDRR,10,2,1,0,1,1,1,0
6ADR39JR,12,2,2,0,1,1,1,0
6AECH3CR,10,3,0,0,1,1,1,0
6AHWGW3O,10,2,0,0,1,1,1,0
6ADZ94U2,11,2,0,0,2,1,1,1
6A8VPHU4,12,2,2,0,1,1,1,0
6AD8FKJ3,10,1,2,0,1,1,1,0
6AF883BW,10,1,0,0,3,1,1,0
6AIM8HBR,10,1,1,0,1,1,1,0
6ACBC4Q3,11,2,1,0,1,1,1,1
6AJZG3Q5,10,1,1,0,1,1,1,0
6AELK5NT,10,1,2,0,1,1,1,0
6AFY1KSW,12,2,1,0,1,1,1,1
6AFNF6BU,11,2,1,0,1,1,1,0
6AFVMFJB,10,2,0,0,2,1,1,0
6ADUIXQL,10,1,0,0,2,1,1,0
6ADTV3HX,10,2,0,0,1,1,1,0
6ADWKVK7,11,1,0,0,3,1,1,0
6AJPKEXG,11,2,0,0,1,1,1,1
6AGOBQHQ,11,1,0,0,2,1,1,1
6AIBVDZ3,10,1,1,0,2,1,1,0
6ACZZNOP,10,2,0,0,2,1,1,0
6AD7IHSA,10,2,0,0,1,1,1,0
6AAH9P6S,10,1,2,0,1,1,1,0
6AI5GNEJ,10,2,1,0,1,1,1,0
6AIZ2UYJ,10,1,2,0,1,1,1,0
6AATHXO3,10,1,2,0,1,1,1,0
6AEOHGU1,11,2,1,0,1,1,1,0
6ABL8B3M,11,1,2,0,1,1,1,1
6AI4VN7N,10,2,1,0,1,1,1,0
6AF8WJB1,13,1,2,0,1,1,1,1
6AC5TGV7,11,2,1,0,1,1,1,1
6AJE8AHB,10,1,1,0,2,1,1,0
6ADFF8OW,12,2,1,0,1,1,1,2
6AE8BRLU,10,1,1,0,2,1,1,0
6ADMVP9L,11,2,0,0,2,1,1,1
6AIL3PDD,11,2,1,0,1,1,1,1
6AKQCIKZ,10,2,1,0,1,1,1,0
6AICG299,10,3,0,0,1,1,1,0
6AJ7132T,10,2,0,0,1,1,1,0
6AD1X14F,10,2,1,0,1,1,1,0
6AHJKY3C,10,2,0,0,2,1,1,0
6AE6D1G3,10,1,2,0,1,1,1,0
6AIX5KZ6,10,1,1,0,2,1,1,0
6AJKPRQL,10,2,0,0,2,1,1,0
6ABQSVRC,10,2,1,0,1,1,1,0
6ADDVM14,12,2,1,0,2,1,1,0
6AFSHJ69,12,1,0,0,4,1,1,0
6ADCSCXR,10,1,1,0,2,1,1,0
6ADF1KPV,10,2,1,0,1,1,1,0
6AIWBIF8,10,1,2,0,1,1,1,0
6AEOV6P5,11,1,1,0,1,1,1,1
6AJIVSNM,10,1,1,0,2,1,1,0
6ABQ2ZC2,12,1,2,0,2,1,1,0
6ADPAQZ6,10,2,1,0,1,1,1,0
6AJ2IJMC,11,1,0,0,3,1,1,1
6AFSIUAA,13,2,1,0,1,1,1,2
6AB9JYUK,10,3,0,0,1,1,1,0
6ADTNLFU,11,1,2,0,1,1,1,1
6ACVZ1QO,10,3,0,0,1,1,1,0
6AEP415Q,10,2,1,0,1,1,1,0
6AGUQ78U,10,2,0,0,2,1,1,0
6AEZNP32,10,2,1,0,1,1,1,0
6AGEMC6T,10,1,1,0,2,1,1,0
6AHF5593,12,2,0,0,2,1,1,1
6AFIHDKX,11,3,0,0,1,1,1,1
6ADN19XZ,10,1,1,0,2,1,1,0
6AG3BBC9,10,2,1,0,1,1,1,0
6ALUULS6,11,3,0,0,1,1,1,1
6ADLM6AU,10,1,0,0,2,1,1,0
6ADVD7UJ,10,1,1,0,2,1,1,0
6AEKN5Q4,10,2,1,0,1,1,1,0
6AOYUZQZ,12,3,0,0,1,1,1,0
6ADIY4JQ,10,1,1,0,2,1,1,0
6AEYOZW5,10,1,1,0,2,1,1,0
6AFUYI1Q,10,2,0,0,2,1,1,0
6AGWBATH,10,2,0,0,2,1,1,0
6AG7I2M5,10,2,1,0,1,1,1,0
6ABXBN88,12,2,2,0,1,1,1,0
6AHQHG7O,10,1,0,0,2,1,1,0
6AGMS6FZ,10,2,0,0,2,1,1,0
6AE6EU2T,10,2,1,0,1,1,1,0
6AH723FT,12,1,2,0,2,1,1,0
6ABSUUE9,10,3,0,0,1,1,1,0
6ADPPUOG,11,1,1,0,2,1,1,1
6ACLZA9E,10,1,0,0,3,1,1,0
6AEZBEXL,10,1,2,0,1,1,1,0
6AE3LSE7,12,1,2,0,1,1,1,0
6AKIIU8G,10,2,1,0,1,1,1,0
6ADMVGAR,11,1,1,0,2,1,1,0
6AD87YQC,10,2,0,0,1,1,1,0
6AFFQ3AW,10,1,1,0,1,1,1,0
6AK3YYBU,10,2,1,0,1,1,1,0
6AK99PN7,11,2,0,0,2,1,1,1
6AEV4XGQ,10,1,1,0,1,1,1,0
6A9D581W,10,1,1,0,2,1,1,0
6AFFONAO,10,1,0,0,3,1,1,0
6AG648N9,10,2,1,0,1,1,1,0
6AJ9EYRT,10,2,0,0,1,1,1,0
6AFLDE7H,10,2,0,0,2,1,1,0
6ADU88XY,10,2,0,0,2,1,1,0
6AHZXXOT,10,1,2,0,1,1,1,0
6AFW2QOR,10,3,0,0,1,1,1,0
6AC11H2R,12,2,0,0,3,1,1,0
6AHJ48IE,10,2,1,0,1,1,1,0
6ADV6UXC,12,1,0,0,3,1,1,0
6AFKVDTZ,10,1,1,0,2,1,1,0
6AHXIN2I,10,1,1,0,2,1,1,0
6AJPPAKE,10,2,0,0,1,1,1,0
6AF7EBNP,10,2,0,0,1,1,1,0
6ADIOV8W,10,2,1,0,1,1,1,0
6AG3J47M,10,1,1,0,1,1,1,0
6A9UIKP7,10,1,1,0,2,1,1,0
6AF34EGZ,10,3,0,0,1,1,1,0
6AGR619Y,11,1,1,0,2,1,1,0
6AEUIA1I,11,2,1,0,1,1,1,1
6ALAPXQ1,10,1,2,0,1,1,1,0
6AF6TB23,10,1,1,0,2,1,1,0
6AJU1KY3,10,1,1,0,2,1,1,0
6AG1B9A4,11,2,0,0,2,1,1,1
6AE7SMMN,10,2,1,0,1,1,1,0
6AEVIFIQ,10,2,1,0,1,1,1,0
6AFEF7GE,10,2,0,0,1,1,1,0
6AEJGNKU,10,1,1,0,2,1,1,0
6AH2C9XZ,10,2,0,0,1,1,1,0
6AFUHQCS,10,1,1,0,2,1,1,0
6AO5K9AJ,12,2,1,0,1,1,1,1
6AIM3UP3,10,1,1,0,1,1,1,0
6AEZHQ1U,10,2,1,0,1,1,1,0
6AB5SK64,11,1,0,0,3,1,1,1
6AGOSKC2,10,2,1,0,1,1,1,0
6AEFTRTR,10,1,1,0,1,1,1,0
6ABN8KD5,10,1,1,0,1,1,1,0
6ALEWWSZ,10,2,1,0,1,1,1,0
6AIXU5EX,10,1,2,0,1,1,1,0
6AFHHAXR,10,2,0,0,2,1,1,0
6AIWTSCX,10,1,1,0,2,1,1,0
6AE65F9O,10,2,0,0,2,1,1,0
6AMVX6YS,10,3,0,0,1,1,1,0
6AC3XZID,10,1,0,0,2,1,1,0
6AKLHWAM,10,1,1,0,2,1,1,0
6AGM9PUY,14,2,2,0,1,1,1,0
6ADZMTFQ,11,2,0,0,2,1,1,1
6AJZKNWI,10,1,1,0,1,1,1,0
6AJ8VSGX,10,1,1,0,2,1,1,0
6AFUA4UE,11,1,2,0,1,1,1,0
6AAIVIAI,12,2,1,0,1,1,1,0
6AHRVDNN,10,1,2,0,1,1,1,0
6ADHTDMF,10,1,1,0,2,1,1,0
6AFPCF7Q,10,1,0,0,2,1,1,0
6AOWLIUR,10,1,1,0,2,1,1,0
6ACF1Y9D,10,1,1,0,2,1,1,0
6AGFX14L,10,2,0,0,2,1,1,0
6AFRLT3S,10,1,2,0,1,1,1,0
6AMX1FD4,12,2,1,0,2,1,1,0
6AIXMEE3,10,2,1,0,1,1,1,0
6AFUHWX5,10,2,1,0,1,1,1,0
6AFQOT7F,10,2,0,0,2,1,1,0
6AF1VIAH,10,2,0,0,1,1,1,0
6AM73O5W,10,3,0,0,1,1,1,0
6AG4KSG8,10,1,1,0,1,1,1,0
6ABXU62J,11,1,1,0,1,1,1,1
6ABY1A2U,10,1,1,0,2,1,1,0
6ALZ3X83,12,1,1,0,3,1,1,0
6AKR3C6K,12,2,2,0,1,1,1,0
6AM4RLDV,10,1,2,0,1,1,1,0
6ADGQ27B,10,1,2,0,1,1,1,0
6AFVDD26,10,1,2,0,1,1,1,0
6AM73O2H,12,3,0,0,1,1,1,0
6AFT5JFY,10,1,1,0,1,1,1,0
6AJJGPAR,10,2,0,0,2,1,1,0
6AGDD2JL,12,3,1,0,1,1,1,0
6AABSPQ6,11,1,1,0,1,1,1,1
6AGLRW12,10,2,0,0,1,1,1,0
6AB91WH5,10,1,1,0,1,1,1,0
6AEVTF1Z,10,3,0,0,1,1,1,0
6AC2AWCX,10,2,1,0,1,1,1,0
6AL2UUAA,10,1,2,0,1,1,1,0
6AK6OJBA,10,1,0,0,3,1,1,0
6AKBG6P9,12,1,2,0,2,1,1,0
6AL4TVRY,11,1,1,0,2,1,1,1
6AH3PYWA,10,1,0,0,3,1,1,0
6AHNZFCO,11,2,0,0,1,1,1,1
6ABVFVJD,10,2,0,0,2,1,1,0
6AE94KTD,10,1,1,0,2,1,1,0
6AF69EHB,10,2,1,0,1,1,1,0
6ADHFJ81,10,2,1,0,1,1,1,0
6AH293X7,12,2,0,0,2,1,1,0
6AFGZELC,10,1,2,0,1,1,1,0
6AKP648L,10,2,0,0,2,1,1,0
6AHE1TZL,11,1,0,0,3,1,1,0
6AIPSQUL,10,1,0,0,2,1,1,0
6AKPXPQD,10,1,1,0,2,1,1,0
6AI6JNEY,10,2,0,0,2,1,1,0
6ALDKH19,10,1,2,0,1,1,1,0
6AD9NGCM,10,1,1,0,2,1,1,0
6AEXCVYI,10,1,1,0,2,1,1,0
6ADQJTK1,10,2,1,0,1,1,1,0
6ADL5HGJ,12,1,1,0,2,1,1,2
6ALE89XG,10,1,1,0,2,1,1,0
6AI4A97N,11,2,0,0,2,1,1,1
6AKWDCJ8,10,1,2,0,1,1,1,0
6AHX3D3Q,10,2,0,0,1,1,1,0
6AEK7TBV,10,2,0,0,2,1,1,0
6AC43DT9,10,2,1,0,1,1,1,0
6AEQR3CN,10,2,1,0,1,1,1,0
6AF7Y7AU,12,1,1,0,2,1,1,0
6AFLU4AL,12,3,1,0,1,1,1,0
6AF9M923,10,1,1,0,1,1,1,0
6AEOQJ9S,12,2,1,0,2,1,1,0
6ABOBMLI,10,1,0,0,3,1,1,0
6AIB6UII,12,1,3,0,1,1,1,0
6AMRFQIN,11,1,1,0,2,1,1,0
6AF66FOC,10,3,0,0,1,1,1,0
6AENLXJ7,12,1,1,0,1,1,1,2
6AJJJIAW,10,2,0,0,2,1,1,0
6AKHE76U,10,1,2,0,1,1,1,0
6AGPD6WY,10,1,0,0,3,1,1,0
6AE4S5GJ,11,2,0,0,1,1,1,1
6AC1YY5J,10,1,0,0,2,1,1,0
6AK5IGKK,13,1,2,0,2,1,1,1
6AHHNHLL,15,3,0,0,3,1,1,1
6AMPZCZ7,10,2,0,0,2,1,1,0
6AFS23NX,10,1,1,0,1,1,1,0
6AFY1MJH,10,2,0,0,1,1,1,0
6AE21Z1J,12,2,1,0,2,1,1,0
6AI474CV,10,1,1,0,1,1,1,0
6AEII1EE,12,2,1,0,2,1,1,0
6AMTWWVK,10,2,0,0,2,1,1,0
6AGIIFSY,12,2,2,0,1,1,1,0
6AHHYEJY,12,1,2,0,1,1,1,1
6AGAFIK3,10,1,0,0,2,1,1,0
6AMAD5EY,10,1,1,0,2,1,1,0
6AFANP5K,12,1,1,0,2,1,1,0
6AGB1WJ1,10,2,0,0,1,1,1,0
6AE2K372,10,2,1,0,1,1,1,0
6AL964Y6,10,2,0,0,1,1,1,0
6AF34I1C,11,1,2,0,1,1,1,1
6AHVXHJJ,10,1,1,0,2,1,1,0
6AGA9FPU,10,1,2,0,1,1,1,0
6APDX1F6,11,3,0,0,1,1,1,1
6AB837JG,10,1,1,0,2,1,1,0
6AFTZVSN,12,2,0,0,3,1,1,0
6ACGY79Z,10,2,0,0,2,1,1,0
6AMJZVN6,10,1,1,0,1,1,1,0
6AOUAENZ,10,1,2,0,1,1,1,0
6AH8SF6U,10,2,1,0,1,1,1,0
6AH8TVQP,12,1,2,0,1,1,1,1
6AG5QTXS,11,1,1,0,1,1,1,1
6AN284ZE,10,3,0,0,1,1,1,0
6ALQ8MZS,11,1,2,0,1,1,1,1
6AKJTJ1R,10,1,0,0,3,1,1,0
6AIB3R9B,10,1,2,0,1,1,1,0
6AN72SG7,10,1,1,0,2,1,1,0
6AM9NPOY,10,2,1,0,1,1,1,0
6AM6TFY1,10,1,1,0,2,1,1,0
6AEQVFW8,16,1,4,0,1,1,1,2
6AIAQHQ2,12,2,2,0,1,1,1,0
6AGBTB43,10,1,1,0,2,1,1,0
6AFDMOK2,10,2,0,0,2,1,1,0
6AEMLUZE,10,2,1,0,1,1,1,0
6AHP6KCT,11,2,1,0,1,1,1,0
6AE8L7XI,11,1,1,0,2,1,1,1
6AK7K46F,10,2,0,0,2,1,1,0
6AQGYJTS,10,1,2,0,1,1,1,0
6AFSJ47V,10,1,2,0,1,1,1,0
6AQIGISD,10,2,0,0,1,1,1,0
6AJQKUGE,11,1,1,0,2,1,1,1
6AGI7GSR,10,1,1,0,2,1,1,0
6ALBH1PB,10,3,0,0,1,1,1,0
6AM1I3AB,11,2,0,0,1,1,1,1
6AE4CYHK,10,1,1,0,2,1,1,0
6APH66HW,12,2,1,0,1,1,1,0
6AI8E11K,12,2,1,0,2,1,1,0
6AEMIQ1H,11,1,1,0,1,1,1,1
6AHOZGC3,11,1,2,0,1,1,1,0
6AHFZIAQ,10,2,0,0,2,1,1,0
6AKCKVJ2,10,1,0,0,3,1,1,0
6AIVFZBC,11,1,2,0,1,1,1,1
6AJ7VD4N,11,1,0,0,2,1,1,1
6AGRI58O,10,2,1,0,1,1,1,0
6AGPSK2V,12,2,2,0,1,1,1,0
6AJ5B7YI,13,2,1,0,1,1,1,1
6AGOSJOO,10,1,1,0,1,1,1,0
6AHRSCDC,10,3,0,0,1,1,1,0
6AH1VREF,10,1,1,0,2,1,1,0
6AH2ODEU,10,1,2,0,1,1,1,0
6AKUD46P,10,1,0,0,2,1,1,0
6ALM7XLI,12,2,1,0,2,1,1,0
6AGS63ZS,11,2,1,0,1,1,1,0
6ADVYI92,12,2,0,0,3,1,1,0
6AHNJZUC,10,1,2,0,1,1,1,0
6AFX7LFS,10,1,0,0,3,1,1,0
6AFRH5ZK,10,2,0,0,1,1,1,0
6AHL8V5E,10,2,1,0,1,1,1,0
6ALUXXYV,12,3,1,0,1,1,1,0
6AM7OW1R,11,2,1,0,1,1,1,0
6AO8X3LK,10,2,1,0,1,1,1,0
6ADWVKOX,12,1,1,0,1,1,1,2
6ADX167W,12,2,1,0,1,1,1,0
6ALIJUD3,12,2,1,0,2,1,1,0
6AJ5KGJL,10,2,1,0,1,1,1,0
6AD7RUYU,10,2,0,0,2,1,1,0
6AGPPIA7,10,1,1,0,1,1,1,0
6AM6UTR1,10,3,0,0,1,1,1,0
6AP32HB8,11,1,0,0,3,1,1,1
6AG36W75,12,1,0,0,3,1,1,0
6AKYZ4WT,11,1,2,0,1,1,1,1
6AE2LOOV,10,1,2,0,1,1,1,0
6AGNVH69,10,1,0,0,3,1,1,0
6AJT2VQO,10,2,1,0,1,1,1,0
6AGKOR1U,10,1,0,0,3,1,1,0
6AI74OMZ,10,1,1,0,2,1,1,0
6AKAM3V4,10,2,0,0,2,1,1,0
6ABSAWGQ,10,2,1,0,1,1,1,0
6ANAOPWO,10,1,0,0,3,1,1,0
6AIV3SGQ,11,2,0,0,2,1,1,1
6AIAZLWL,10,2,0,0,1,1,1,0
6AL9ASLF,10,2,1,0,1,1,1,0
6AG3NQB6,10,2,0,0,1,1,1,0
6AHHJ2H3,12,1,2,0,2,1,1,0
6AHUDL1N,11,2,0,0,2,1,1,0
6ALV1U8D,10,1,1,0,2,1,1,0
6AEUQ2TS,10,1,0,0,2,1,1,0
6AQ68EBO,10,2,1,0,1,1,1,0
6ALCEC1D,10,1,0,0,3,1,1,0
6AIJE7IS,10,2,0,0,2,1,1,0
6AH8D2XS,10,2,0,0,1,1,1,0
6AH2C2IX,11,1,1,0,2,1,1,1
6AHCLEX9,11,1,2,0,1,1,1,0
6AB3QTCX,10,2,0,0,2,1,1,0
6AH63PC6,10,1,0,0,3,1,1,0
6AMIKHFA,10,2,0,0,2,1,1,0
6AMXMVKU,11,1,1,0,2,1,1,0
6AKL43HB,10,1,0,0,2,1,1,0
6AIFI9X7,10,1,0,0,3,1,1,0
6AI4JHDT,11,2,1,0,1,1,1,1
6AN9N13Q,12,1,0,0,3,1,1,0
6AGB4ZXJ,12,3,1,0,1,1,1,0
6ACCGTPV,10,3,0,0,1,1,1,0
6AHF6EA6,11,1,0,0,3,1,1,0
6ALMZPXQ,10,2,1,0,1,1,1,0
6AHYQDM6,10,2,0,0,1,1,1,0
6AIQUDDW,10,2,0,0,2,1,1,0
6AFK11YT,10,1,1,0,2,1,1,0
6AN547U1,12,1,0,0,4,1,1,0
6AN153K1,10,1,1,0,2,1,1,0
6AOR3X1P,10,1,1,0,1,1,1,0
6AI42OQO,10,2,0,0,2,1,1,0
6AHPKG3V,12,2,2,0,1,1,1,0
6AFX7KRA,10,2,0,0,2,1,1,0
6AMXAOLC,10,2,1,0,1,1,1,0
6AGNIXUV,12,1,2,0,1,1,1,1
6AHPIPAJ,10,1,1,0,2,1,1,0
6ALS7K6O,10,3,0,0,1,1,1,0
6AGMBEVX,10,2,1,0,1,1,1,0
6AJIO749,13,2,1,0,2,1,1,1
6AF1JE7J,10,1,2,0,1,1,1,0
6AJ3ZLET,11,1,1,0,2,1,1,1
6AKOMXUU,11,2,1,0,1,1,1,1
6APM3VPT,10,1,2,0,1,1,1,0
6AOUBV16,10,1,2,0,1,1,1,0
6AJ14MHW,10,1,1,0,2,1,1,0
6APQANNI,11,1,1,0,2,1,1,1
6ADRW7V8,12,1,2,0,2,1,1,0
6AHG9VVW,11,1,2,0,1,1,1,1
6AI3EKJ5,10,1,2,0,1,1,1,0
6ALB7YE9,10,1,0,0,3,1,1,0
6AITITJX,11,3,0,0,1,1,1,1
6AIQDRLJ,10,2,1,0,1,1,1,0
6APUHCKC,10,3,0,0,1,1,1,0
6AHO4SPM,11,2,0,0,1,1,1,1
6AGVWJUC,10,1,1,0,2,1,1,0
6ADO4JAI,11,1,2,0,1,1,1,1
6AKU5JPB,10,1,2,0,1,1,1,0
6ALCZGR8,13,2,1,0,2,1,1,1
6AJ8JIDK,10,1,0,0,3,1,1,0
6ADZJU16,10,2,1,0,1,1,1,0
6AHM7NF3,10,1,1,0,1,1,1,0
6ANPPIMU,11,1,1,0,1,1,1,1
6AIFGGSJ,10,1,0,0,3,1,1,0
6ABTH5GS,10,1,1,0,2,1,1,0
6AIVP69B,10,1,0,0,2,1,1,0
6AQLFIOF,11,1,1,0,1,1,1,0
6AK9WK3F,11,1,2,0,1,1,1,0
6ALI1BDK,10,1,1,0,2,1,1,0
6AHSYEVG,11,1,0,0,3,1,1,1
6AF8LVUS,10,1,2,0,1,1,1,0
6AKEAF9V,12,1,0,0,3,1,1,1
6AHQQK1F,10,1,1,0,2,1,1,0
6AR4AMDB,10,2,1,0,1,1,1,0
6AI2BLUG,10,1,0,0,3,1,1,0
6AJS4CU5,12,2,1,0,1,1,1,1
6AP5XB7X,11,1,2,0,1,1,1,0
6AP6DL7D,10,1,1,0,2,1,1,0
6AJXH692,10,1,0,0,3,1,1,0
6ANHMV3S,10,2,0,0,2,1,1,0
6AETFDU6,10,1,1,0,1,1,1,0
6AJF9XMK,10,3,0,0,1,1,1,0
6AIYU86P,10,1,0,0,2,1,1,0
6AFHWL3B,10,2,0,0,2,1,1,0
6AHRKMEW,11,1,1,0,1,1,1,1
6ANO2KHH,10,1,1,0,1,1,1,0
6AP3U6AT,11,1,0,0,2,1,1,1
6AS4ZYOY,13,1,1,0,2,1,1,2
6AJF29OJ,11,1,2,0,1,1,1,1
6ALD9MRE,10,2,1,0,1,1,1,0
6AHKABZZ,10,2,1,0,1,1,1,0
6AHY81TK,10,1,2,0,1,1,1,0
6AJGSEN3,10,2,1,0,1,1,1,0
6AGS67R4,12,1,3,0,1,1,1,0
6AOXAYM3,10,1,0,0,3,1,1,0
6AGZI2JX,10,1,0,0,3,1,1,0
6AHBL36X,10,2,1,0,1,1,1,0
6AGIXJFD,10,2,1,0,1,1,1,0
6AER7BHA,12,2,1,0,1,1,1,0
6AIEU7UQ,10,2,1,0,1,1,1,0
6AHTBX2P,11,1,1,0,1,1,1,0
6AGHMNZN,12,1,1,0,2,1,1,0
6AIQOAZ2,10,3,0,0,1,1,1,0
6AGP78IC,10,2,0,0,2,1,1,0
6AHSNSNS,11,2,0,0,2,1,1,1
6AHXLK5S,10,2,0,0,2,1,1,0
6AI3YIB9,11,1,2,0,1,1,1,1
6AHTQVIG,12,3,1,0,1,1,1,0
6ALVLOI4,12,3,1,0,1,1,1,0
6ADA541K,11,1,0,0,3,1,1,1
6AJ3UXKH,10,2,0,0,1,1,1,0
6AJQNON5,10,2,0,0,1,1,1,0
6AG9AOGG,10,1,0,0,2,1,1,0
6AJX21TH,10,1,0,0,3,1,1,0
6AHTES6S,10,1,2,0,1,1,1,0
6ANEU4B4,10,1,1,0,2,1,1,0
6AP952C2,10,2,0,0,1,1,1,0
6AGVTHRD,10,1,0,0,3,1,1,0
6AH3AUU6,10,2,1,0,1,1,1,0
6AJKDOGY,13,3,0,0,2,1,1,1
6AGLIWTP,11,1,1,0,2,1,1,0
6AJSRA7B,10,1,1,0,1,1,1,0
6AGRAHOK,10,2,0,0,2,1,1,0
6AFQLNJR,10,2,0,0,1,1,1,0
6AE8VYHA,10,2,0,0,1,1,1,0
6AIFSQDD,11,1,0,0,3,1,1,0
6ALOWPLB,11,1,1,0,2,1,1,1
6AJH5PE2,10,2,0,0,2,1,1,0
6AFFORRR,10,1,1,0,1,1,1,0
6APPF9PX,10,2,0,0,2,1,1,0
6AI19XEO,10,1,0,0,2,1,1,0
6ALXYB16,11,2,0,0,2,1,1,1
6AEBUW8J,10,2,1,0,1,1,1,0
6AJVRQM9,10,2,1,0,1,1,1,0
6AFQLRH7,10,1,0,0,2,1,1,0
6AJSXB8D,12,3,1,0,1,1,1,0
6AJIXAD5,10,2,1,0,1,1,1,0
6AFNZ3EX,11,1,2,0,1,1,1,0
6AJB1FAP,10,2,0,0,2,1,1,0
6AN6929P,11,1,0,0,3,1,1,1
6AI77R6P,11,1,0,0,3,1,1,0
6AGFPDRK,10,2,1,0,1,1,1,0
6AGV7ZWU,10,1,1,0,2,1,1,0
6AEQD6SP,10,1,0,0,2,1,1,0
6AFVDETX,10,2,1,0,1,1,1,0
6ANND6JR,12,2,1,0,1,1,1,0
6AMZNA2F,10,2,1,0,1,1,1,0
6AMNMQYN,10,3,0,0,1,1,1,0
6AOC1G2J,10,2,0,0,2,1,1,0
6AL571DE,10,1,0,0,3,1,1,0
6AI6FB9B,10,1,2,0,1,1,1,0
6AI1891B,10,1,1,0,2,1,1,0
6AJUMRDE,10,1,2,0,1,1,1,0
6ADFUHAC,13,2,1,0,2,1,1,1
6AMUBWJ2,10,2,1,0,1,1,1,0
6ACEWDD1,10,2,1,0,1,1,1,0
6AHA8QP1,10,1,2,0,1,1,1,0
6AIWSEJO,12,1,1,0,3,1,1,0
6AGLRU41,10,1,1,0,2,1,1,0
6AMELJT7,12,2,0,0,2,1,1,0
6AGUZJ1F,10,2,1,0,1,1,1,0
6AOMUHKT,10,2,0,0,2,1,1,0
6AICD268,13,2,0,0,3,1,1,1
6AQXRVWL,11,2,1,0,1,1,1,0
6ACYOYAS,10,1,2,0,1,1,1,0
6AOOFLT4,10,1,1,0,2,1,1,0
6AKYSXE1,10,2,1,0,1,1,1,0
6AQZM3UZ,10,2,1,0,1,1,1,0
6AKOL6X6,10,1,0,0,3,1,1,0
6AJK63F2,10,2,1,0,1,1,1,0
6AHF6H5J,10,1,2,0,1,1,1,0
6AMHIS3Y,10,2,1,0,1,1,1,0
6AGYX48A,11,2,1,0,1,1,1,0
6ALXHLN8,10,2,0,0,1,1,1,0
6APSKAFP,11,2,1,0,1,1,1,1
6AM5DT5H,10,1,2,0,1,1,1,0
6AKIHAV6,11,1,2,0,1,1,1,1
6ACM68HE,12,1,1,0,2,1,1,1
6AN8F9XL,11,1,1,0,1,1,1,0
6AICG367,13,3,0,0,2,1,1,1
6AJEY9IT,12,1,2,0,1,1,1,0
6AIHW6K7,11,1,2,0,1,1,1,0
6ANOX3V9,11,1,1,0,1,1,1,1
6AHTDE8Y,10,2,1,0,1,1,1,0
6AF38XH6,10,1,0,0,3,1,1,0
6ALLCN2N,11,1,1,0,1,1,1,0
6AJMN8TW,10,2,1,0,1,1,1,0
6ANNZW1L,12,1,0,0,4,1,1,0
6APTV6G8,10,2,1,0,1,1,1,0
6AMLR7ED,10,1,0,0,3,1,1,0
6AJZNKNQ,10,2,0,0,2,1,1,0
6AME2ZET,11,3,0,0,1,1,1,0
6AJWE15S,10,1,1,0,1,1,1,0
6AQL96SB,11,2,0,0,1,1,1,1
6ADNMPU5,10,2,0,0,2,1,1,0
6AQ7JA3W,13,2,1,0,2,1,1,0
6ALO58IU,10,1,1,0,2,1,1,0
6ADBD7JZ,11,1,0,0,3,1,1,0
6APEYRC4,10,2,0,0,1,1,1,0
6AOWFEJ6,10,2,1,0,1,1,1,0
6ATMZ3P5,10,1,2,0,1,1,1,0
6AKQAZJP,10,2,1,0,1,1,1,0
6AIV3SC6,10,1,1,0,2,1,1,0
6AGNG2Y3,11,1,1,0,2,1,1,1
6AEISMQJ,10,1,1,0,2,1,1,0
6AODN7CU,10,1,2,0,1,1,1,0
6ADCGAXZ,12,2,2,0,1,1,1,0
6ANFI3YF,10,1,1,0,2,1,1,0
6APBTUIF,10,1,1,0,1,1,1,0
6AOPE7KQ,10,3,0,0,1,1,1,0
6AIJFLL8,12,3,1,0,1,1,1,0
6AO6FUEM,10,1,2,0,1,1,1,0
6AJLW1O7,13,3,0,0,2,1,1,1
6AIJINVW,11,1,0,0,2,1,1,1
6AMV46J9,10,1,1,0,2,1,1,0
6AJB65OZ,12,2,2,0,1,1,1,0
6AHWAT1L,10,2,0,0,1,1,1,0
6AJEFRZN,10,1,0,0,3,1,1,0
6AQD84VA,11,1,0,0,3,1,1,0
6AK37DEE,11,3,0,0,1,1,1,0
6AN3WXMU,10,1,0,0,2,1,1,0
6AKZGVKC,11,1,2,0,1,1,1,1
6AHPLV11,10,3,0,0,1,1,1,0
6AH4TE2E,10,3,0,0,1,1,1,0
6ALBWI9J,10,3,0,0,1,1,1,0
6AO4THSK,11,2,0,0,2,1,1,0
6ARMBQN6,10,2,0,0,2,1,1,0
6AQUW82W,11,1,1,0,1,1,1,0
6AFTBI9B,12,1,0,0,3,1,1,1
6APCKX5I,12,1,1,0,3,1,1,0
6AKTP9PA,14,4,1,0,1,1,1,0
6AQJRDJH,10,1,0,0,2,1,1,0
6AJ63TJQ,10,1,1,0,2,1,1,0
6AJ8BMAV,10,2,1,0,1,1,1,0
6AM7TOM6,10,2,0,0,2,1,1,0
6AHW7K34,11,1,1,0,2,1,1,0
6AI1HJNH,10,1,0,0,3,1,1,0
6APMKV7U,10,2,1,0,1,1,1,0
6ARXL4IZ,10,2,0,0,1,1,1,0
6AHMT2K2,10,1,1,0,1,1,1,0
6ALIPY3F,11,2,0,0,2,1,1,0
6AEU9F7P,10,1,0,0,3,1,1,0
6AP64O59,12,2,2,0,1,1,1,0
6AIB3TH4,10,3,0,0,1,1,1,0
6AKRQDAT,10,1,2,0,1,1,1,0
6AGLIT21,10,2,0,0,2,1,1,0
6AKKQTRM,10,1,0,0,2,1,1,0
6ANVNHKC,10,1,1,0,2,1,1,0
6AGQPJL7,10,1,1,0,1,1,1,0
6AP1KP6M,10,1,1,0,2,1,1,0
6AJY6KOH,12,1,1,0,3,1,1,0
6AIUNH49,10,1,1,0,2,1,1,0
6AJ4H7HE,11,2,1,0,1,1,1,1
6AK5CCB5,11,1,2,0,1,1,1,1
6ARYRDRO,10,2,1,0,1,1,1,0
6AIRXMW8,10,2,0,0,1,1,1,0
6AJ4OXYT,10,2,1,0,1,1,1,0
6AIL8IDW,10,1,1,0,1,1,1,0
6AKNVVOP,10,1,0,0,2,1,1,0
6AGSQ1ZH,11,2,0,0,2,1,1,0
6AILYHUL,10,1,1,0,2,1,1,0
6AIFOBUM,10,1,0,0,2,1,1,0
6AGH2WSL,12,1,1,0,2,1,1,0
6APQXIZC,11,2,1,0,1,1,1,0
6AIW8FVA,10,2,0,0,2,1,1,0
6AJMZC9K,10,1,1,0,1,1,1,0
6ALE3UGL,12,2,1,0,2,1,1,0
6AMPXR2K,10,2,0,0,2,1,1,0
6AR9EJ6T,10,1,2,0,1,1,1,0
6AJFTUGN,11,2,0,0,1,1,1,0
6ANLQL5F,10,3,0,0,1,1,1,0
6AH8M9HB,10,1,1,0,2,1,1,0
6AIU3JUQ,10,3,0,0,1,1,1,0
6ALJ1IUN,10,1,1,0,2,1,1,0
6AJ6NLLJ,10,1,0,0,3,1,1,0
6AULKJAB,10,1,2,0,1,1,1,0
6AR1YN86,10,3,0,0,1,1,1,0
6AK6C8IM,10,2,0,0,2,1,1,0
6AJ9U99P,10,2,1,0,1,1,1,0
6AMN4OZI,10,2,1,0,1,1,1,0
6AL9OH2H,11,3,0,0,1,1,1,0
6ALBUWSO,12,1,3,0,1,1,1,0
6AIF2UBK,10,1,0,0,2,1,1,0
6AEKLB95,11,2,1,0,1,1,1,1
6AKWPLOU,10,1,2,0,1,1,1,0
6AORNVHE,10,1,0,0,3,1,1,0
6ALEEMNA,10,3,0,0,1,1,1,0
6APWX4AP,10,1,2,0,1,1,1,0
6AOUYWPW,10,1,1,0,2,1,1,0
6AJFZRNI,10,1,1,0,2,1,1,0
6ACZNJH3,10,2,0,0,2,1,1,0
6AH2Z557,10,2,1,0,1,1,1,0
6AJKC4XM,13,1,2,0,1,1,1,2
6AM6OTUX,10,1,1,0,1,1,1,0
6AK5T1A6,10,1,2,0,1,1,1,0
6AHT8QJ3,10,2,1,0,1,1,1,0
6APL3Y4L,13,1,1,0,3,1,1,1
6AH6WH6J,10,2,1,0,1,1,1,0
6AHLAI3I,10,1,0,0,2,1,1,0
6AR35YWA,10,1,2,0,1,1,1,0
6AQ17P31,10,1,2,0,1,1,1,0
6AKC8NCM,11,1,0,0,3,1,1,1
6AHEQE3S,10,2,1,0,1,1,1,0
6AJVLF6Z,10,2,1,0,1,1,1,0
6AHMF91L,10,1,2,0,1,1,1,0
6AILTLSC,11,3,0,0,1,1,1,1
6AGBHB4X,10,3,0,0,1,1,1,0
6AL387IM,10,1,2,0,1,1,1,0
6AI6PZGQ,12,2,0,0,3,1,1,0
6AHVW3AC,10,3,0,0,1,1,1,0
6AP6OKRI,10,1,1,0,2,1,1,0
6AJZV519,12,1,2,0,1,1,1,1
6AS1UWT9,10,2,0,0,1,1,1,0
6AKAP4N7,10,1,0,0,3,1,1,0
6AKANLP6,10,1,2,0,1,1,1,0
6AOUALBT,12,2,2,0,1,1,1,0
6ALADVCM,10,2,0,0,2,1,1,0
6AII4QHF,10,1,0,0,3,1,1,0
6AGPA93V,10,1,1,0,2,1,1,0
6AK12DSU,11,2,0,0,2,1,1,1
6AJS4243,10,2,0,0,2,1,1,0
6AGVV8C2,12,1,2,0,2,1,1,0
6AP1QS3Z,10,1,1,0,1,1,1,0
6AMBU5JS,12,1,2,0,1,1,1,1
6ALN3OAB,10,1,1,0,2,1,1,0
6APQOKS3,10,1,1,0,2,1,1,0
6AGQBVXQ,10,2,1,0,1,1,1,0
6AJCFBFX,10,1,2,0,1,1,1,0
6AI42Q3U,10,1,2,0,1,1,1,0
6AJY6QX3,10,1,1,0,2,1,1,0
6AJQ42QY,10,1,0,0,3,1,1,0
6AIF2UIW,10,2,1,0,1,1,1,0
6AK51LEM,10,2,1,0,1,1,1,0
6AHL5RFR,10,3,0,0,1,1,1,0
6AG1WC63,10,2,0,0,1,1,1,0
6AM1XCKD,10,2,0,0,2,1,1,0
6AJ65AWR,13,1,1,0,3,1,1,0
6AILJ1YY,12,3,1,0,1,1,1,0
6AIXHY82,11,2,1,0,1,1,1,0
6ALJW431,12,3,1,0,1,1,1,0
6AJUXEMN,11,2,1,0,1,1,1,1
6APUNQJL,11,1,1,0,1,1,1,0
6AU3YFIS,10,1,1,0,1,1,1,0
6AH2DSTY,10,2,0,0,2,1,1,0
6AD98B7Z,10,2,0,0,2,1,1,0
6AK3MKZN,10,1,2,0,1,1,1,0
6AOGBHSZ,12,2,1,0,2,1,1,0
6AJRQXI4,10,2,1,0,1,1,1,0
6AHCZ8AR,11,1,0,0,2,1,1,0
6AQ5J1IA,11,1,2,0,1,1,1,0
6ASSC95Y,11,3,0,0,1,1,1,1
6AKOZ6OA,12,1,2,0,2,1,1,0
6AJT1A27,10,2,0,0,2,1,1,0
6AHN7R7I,10,1,0,0,2,1,1,0
6ALBUQ5J,10,2,1,0,1,1,1,0
6AMQ9NGD,10,1,2,0,1,1,1,0
6AKRQCRK,10,1,2,0,1,1,1,0
6AH7FYYK,10,1,2,0,1,1,1,0
6AMYN2SM,12,1,3,0,1,1,1,0
6AHPWLZL,10,2,0,0,1,1,1,0
6AR6OQ7X,13,2,0,0,2,1,1,2
6AHH5FOL,10,2,0,0,1,1,1,0
6ANUFT97,10,1,0,0,3,1,1,0
6AM4IFGM,11,1,0,0,2,1,1,1
6AIYJH1Q,11,2,0,0,2,1,1,1
6ASA6DIB,10,1,0,0,2,1,1,0
6AKLVJYL,10,2,1,0,1,1,1,0
6AP48OSF,10,1,1,0,1,1,1,0
6APDYQNK,10,2,1,0,1,1,1,0
6AK3HU3R,11,2,1,0,1,1,1,1
6AP7GSP1,11,2,0,0,1,1,1,1
6ALUARNH,11,1,1,0,2,1,1,0
6ALYQSA1,11,2,1,0,1,1,1,1
6AP1KN8Z,10,1,1,0,1,1,1,0
6AO9ACDL,10,1,1,0,2,1,1,0
6ATAVOA8,10,1,0,0,3,1,1,0
6AGIDQ2K,10,2,1,0,1,1,1,0
6ANEJ9XX,10,1,0,0,3,1,1,0
6AJGHJSS,10,2,0,0,1,1,1,0
6AGD3XVJ,10,3,0,0,1,1,1,0
6AJV4U5B,10,1,1,0,2,1,1,0
6AK1HSB8,10,1,1,0,2,1,1,0
6AK9G14X,10,1,2,0,1,1,1,0
6AL75R6Z,10,2,0,0,2,1,1,0
6AFWO4TR,10,2,1,0,1,1,1,0
6APUP7RQ,10,2,1,0,1,1,1,0
6ANG8ZY1,10,3,0,0,1,1,1,0
6AVDXWQY,10,3,0,0,1,1,1,0
6AR9J297,10,2,1,0,1,1,1,0
6AJ5S6L2,14,2,2,0,1,1,1,0
6AKS58PK,10,1,2,0,1,1,1,0
6AKJY8HD,10,1,1,0,2,1,1,0
6AIXHSAZ,10,1,1,0,1,1,1,0
6AL1CJBI,10,1,2,0,1,1,1,0
6AQQMBEO,10,1,1,0,2,1,1,0
6ATYOKC7,11,3,0,0,1,1,1,0
6ALS2UC9,12,2,1,0,2,1,1,0
6ANDKMVA,10,1,1,0,1,1,1,0
6AQMCIGE,10,2,0,0,2,1,1,0
6APG35ME,12,4,0,0,1,1,1,0
6AFEXMCB,12,1,1,0,3,1,1,0
6AQMWDX9,13,3,0,0,2,1,1,1
6AP9QKLF,10,1,1,0,2,1,1,0
6ANENUCO,10,1,1,0,2,1,1,0
6AIJB21A,10,2,1,0,1,1,1,0
6AJ6ENI2,10,1,1,0,1,1,1,0
6AQUQ2Z9,10,1,1,0,1,1,1,0
6AI9ILL1,11,1,1,0,2,1,1,1
6AOHTUJL,10,1,0,0,3,1,1,0
6AKHCHHH,13,2,2,0,1,1,1,1
6AI5I3IN,10,1,1,0,2,1,1,0
6APIN55K,10,2,0,0,2,1,1,0
6AQ87DFP,10,2,1,0,1,1,1,0
6AR57T48,11,2,1,0,1,1,1,1
6AT1L59H,10,1,1,0,2,1,1,0
6ARMSQWK,12,1,2,0,1,1,1,2
6AKK5G1B,10,1,1,0,2,1,1,0
6AKH6C8S,11,1,1,0,2,1,1,0
6ASK4U8R,10,2,1,0,1,1,1,0
6AJV7TU2,10,1,1,0,1,1,1,0
6ANXYNQ7,10,1,1,0,2,1,1,0
6AQ7GBWD,14,2,0,0,3,1,1,2
6AL7GM8S,11,2,1,0,1,1,1,1
6AKLA2BS,12,1,2,0,1,1,1,0
6APRDZPN,10,1,0,0,3,1,1,0
6ANY5LXW,10,1,1,0,2,1,1,0
6AT1L6DD,10,2,0,0,1,1,1,0
6ARGDY4W,11,2,0,0,2,1,1,1
6AIBZT24,11,1,2,0,1,1,1,1
6AE56ZOH,13,2,1,0,1,1,1,1
6ANJ9JO6,10,1,0,0,2,1,1,0
6AKWTZYJ,11,1,0,0,2,1,1,1
6AKQDWUA,10,2,0,0,2,1,1,0
6AKSKJP5,10,1,2,0,1,1,1,0
6ARU2C4Y,10,1,0,0,2,1,1,0
6APTTLX6,10,3,0,0,1,1,1,0
6AMDPZ5Y,10,1,0,0,3,1,1,0
6AL8OEAQ,10,1,1,0,2,1,1,0
6ART8FFQ,10,2,0,0,2,1,1,0
6ANZ1AFX,10,1,0,0,2,1,1,0
6AQMUZ65,10,2,1,0,1,1,1,0
6AOQIXFY,10,1,2,0,1,1,1,0
6AKCNX2A,10,1,2,0,1,1,1,0
6AMR9OXV,10,1,2,0,1,1,1,0
6ALD53Q5,10,1,1,0,2,1,1,0
6ASJDQR5,11,2,1,0,1,1,1,1
6AQ23CKU,11,1,2,0,1,1,1,1
6AK4O7O2,10,1,2,0,1,1,1,0
6AU413UR,11,3,0,0,1,1,1,1
6AJH3VSF,10,1,1,0,2,1,1,0
6ARR1WT6,11,1,0,0,2,1,1,1
6ANYYOL1,11,3,0,0,1,1,1,0
6AQB6DJ7,13,2,2,0,1,1,1,1
6AIP8T4Q,10,2,1,0,1,1,1,0
6AM7LTI9,10,1,1,0,2,1,1,0
6AQV98VH,10,1,1,0,1,1,1,0
6AJRWZYT,11,2,0,0,2,1,1,0
6AS58M4B,11,1,2,0,1,1,1,0
6AMGOR1F,10,1,1,0,1,1,1,0
6AMD7N5Q,10,1,1,0,1,1,1,0
6AP9IUW7,10,1,1,0,1,1,1,0
6AW7FDEM,11,2,1,0,1,1,1,1
6AKKHP18,10,1,1,0,2,1,1,0
6AI8AWDJ,10,1,1,0,2,1,1,0
6APPBY5I,12,2,0,0,3,1,1,0
6ASG2M4N,10,2,0,0,2,1,1,0
6AL3238D,10,1,1,0,2,1,1,0
6AMB75D9,10,2,0,0,1,1,1,0
6AIUFP6X,10,2,0,0,2,1,1,0
6AKATQX9,10,1,2,0,1,1,1,0
6AJP6O2O,11,2,1,0,1,1,1,1
6AKW441Q,10,1,1,0,2,1,1,0
6AK25JH3,12,1,1,0,2,1,1,0
6AMX6147,10,2,0,0,1,1,1,0
6AKINHUP,12,1,2,0,1,1,1,1
6AMN5YOB,10,1,1,0,2,1,1,0
6ALH1C3Q,11,1,0,0,2,1,1,1
6AHLRFPN,10,1,2,0,1,1,1,0
6AM6OOUU,10,1,0,0,2,1,1,0
6AMMBYJ2,12,2,0,0,3,1,1,0
6AM44KH1,10,1,1,0,2,1,1,0
6AUD5L5L,10,2,0,0,2,1,1,0
6AILD3BG,10,1,0,0,2,1,1,0
6AKNRC8E,10,2,1,0,1,1,1,0
6AOSHO51,11,1,0,0,2,1,1,0
6AIYC1H3,10,1,0,0,3,1,1,0
6AH1POHK,10,1,1,0,2,1,1,0
6ALXJ4WS,10,1,1,0,2,1,1,0
6AH6OYWQ,11,2,0,0,1,1,1,1
6AMCR8US,11,2,0,0,2,1,1,1
6ANSUT9X,10,2,1,0,1,1,1,0
6AOIHWMH,11,2,0,0,2,1,1,1
6ALGQY8F,10,1,0,0,3,1,1,0
6AMNUPEU,10,1,1,0,2,1,1,0
6AMW1G1P,10,1,2,0,1,1,1,0
6ANDYGRI,10,1,2,0,1,1,1,0
6AKMYPSM,10,1,2,0,1,1,1,0
6ASONT2T,10,3,0,0,1,1,1,0
6AIIZEOK,10,2,0,0,2,1,1,0
6AK5OK1J,10,2,1,0,1,1,1,0
6ALQ8OSC,11,2,0,0,2,1,1,0
6AUND7QK,13,2,1,0,1,1,1,1
6AJ5P8S3,10,2,0,0,2,1,1,0
6ALC7ZWY,10,2,1,0,1,1,1,0
6AMA3Z4H,10,2,1,0,1,1,1,0
6AP8N76J,10,1,0,0,2,1,1,0
6AK9TR8I,10,2,0,0,1,1,1,0
6ALI5VH8,12,2,1,0,2,1,1,0
6ATTGEPY,12,1,2,0,2,1,1,0
6AJ8JH2Q,10,1,1,0,2,1,1,0
6ANSROKM,12,2,1,0,2,1,1,0
6AS6GG74,10,3,0,0,1,1,1,0
6AKXPONJ,10,2,1,0,1,1,1,0
6AWYI84H,10,1,1,0,2,1,1,0
6AKEAGNL,10,1,1,0,2,1,1,0
6AQAQ2NV,11,1,1,0,2,1,1,0
6ASY2G8J,10,1,1,0,1,1,1,0
6AT7P583,10,2,0,0,2,1,1,0
6AFYDYXX,11,2,0,0,2,1,1,1
6ASVOW54,10,1,1,0,1,1,1,0
6ALM9KEI,10,2,1,0,1,1,1,0
6ARL46KM,10,1,0,0,3,1,1,0
6AIKTNLS,10,1,2,0,1,1,1,0
6AR1D94J,11,1,2,0,1,1,1,0
6AJXFMKU,10,1,2,0,1,1,1,0
6AQVARB8,11,1,2,0,1,1,1,1
6AIVNTDN,10,2,0,0,2,1,1,0
6AKC8KX9,11,2,1,0,1,1,1,1
6ANOMD4Q,10,1,0,0,3,1,1,0
6AGWZOHJ,10,1,1,0,2,1,1,0
6AOW3AR7,11,2,0,0,2,1,1,0
6AO8NZD6,14,2,2,0,1,1,1,2
6ALPVFSM,10,2,0,0,2,1,1,0
6AINX71Q,10,1,0,0,3,1,1,0
6ARKENKR,10,1,1,0,1,1,1,0
6ASPJC6X,12,2,1,0,1,1,1,0
6AS287JX,10,2,0,0,2,1,1,0
6AFICU5D,11,2,0,0,2,1,1,0
6ASJ7O52,10,2,1,0,1,1,1,0
6AI7RLH2,10,2,1,0,1,1,1,0
6AL1K7O7,12,1,1,0,2,1,1,0
6AGKCOHL,10,1,1,0,1,1,1,0
6ARXXDEB,10,1,1,0,1,1,1,0
6APWR385,10,2,1,0,1,1,1,0
6AM4W4WN,10,1,0,0,2,1,1,0
6AL8486A,10,1,1,0,2,1,1,0
6AIQULFK,10,1,1,0,2,1,1,0
6AMXW3DK,10,1,1,0,1,1,1,0
6AGVLQH7,10,1,2,0,1,1,1,0
6AITFUUN,10,1,2,0,1,1,1,0
6AS1OVSQ,12,1,2,0,2,1,1,0
6ALHDGZE,10,1,0,0,3,1,1,0
6AV15XUZ,10,1,1,0,2,1,1,0
6AT114U6,10,1,1,0,2,1,1,0
6AQ5VAEM,10,1,0,0,3,1,1,0
6ANVYA2W,10,1,1,0,2,1,1,0
6APR1P5H,11,1,2,0,1,1,1,0
6AMQTKSW,10,1,0,0,2,1,1,0
6AKOVYWL,10,1,1,0,2,1,1,0
6AIUQMTM,10,1,2,0,1,1,1,0
6AL7L5I3,12,1,1,0,2,1,1,0
6AUCNPGM,11,1,1,0,2,1,1,1
6AYXOFI1,11,1,0,0,2,1,1,0
6AUMM245,10,2,1,0,1,1,1,0
6ANI7R44,10,1,0,0,3,1,1,0
6ASRAL66,10,2,1,0,1,1,1,0
6ARD7I9A,10,1,2,0,1,1,1,0
6AK2PG1Y,10,2,1,0,1,1,1,0
6AN4D4MG,11,1,2,0,1,1,1,1
6ALM23IS,10,2,1,0,1,1,1,0
6AS8Z63M,10,1,1,0,1,1,1,0
6AQQ133O,11,2,0,0,2,1,1,0
6ATKR9E7,10,1,1,0,1,1,1,0
6ATLJIEK,10,1,1,0,2,1,1,0
6AK1ES6N,10,1,1,0,2,1,1,0
6ANX73AU,12,1,1,0,3,1,1,0
6AJ4KDK1,10,3,0,0,1,1,1,0
6ARKTYGF,10,1,1,0,2,1,1,0
6AGNTVIJ,12,1,0,0,3,1,1,1
6AOI8NV9,10,2,1,0,1,1,1,0
6AGO5KZF,10,1,1,0,2,1,1,0
6APLG5U1,11,1,1,0,2,1,1,1
6AK8QG1Q,10,3,0,0,1,1,1,0
6AF1JIY5,10,1,1,0,2,1,1,0
6ANSF8VK,11,1,2,0,1,1,1,0
6AKPOLJJ,10,2,1,0,1,1,1,0
6AP3NULF,10,2,0,0,2,1,1,0
6AMZUX4N,10,1,1,0,2,1,1,0
6ASZER67,10,1,0,0,3,1,1,0
6AN4D99M,10,2,0,0,1,1,1,0
6ATYIM8X,11,1,1,0,2,1,1,0
6APGFCAU,10,2,1,0,1,1,1,0
6ANWWWAB,10,1,2,0,1,1,1,0
6AUIZCVU,10,2,0,0,2,1,1,0
6AJN54AL,10,1,1,0,1,1,1,0
6AMZWCMF,11,2,0,0,2,1,1,1
6ARRE2DS,10,2,0,0,2,1,1,0
6ATR9SV5,10,2,1,0,1,1,1,0
6AP2VDHN,11,1,2,0,1,1,1,0
6ASK3DMR,10,1,0,0,3,1,1,0
6ANCEJ4T,12,1,2,0,1,1,1,0
6ASPNTNK,10,1,1,0,1,1,1,0
6AKUKJH4,10,1,1,0,1,1,1,0
6AJCE3UL,10,3,0,0,1,1,1,0
6AOKJMMG,11,1,1,0,1,1,1,1
6AWAWN7I,10,1,0,0,3,1,1,0
6AL3HHPQ,11,2,0,0,2,1,1,1
6AU35HPQ,10,2,0,0,2,1,1,0
6AO2T464,10,2,1,0,1,1,1,0
6ALGYLKV,11,1,1,0,2,1,1,1
6AHUPKX7,10,2,1,0,1,1,1,0
6AK6GU7A,10,1,2,0,1,1,1,0
6ANDBGIT,11,1,1,0,1,1,1,1
6ASIT4H2,11,2,1,0,1,1,1,1
6AOP9LUS,10,2,0,0,2,1,1,0
6ANGJRGG,11,1,1,0,2,1,1,0
6ASS33WB,11,2,1,0,1,1,1,0
6AU797EQ,10,1,1,0,1,1,1,0
6AMKA471,10,2,1,0,1,1,1,0
6APBZUBE,10,2,1,0,1,1,1,0
6AJCAWZ1,10,1,1,0,2,1,1,0
6AM6XX8J,10,1,1,0,2,1,1,0
6AOOUVMR,10,2,1,0,1,1,1,0
6ANKOQXH,10,3,0,0,1,1,1,0
6ANBNKKA,10,1,1,0,2,1,1,0
6ANJK1U4,10,1,1,0,2,1,1,0
6AKAMBNT,11,1,1,0,2,1,1,1
6AO4URLJ,10,2,0,0,1,1,1,0
6ALK3B1R,11,2,0,0,2,1,1,0
6AMUPFHJ,11,1,2,0,1,1,1,1
6AVLQ2SE,12,1,2,0,1,1,1,0
6AN1NJHB,11,1,2,0,1,1,1,1
6AM5UVUP,10,2,0,0,1,1,1,0
6AQ642J1,10,3,0,0,1,1,1,0
6AVLPTO6,10,2,1,0,1,1,1,0
6ATKL34E,10,2,0,0,2,1,1,0
6AM7EEBD,11,2,0,0,1,1,1,1
6ANQDNQ6,12,1,0,0,3,1,1,2
6AQOZVJU,12,2,1,0,1,1,1,1
6ALRXB31,10,2,0,0,2,1,1,0
6AQS2QMU,10,1,1,0,2,1,1,0
6AFVYQMZ,14,4,0,0,2,1,1,0
6AUHW52I,12,1,1,0,3,1,1,0
6AMVPM56,10,1,0,0,2,1,1,0
6AOKI6Z6,10,3,0,0,1,1,1,0
6AM4FH7D,10,1,1,0,1,1,1,0
6AO2Z17T,11,2,0,0,2,1,1,0
6APOGGT9,10,2,1,0,1,1,1,0
6AVHX1CQ,12,1,1,0,1,1,1,1
6AZCIUSM,10,1,1,0,2,1,1,0
6ANCJ48Z,10,1,2,0,1,1,1,0
6AMG6D74,11,3,0,0,1,1,1,1
6ATVI71N,10,1,0,0,3,1,1,0
6ANFYQFP,11,1,2,0,1,1,1,1
6AW15HGH,10,2,0,0,2,1,1,0
6ASNV9D8,12,1,0,0,4,1,1,0
6AP35P42,10,3,0,0,1,1,1,0
6AYBDEMD,14,3,1,0,1,1,1,1
6AWCHUZX,11,2,1,0,1,1,1,1
6AOPQDZ5,10,2,1,0,1,1,1,0
6ARXGS1Z,10,2,1,0,1,1,1,0
6AM6ITDH,10,1,1,0,2,1,1,0
6AL2OUPE,11,1,0,0,2,1,1,1
6AT1UB2V,10,3,0,0,1,1,1,0
6AT17B22,12,3,1,0,1,1,1,0
6AUANHHV,10,1,2,0,1,1,1,0
6ASOENZ5,10,2,0,0,2,1,1,0
6AVZYDEL,11,2,1,0,1,1,1,0
6AM2JJHM,10,1,1,0,2,1,1,0
6AUX8NAX,10,3,0,0,1,1,1,0
6AMR2AMU,10,2,1,0,1,1,1,0
6AN2IWI2,11,1,2,0,1,1,1,1
6ASU3B7H,10,1,1,0,1,1,1,0
6AHOB5DW,11,2,1,0,1,1,1,0
6AXRU3BI,11,1,2,0,1,1,1,1
6ANN3VQJ,11,1,0,0,3,1,1,0
6AMK8M31,12,1,3,0,1,1,1,0
6AJT4EZS,11,1,2,0,1,1,1,1
6APVEPB9,10,2,1,0,1,1,1,0
6ALCOT74,11,1,0,0,3,1,1,1
6AVGV7NI,10,2,0,0,2,1,1,0
6AT9A5U6,12,1,3,0,1,1,1,0
6ARXIC8V,10,1,1,0,1,1,1,0
6AUXER5D,10,2,1,0,1,1,1,0
6AS8GTA2,12,2,1,0,2,1,1,0
6AMMLCKU,11,2,1,0,1,1,1,1
6AQMLPI3,11,1,1,0,1,1,1,1
6ANSQ7PA,12,2,1,0,2,1,1,0
6APEVQFJ,10,1,1,0,1,1,1,0
6AT9JC3O,11,1,1,0,2,1,1,1
6AQ91BWK,11,1,2,0,1,1,1,1
6APVTVRC,12,1,0,0,2,1,1,1
6APWJDQN,10,1,1,0,1,1,1,0
6AYUX734,11,1,1,0,1,1,1,1
6AOH5D12,10,2,1,0,1,1,1,0
6AM6TIRP,11,1,1,0,2,1,1,0
6APR65Z1,11,1,2,0,1,1,1,1
6AIU6N7I,10,3,0,0,1,1,1,0
6ARK436J,10,1,1,0,2,1,1,0
6ANRFDCK,10,1,2,0,1,1,1,0
6ALCCMVX,10,1,1,0,2,1,1,0
6ASP6ZZG,10,2,1,0,1,1,1,0
6APUP76U,10,1,1,0,2,1,1,0
6AMEPXOV,10,2,0,0,1,1,1,0
6AZ8GPHJ,12,2,0,0,3,1,1,0
6AZUAWMT,13,1,2,0,2,1,1,1
6AL199F5,10,1,1,0,2,1,1,0
6AP5UGBR,10,1,1,0,1,1,1,0
6AP1KMLG,12,3,1,0,1,1,1,0
6AO24JUG,10,2,1,0,1,1,1,0
6AZWQIKH,10,1,0,0,2,1,1,0
6ARVJ9HV,12,3,0,0,1,1,1,1
6AXFBK21,10,2,0,0,1,1,1,0
6AN4P9VI,10,2,0,0,2,1,1,0
6ATAO2VL,10,1,1,0,1,1,1,0
6AOO1WFL,10,2,0,0,2,1,1,0
6AOVODCO,11,1,1,0,2,1,1,1
6AG5DEE8,11,2,0,0,2,1,1,0
6ANL1ZYD,10,2,1,0,1,1,1,0
6AZTLGU9,12,1,3,0,1,1,1,0
6AQHX3NM,12,1,2,0,1,1,1,1
6AQTI862,10,1,1,0,1,1,1,0
6AP4R8WY,10,1,2,0,1,1,1,0
6AOMUQC2,10,1,2,0,1,1,1,0
6AN42KX1,10,1,2,0,1,1,1,0
6AMEXUBH,10,1,1,0,1,1,1,0
6ARINCY8,10,2,0,0,2,1,1,0
6AONQ8ZI,10,2,0,0,1,1,1,0
6AOKPLQN,10,2,0,0,2,1,1,0
6AOP3MGI,12,3,0,0,2,1,1,0
6AOW7PG8,11,1,0,0,3,1,1,1
6ATWDO6K,10,3,0,0,1,1,1,0
6ANKWEEQ,10,3,0,0,1,1,1,0
6AWVKMVC,11,1,0,0,3,1,1,1
6AU4L2EN,10,2,0,0,1,1,1,0
6ATIWR94,10,1,2,0,1,1,1,0
6AOQFW6G,11,1,1,0,2,1,1,1
6APY2SBV,11,2,1,0,1,1,1,1
6AS87MY2,12,2,0,0,2,1,1,0
6AQ7PEKL,10,1,0,0,3,1,1,0
6AO78DW9,11,2,0,0,1,1,1,1
6APGFFKY,12,1,3,0,1,1,1,0
6AUPYV1U,10,1,1,0,1,1,1,0
6AQH2QIK,11,2,1,0,1,1,1,1
6AMFFMU7,10,2,1,0,1,1,1,0
6AMFH6D1,10,1,0,0,3,1,1,0
6AV7D6N3,12,2,2,0,1,1,1,0
6ASYR1DR,10,3,0,0,1,1,1,0
6AKTYBBE,10,3,0,0,1,1,1,0
6ANG7IKU,10,1,1,0,2,1,1,0
6AN5KTY5,11,2,0,0,2,1,1,0
6AW2HMSS,10,2,0,0,2,1,1,0
6ARDI6FC,10,1,1,0,2,1,1,0
6ALLK3AP,10,1,1,0,2,1,1,0
6AUT7WPJ,11,2,1,0,1,1,1,1
6AUBV8JC,10,2,1,0,1,1,1,0
6AZVCTKY,11,2,1,0,1,1,1,1
6AKILXHO,12,2,1,0,2,1,1,0
6AQI5UH9,10,1,1,0,1,1,1,0
6AKIWMZ4,10,2,1,0,1,1,1,0
6AQ8MMS4,10,1,1,0,2,1,1,0
6AVSU1BJ,10,1,0,0,2,1,1,0
6AXGG4RW,12,2,2,0,1,1,1,0
6ARUSKED,10,1,0,0,3,1,1,0
6AOISG34,10,2,1,0,1,1,1,0
6APRWBDL,10,1,0,0,3,1,1,0
6APA898W,10,1,0,0,3,1,1,0
6APQ99F8,11,2,0,0,1,1,1,0
6AR51J28,14,3,0,0,1,1,1,2
6AJX3MEF,11,3,0,0,1,1,1,0
6ANJZHOD,10,1,1,0,2,1,1,0
6AQOP5D3,12,2,2,0,1,1,1,0
6AR2O6N8,10,1,0,0,2,1,1,0
6APCKS6U,11,3,0,0,1,1,1,0
6AN52L97,12,2,1,0,1,1,1,0
6AXDV7QI,10,1,1,0,2,1,1,0
6AQDCPXH,10,1,0,0,2,1,1,0
6AQXFUSG,10,1,0,0,2,1,1,0
6AOV5Z36,12,1,2,0,2,1,1,0
6B15KCTC,10,1,2,0,1,1,1,0
6AOORY6Q,12,1,0,0,3,1,1,2
6AR6Q9RI,10,2,0,0,1,1,1,0
6AR6UUAP,12,1,1,0,2,1,1,0
6AOBSV9D,10,1,2,0,1,1,1,0
6AP87SLU,10,1,1,0,1,1,1,0
6APHXRDM,10,1,1,0,2,1,1,0
6ANGVWGA,10,1,1,0,2,1,1,0
6API6FZO,11,2,0,0,1,1,1,1
6AWHZ9VB,10,1,0,0,3,1,1,0
6ARC76AT,11,1,0,0,2,1,1,1
6ANN8MOA,12,1,1,0,3,1,1,0
6ANN3RWM,10,2,1,0,1,1,1,0
6AK6E26L,10,1,1,0,1,1,1,0
6AR5Q544,11,1,1,0,1,1,1,1
6AU7AIZO,10,1,2,0,1,1,1,0
6APQ31TA,11,1,2,0,1,1,1,1
6AOVF8CD,10,3,0,0,1,1,1,0
6ALZWYE2,10,2,0,0,2,1,1,0
6AKGLPPL,10,1,1,0,2,1,1,0
6AXM1XRM,10,1,2,0,1,1,1,0
6ANQPN9M,10,2,1,0,1,1,1,0
6AKKD4TA,10,1,1,0,2,1,1,0
6AQKDT8O,10,1,1,0,2,1,1,0
6AGO5I8L,10,2,0,0,2,1,1,0
6AWD769K,10,1,1,0,2,1,1,0
6ANTILO8,10,1,1,0,2,1,1,0
6AVZZUOC,10,3,0,0,1,1,1,0
6AOH3THC,10,1,0,0,3,1,1,0
6AQD9FVH,10,1,1,0,2,1,1,0
6B2IOKIE,10,2,1,0,1,1,1,0
6ASLK4WA,10,2,0,0,2,1,1,0
6AT18WAV,10,2,0,0,1,1,1,0
6AM67WK7,10,2,0,0,2,1,1,0
6AVW6DTQ,10,2,0,0,2,1,1,0
6ARRZHYN,10,2,0,0,2,1,1,0
6AQX3GP2,10,2,0,0,1,1,1,0
6AQIO7HL,11,1,2,0,1,1,1,0
6AOO6FML,10,1,1,0,1,1,1,0
6ARHISOG,10,2,0,0,2,1,1,0
6ANC8A67,11,1,1,0,2,1,1,1
6AV773L9,12,1,2,0,1,1,1,0
6ASGHVVK,10,1,2,0,1,1,1,0
6AUXHXHY,10,1,0,0,3,1,1,0
6AMZLQX6,10,2,1,0,1,1,1,0
6AQWFISA,10,1,1,0,1,1,1,0
6AONW9BU,14,3,0,0,2,1,1,2
6AOUJS4Y,10,1,0,0,3,1,1,0
6AUW6ZBU,10,2,1,0,1,1,1,0
6AVMOL3I,10,1,1,0,2,1,1,0
6AMA745Z,10,1,1,0,2,1,1,0
6ARE1BEA,10,2,0,0,2,1,1,0
6AZOEKDO,10,2,1,0,1,1,1,0
6APXNYM9,10,2,0,0,1,1,1,0
6AMDMPKV,11,1,0,0,3,1,1,0
6AQT5UF7,10,1,1,0,1,1,1,0
6AVVUOA2,11,3,0,0,1,1,1,1
6ASTK2OS,10,1,1,0,2,1,1,0
6AR7N7WM,10,2,1,0,1,1,1,0
6AN2S79Y,10,2,1,0,1,1,1,0
6AUKZIMX,10,1,2,0,1,1,1,0
6AT2POBJ,10,1,2,0,1,1,1,0
6ANRLGPE,10,2,1,0,1,1,1,0
6AQKAMD2,11,1,0,0,3,1,1,0
6AXBCHCC,10,2,1,0,1,1,1,0
6ANV6KJN,11,1,1,0,2,1,1,1
6AOFLUA7,10,1,0,0,2,1,1,0
6AKYUNAC,10,1,1,0,2,1,1,0
6AQ9O6VS,10,3,0,0,1,1,1,0
6AVGM3DJ,11,2,0,0,2,1,1,1
6ANMZZ7Y,11,1,1,0,2,1,1,0
6APQUQTS,10,2,0,0,2,1,1,0
6AW3POTG,12,1,1,0,3,1,1,0
6AQLGX6B,10,1,0,0,3,1,1,0
6B21QJ1J,12,1,3,0,1,1,1,0
6ASCLWDB,10,1,1,0,2,1,1,0
6ATD4L5V,12,1,1,0,2,1,1,2
6ATFKBYG,11,1,2,0,1,1,1,1
6ATAA4LR,10,1,1,0,2,1,1,0
6AZ2V8G9,10,3,0,0,1,1,1,0
6ANQF84B,10,1,1,0,1,1,1,0
6AOLAK4J,10,1,0,0,2,1,1,0
6AX87HM6,13,3,1,0,1,1,1,1
6B69HPAX,12,2,0,0,3,1,1,0
6AW9S658,13,1,2,0,2,1,1,1
6ARXYXDB,10,1,1,0,1,1,1,0
6ASOM7SH,10,1,1,0,1,1,1,0
6ASCEBEG,11,1,2,0,1,1,1,1
6AY1VIIK,10,1,2,0,1,1,1,0
6APD74Q6,10,1,0,0,2,1,1,0
6AXVCGAJ,10,1,1,0,2,1,1,0
6ATCXG4D,11,1,1,0,1,1,1,1
6AYQFONH,11,1,2,0,1,1,1,1
6B39VOXX,10,1,1,0,2,1,1,0
6APRIM58,10,3,0,0,1,1,1,0
6AJG8DQ8,12,1,0,0,2,1,1,2
6ATSPA6E,11,2,0,0,2,1,1,1
6B3ECRAP,10,1,1,0,2,1,1,0
6AT5Q9QN,11,1,1,0,2,1,1,0
6AST7VZG,11,2,0,0,2,1,1,0
6AQMRR5U,10,1,1,0,2,1,1,0
6AXJVWL7,12,1,1,0,2,1,1,2
6AYZNB5D,12,2,0,0,2,1,1,0
6AUK1VQP,10,2,0,0,2,1,1,0
6AQPCYOU,12,2,0,0,1,1,1,1
6B1IHKKC,10,3,0,0,1,1,1,0
6AOK2VYP,10,3,0,0,1,1,1,0
6AM1DCAD,10,1,1,0,2,1,1,0
6ATZOZRA,14,1,2,0,3,1,1,0
6AMHWSYY,10,2,0,0,1,1,1,0
6AQIUDY1,10,3,0,0,1,1,1,0
6B31SXOB,10,1,0,0,3,1,1,0
6AQN4XWT,11,2,1,0,1,1,1,0
6AY4LJF1,10,2,1,0,1,1,1,0
6AOUACO5,10,1,2,0,1,1,1,0
6AZ7PWX3,10,1,1,0,2,1,1,0
6AXBZEV1,10,1,1,0,2,1,1,0
6APEJQ7T,10,2,0,0,2,1,1,0
6AYHNCEN,10,1,2,0,1,1,1,0
6AOOB6CR,10,2,1,0,1,1,1,0
6ATWMYVR,13,2,1,0,2,1,1,1
6AQRPH6V,10,2,1,0,1,1,1,0
6B6RQMS2,10,1,1,0,2,1,1,0
6AVE9HCY,11,2,0,0,1,1,1,1
6B26PSXN,10,1,1,0,2,1,1,0
6APHJXJB,12,1,2,0,1,1,1,1
6AMF1SDN,10,1,1,0,2,1,1,0
6ASL83LY,11,1,2,0,1,1,1,1
6ANY2FGG,11,1,1,0,2,1,1,1
6AMJSC2S,10,1,1,0,2,1,1,0
6AW4GM4I,10,1,1,0,2,1,1,0
6AW4PPHB,10,1,2,0,1,1,1,0
6ASA69MC,10,2,0,0,1,1,1,0
6AN4KUM3,10,2,0,0,2,1,1,0
6ALRVRDV,11,1,2,0,1,1,1,1
6AU6W1MN,10,1,0,0,2,1,1,0
6AQOTNNV,10,1,1,0,2,1,1,0
6AW84XE4,10,2,1,0,1,1,1,0
6APL8LDC,10,1,1,0,1,1,1,0
6APXNZNM,10,2,0,0,1,1,1,0
6AUA3KRU,12,3,1,0,1,1,1,0
6AQBXKRT,11,2,1,0,1,1,1,1
6AWAVENF,10,2,0,0,1,1,1,0
6ATXZC3H,11,2,1,0,1,1,1,1
6APRFF9O,11,1,2,0,1,1,1,1
6AUPPMKR,10,1,1,0,1,1,1,0
6AV9GLI2,13,2,0,0,3,1,1,1
6AP2P9JU,10,1,2,0,1,1,1,0
6AO8A3FT,11,3,0,0,1,1,1,0
6AQB7L7T,10,2,0,0,2,1,1,0
6AQBZ47S,10,1,0,0,2,1,1,0
6AXQGFAC,10,2,1,0,1,1,1,0
6ANF75TL,12,1,1,0,2,1,1,0
6AR595G4,10,1,2,0,1,1,1,0
6AQNTDNY,11,1,1,0,1,1,1,1
6ANENW21,10,1,0,0,2,1,1,0
6B5XP64J,12,1,2,0,2,1,1,0
6APEMPW1,10,1,2,0,1,1,1,0
6AW3MEP6,10,1,2,0,1,1,1,0
6AUTAW4C,11,1,1,0,1,1,1,1
6APNJBEA,11,1,0,0,3,1,1,1
6AUJ6HMU,10,2,0,0,2,1,1,0
6AW1SEOB,10,1,0,0,3,1,1,0
6AN7SUL1,10,1,1,0,2,1,1,0
6AYCVRDB,10,1,2,0,1,1,1,0
6ALAJYVI,10,2,0,0,1,1,1,0
6AQ8PJ44,10,3,0,0,1,1,1,0
6AQ2IJCC,10,2,0,0,1,1,1,0
6B2HDPLZ,11,1,1,0,2,1,1,0
6AYSYCBO,10,2,1,0,1,1,1,0
6ASCFOS7,10,1,1,0,1,1,1,0
6AUDQXUV,10,3,0,0,1,1,1,0
6ANPML63,10,1,0,0,2,1,1,0
6APFPX1R,10,2,1,0,1,1,1,0
6AKVTW21,10,2,0,0,2,1,1,0
6ARC8NSJ,11,1,1,0,2,1,1,1
6AOO9O7F,10,2,1,0,1,1,1,0
6AURJVQB,10,1,0,0,3,1,1,0
6AO9PL43,10,1,2,0,1,1,1,0
6AT7EGKO,12,2,0,0,2,1,1,2
6AUSAY2K,11,2,1,0,1,1,1,1
6AI8RUT6,10,2,1,0,1,1,1,0
6AK98A6K,12,2,2,0,1,1,1,0
6AWCWYXB,11,1,2,0,1,1,1,1
6B15XV76,10,1,2,0,1,1,1,0
6AQTI29S,12,3,1,0,1,1,1,0
6APD8PJP,13,2,0,0,2,1,1,3
6AS3NHN6,10,1,2,0,1,1,1,0
6AV82NJ1,10,1,1,0,2,1,1,0
6AQVDRPP,10,1,1,0,2,1,1,0
6AZGYQQ3,11,1,1,0,1,1,1,1
6AR9TSG7,13,2,1,0,2,1,1,1
6AWKNI9I,10,2,0,0,2,1,1,0
6AWVGCKV,13,2,1,0,2,1,1,1
6AW6MV5B,10,2,1,0,1,1,1,0
6B1MJPX8,10,1,0,0,2,1,1,0
6AZSJRO4,12,1,3,0,1,1,1,0
6AMVU8EV,10,2,0,0,1,1,1,0
6ANMYCME,10,2,0,0,1,1,1,0
6AYC17FN,11,2,0,0,1,1,1,1
6AQ6G9A7,11,1,2,0,1,1,1,1
6B553SFM,10,1,2,0,1,1,1,0
6AUDQTZQ,12,2,1,0,2,1,1,0
6APJ6JM8,10,2,1,0,1,1,1,0
6AMZTEQL,10,2,1,0,1,1,1,0
6AROPVHM,10,2,0,0,2,1,1,0
6AZIFBSO,10,3,0,0,1,1,1,0
6AXN9P3X,10,1,0,0,2,1,1,0
6AX4KDFA,11,3,0,0,1,1,1,1
6AOBF4H6,10,1,1,0,2,1,1,0
6AMY1OCU,10,2,0,0,2,1,1,0
6AK5T6CB,11,2,0,0,1,1,1,0
6ALRVYB9,11,1,1,0,2,1,1,0
6AP2ELGY,10,1,2,0,1,1,1,0
6B6Q85CD,12,1,0,0,2,1,1,1
6APXMNOX,10,1,2,0,1,1,1,0
6AR38WO7,10,1,2,0,1,1,1,0
6AX4CYO5,10,1,0,0,3,1,1,0
6AXAULCR,11,2,1,0,1,1,1,1
6AYD94WS,10,2,1,0,1,1,1,0
6AYOAPLA,10,1,1,0,2,1,1,0
6AXH4BCK,10,1,1,0,2,1,1,0
6ASQVTV3,10,1,2,0,1,1,1,0
6AQT8XCF,10,3,0,0,1,1,1,0
6B1ZKEAE,10,1,0,0,3,1,1,0
6AQGWVPF,10,2,0,0,2,1,1,0
6ARRTD4I,12,1,2,0,1,1,1,0
6AQIO2C4,10,1,2,0,1,1,1,0
6AS5423F,10,1,1,0,1,1,1,0
6APOMO7W,11,1,1,0,2,1,1,1
6AVZCWPC,10,2,0,0,2,1,1,0
6B4NDEKO,10,2,0,0,2,1,1,0
6AV14K91,10,1,0,0,3,1,1,0
6APN8TV6,10,2,1,0,1,1,1,0
6APW2FQ4,10,2,0,0,2,1,1,0
6AOADHMA,10,1,1,0,2,1,1,0
6AR3PKGJ,11,3,0,0,1,1,1,0
6AMAR5KD,10,2,1,0,1,1,1,0
6AIE152G,11,3,0,0,1,1,1,0
6ASBRSR9,10,2,1,0,1,1,1,0
6AVOV5JL,10,1,1,0,2,1,1,0
6APX76P7,11,2,0,0,1,1,1,0
6AWPZA6P,11,2,1,0,1,1,1,1
6B27N3D5,13,1,1,0,2,1,1,1
6AQ6TVUD,10,2,1,0,1,1,1,0
6AQWOQ7B,10,2,0,0,2,1,1,0
6B27LJTL,10,1,1,0,2,1,1,0
6AT2L53H,11,1,2,0,1,1,1,1
6AWXRARC,12,1,3,0,1,1,1,0
6AR89JBH,10,1,2,0,1,1,1,0
6B2BCZPV,11,1,0,0,3,1,1,1
6AQPQR6G,11,2,0,0,2,1,1,1
6AR1KRLG,10,1,2,0,1,1,1,0
6ARSP2L3,11,2,0,0,2,1,1,0
6APT577K,11,2,1,0,1,1,1,1
6AOHEKWM,10,1,2,0,1,1,1,0
6B32FJKK,12,1,2,0,2,1,1,0
6AOSBJQI,10,1,1,0,2,1,1,0
6AO9TYNQ,10,1,1,0,2,1,1,0
6B127PIW,10,2,0,0,1,1,1,0
6ARIE64I,10,2,1,0,1,1,1,0
6ANQVYIU,10,1,1,0,1,1,1,0
6AML2P3J,10,1,1,0,2,1,1,0
6APL5DM1,10,1,1,0,2,1,1,0
6APQK1AT,10,2,0,0,2,1,1,0
6B1A2LBI,10,1,1,0,2,1,1,0
6AVZ9NXL,10,3,0,0,1,1,1,0
6ASYJ3B6,11,2,1,0,1,1,1,1
6AZ2QNYX,10,1,2,0,1,1,1,0
6ATUYMG7,10,3,0,0,1,1,1,0
6AT7NFQ1,11,1,1,0,2,1,1,0
6AOTHXYG,10,2,0,0,1,1,1,0
6B65ASFX,10,1,0,0,2,1,1,0
6B496L8K,10,2,0,0,2,1,1,0
6B143BKH,10,2,0,0,2,1,1,0
6ARUX4Q7,11,1,0,0,3,1,1,0
6AV7YFP5,10,1,2,0,1,1,1,0
6AZM55DJ,12,2,1,0,2,1,1,0
6AU23S1P,13,3,0,0,2,1,1,1
6ANKOZGN,10,2,1,0,1,1,1,0
6ASJGUVO,12,1,1,0,2,1,1,1
6AQOWT25,10,1,0,0,3,1,1,0
6AZEYIMH,10,1,0,0,3,1,1,0
6AQXIQ8H,12,1,1,0,3,1,1,0
6AR25RM8,10,2,1,0,1,1,1,0
6AT4IE7T,10,2,0,0,1,1,1,0
6AO3FKX9,10,2,0,0,2,1,1,0
6AQQU2Z8,10,2,0,0,1,1,1,0
6ANK3HTT,12,2,1,0,2,1,1,0
6AR92839,10,2,0,0,1,1,1,0
6ATOUR5C,10,3,0,0,1,1,1,0
6AQSI5WT,10,1,1,0,2,1,1,0
6B2B5B5W,10,2,0,0,2,1,1,0
6AXN4Z7M,11,1,2,0,1,1,1,1
6B6E4K7E,10,2,0,0,1,1,1,0
6B185B8E,10,1,2,0,1,1,1,0
6B4K3S3M,10,1,2,0,1,1,1,0
6ATSKPL1,10,1,2,0,1,1,1,0
6AYYXKI7,10,2,1,0,1,1,1,0
6ATN1LMD,13,1,0,0,2,1,1,3
6AQQA7L3,11,2,0,0,1,1,1,1
6ARR1YET,10,1,0,0,2,1,1,0
6AR9NKR4,11,1,2,0,1,1,1,1
6ARQQ4AZ,10,2,1,0,1,1,1,0
6AZIW77A,10,2,1,0,1,1,1,0
6ARCVUF9,11,1,0,0,2,1,1,0
6ATA2NG9,10,3,0,0,1,1,1,0
6AR784RV,11,1,1,0,2,1,1,1
6AU5O2SC,11,1,0,0,3,1,1,0
6APG4MX1,10,2,1,0,1,1,1,0
6ATSBJY9,11,1,2,0,1,1,1,1
6ASCHFBI,10,1,1,0,1,1,1,0
6B9KTQ1X,10,2,0,0,2,1,1,0
6B2MMBBE,10,1,1,0,1,1,1,0
6ARL16FT,10,2,0,0,2,1,1,0
6AS1IS5X,10,2,0,0,2,1,1,0
6AZSW9OM,10,1,1,0,2,1,1,0
6AQJ5XWG,10,2,0,0,2,1,1,0
6AWN2TLR,10,2,1,0,1,1,1,0
6ARKTWQU,11,2,1,0,1,1,1,0
6AXO8HQR,14,2,1,0,1,1,1,2
6AT6OVE9,10,1,1,0,1,1,1,0
6ARBKTLT,10,3,0,0,1,1,1,0
6AU1NK2D,10,1,1,0,1,1,1,0
6ATTVMTL,13,2,2,0,1,1,1,1
6AVI5N37,10,2,0,0,1,1,1,0
6ATUI1SY,10,1,1,0,1,1,1,0
6AXUZCUV,12,1,1,0,2,1,1,0
6ARKM6TJ,10,1,1,0,2,1,1,0
6AS91JIY,11,1,1,0,2,1,1,1
6AR1BS7Y,10,2,0,0,1,1,1,0
6AP9Y3IL,10,1,0,0,3,1,1,0
6AOU7FXX,10,1,1,0,2,1,1,0
6AYQ534I,10,1,1,0,2,1,1,0
6AQZM385,10,1,2,0,1,1,1,0
6ARG7ZJD,10,2,0,0,1,1,1,0
6AZOD9MD,10,2,1,0,1,1,1,0
6AQTVVAY,10,2,1,0,1,1,1,0
6AT8NUYF,10,2,1,0,1,1,1,0
6AQQPGI3,10,2,0,0,1,1,1,0
6ARIKJGY,11,3,0,0,1,1,1,1
6ATE69X6,11,1,1,0,2,1,1,0
6APRIO2F,10,1,1,0,1,1,1,0
6AO9R3G4,10,1,1,0,2,1,1,0
6AYA8FL1,10,1,0,0,3,1,1,0
6ARZOS4P,10,2,1,0,1,1,1,0
6ARVNXHN,11,2,0,0,1,1,1,1
6AQNY6V8,10,1,1,0,2,1,1,0
6AVWK1IO,10,1,1,0,2,1,1,0
6ASJCG4N,11,2,1,0,1,1,1,0
6ARSFZYT,10,1,0,0,3,1,1,0
6ATV5SGF,11,1,1,0,1,1,1,1
6AR7NCFR,10,1,1,0,1,1,1,0
6AQWFHQD,10,2,1,0,1,1,1,0
6B48H7BU,10,1,1,0,1,1,1,0
6AUGJS51,12,3,0,0,2,1,1,0
6APAM24L,10,3,0,0,1,1,1,0
6APNSRMO,10,2,1,0,1,1,1,0
6ARXMOGY,10,3,0,0,1,1,1,0
6B5DFQTU,10,1,1,0,2,1,1,0
6AOI2HGL,12,1,2,0,1,1,1,0
6AXYHOZD,10,2,0,0,1,1,1,0
6AW19Z2Z,14,3,0,0,2,1,1,2
6ARF7LN5,11,2,0,0,2,1,1,1
6AWOOECJ,12,1,2,0,1,1,1,1
6ANSDRNZ,10,1,1,0,2,1,1,0
6ANW9RYU,10,3,0,0,1,1,1,0
6AWJLTEZ,12,2,1,0,2,1,1,0
6ASC6R8Y,10,1,1,0,2,1,1,0
6ATMRFH1,11,3,0,0,1,1,1,1
6ARHQIQH,10,1,2,0,1,1,1,0
6AYUHUSJ,11,2,0,0,2,1,1,0
6AS6A4IG,10,1,0,0,3,1,1,0
6ATDDNK8,10,2,1,0,1,1,1,0
6ARP4JSH,10,2,1,0,1,1,1,0
6AOHM7CV,11,2,0,0,1,1,1,1
6ASECYV7,10,1,1,0,2,1,1,0
6ATZTE4N,10,1,2,0,1,1,1,0
6AQ85RNL,10,2,0,0,1,1,1,0
6APESQW6,10,1,1,0,2,1,1,0
6B7FBPUN,10,1,2,0,1,1,1,0
6AX9Z739,10,1,2,0,1,1,1,0
6ASJT5OI,11,2,0,0,2,1,1,0
6AVEHAVZ,10,1,2,0,1,1,1,0
6B13URDP,10,2,1,0,1,1,1,0
6B2O8UQE,10,2,1,0,1,1,1,0
6ARA8HO2,10,1,1,0,2,1,1,0
6ATUGLV7,12,3,1,0,1,1,1,0
6B7JUUAM,10,1,1,0,1,1,1,0
6APHOGYS,10,2,1,0,1,1,1,0
6AQS2SSX,10,1,1,0,2,1,1,0
6ALPA6K4,10,1,2,0,1,1,1,0
6ALPD8K4,10,1,0,0,2,1,1,0
6AOUGL44,10,1,2,0,1,1,1,0
6AVEQH46,10,3,0,0,1,1,1,0
6AVQSC2F,10,3,0,0,1,1,1,0
6B2Z2YL3,10,2,0,0,2,1,1,0
6ASNQMH3,10,2,1,0,1,1,1,0
6ATMLDV7,11,3,0,0,1,1,1,0
6ASUDUQ7,10,1,2,0,1,1,1,0
6AKWBTJP,12,2,2,0,1,1,1,0
6AKXI41L,11,1,1,0,1,1,1,1
6AZGGGFX,10,1,1,0,2,1,1,0
6AKI9MLS,10,2,1,0,1,1,1,0
6AUROE6U,11,2,1,0,1,1,1,1
6ASX885N,10,1,1,0,1,1,1,0
6ARW2VEE,11,1,0,0,2,1,1,0
6APSQH42,11,1,1,0,2,1,1,0
6AU4O53V,10,1,2,0,1,1,1,0
6B5K9D89,10,1,0,0,3,1,1,0
6B4IS1SL,10,1,2,0,1,1,1,0
6AR1ER2W,12,2,0,0,3,1,1,0
6AU5GGBM,10,3,0,0,1,1,1,0
6ASSXIH6,11,2,1,0,1,1,1,0
6AZGL26O,10,1,2,0,1,1,1,0
6B7YMCBV,10,1,2,0,1,1,1,0
6B4HFPJZ,12,2,2,0,1,1,1,0
6ASULKLP,10,2,1,0,1,1,1,0
6AQVJYZ6,13,1,1,0,3,1,1,1
6AUYBW51,11,1,2,0,1,1,1,1
6ARQZDO2,11,1,1,0,1,1,1,1
6AZZ8VV4,10,2,0,0,2,1,1,0
6ASHR6PN,10,1,1,0,2,1,1,0
6B1Y6EV7,10,1,1,0,1,1,1,0
6APHZH27,10,1,1,0,2,1,1,0
6B5PSHK2,12,1,1,0,3,1,1,0
6ARTJ75S,10,3,0,0,1,1,1,0
6AYCJH21,11,2,0,0,1,1,1,1
6ASZ12A4,12,2,0,0,2,1,1,0
6ASMWQU9,11,1,2,0,1,1,1,1
6ANDNWBN,10,1,1,0,2,1,1,0
6ASNLZJR,10,1,1,0,2,1,1,0
6AULLZQM,11,3,0,0,1,1,1,1
6AZHL8HC,10,3,0,0,1,1,1,0
6B8B7JXX,10,2,1,0,1,1,1,0
6AXS5YGO,10,1,2,0,1,1,1,0
6AQ6SA4U,10,2,0,0,1,1,1,0
6AT9MGVC,12,3,0,0,1,1,1,2
6B2JHA91,10,2,1,0,1,1,1,0
6AW769PP,10,1,0,0,3,1,1,0
6AZIDMAF,10,1,0,0,3,1,1,0
6B2MU1ZS,12,1,1,0,3,1,1,0
6AT7EJGM,11,1,2,0,1,1,1,1
6AW3U3LK,10,1,0,0,3,1,1,0
6ATNAOV6,10,2,0,0,1,1,1,0
6AX5SCQP,10,1,0,0,2,1,1,0
6B3ENCBT,10,1,2,0,1,1,1,0
6AOL64UQ,11,1,1,0,1,1,1,1
6B1THVHU,10,1,1,0,2,1,1,0
6ATKGI56,10,2,1,0,1,1,1,0
6B3Q8GK2,12,1,2,0,1,1,1,0
6AXC4XWL,10,1,2,0,1,1,1,0
6ATBO2V8,10,1,2,0,1,1,1,0
6B7ZGESJ,10,1,2,0,1,1,1,0
6AS58MRG,11,1,1,0,2,1,1,1
6APF7HFQ,13,2,1,0,1,1,1,1
6AW89E67,13,2,1,0,1,1,1,1
6B2TY69H,10,2,1,0,1,1,1,0
6B1FNI43,10,1,0,0,3,1,1,0
6AU4SN3B,10,1,0,0,3,1,1,0
6APN46OV,12,2,2,0,1,1,1,0
6AUP2OX6,10,1,2,0,1,1,1,0
6AV4FPNC,10,2,1,0,1,1,1,0
6B2A6MGP,10,1,0,0,3,1,1,0
6ATUBT78,10,1,1,0,2,1,1,0
6ASTCC9S,10,2,1,0,1,1,1,0
6B339JPN,12,1,1,0,2,1,1,0
6B2Q1GLU,11,1,0,0,3,1,1,0
6APJBC19,12,3,1,0,1,1,1,0
6AT6S3C2,12,2,2,0,1,1,1,0
6AVKO7B3,10,1,1,0,1,1,1,0
6B31FEZR,10,2,0,0,1,1,1,0
6AQF3MRT,12,2,0,0,2,1,1,0
6B2NMF8V,10,1,1,0,1,1,1,0
6B9FMPVH,10,2,0,0,2,1,1,0
6B6NAPN7,12,3,1,0,1,1,1,0
6B6TSICF,10,2,1,0,1,1,1,0
6APQCAHX,10,1,0,0,3,1,1,0
6B2O4BCB,10,3,0,0,1,1,1,0
6B83FCLD,10,2,0,0,1,1,1,0
6ATBL81G,11,2,0,0,2,1,1,0
6AQQ8KA8,14,2,1,0,2,1,1,2
6AY4RK87,10,1,2,0,1,1,1,0
6AWNGEJH,10,1,0,0,2,1,1,0
6AXSSQKV,10,2,0,0,2,1,1,0
6ASHXFVZ,14,1,2,0,2,1,1,2
6AS7F4UU,11,1,1,0,2,1,1,1
6ARI57FD,10,1,2,0,1,1,1,0
6AT1I4UB,10,1,2,0,1,1,1,0
6B5PSJUE,10,1,2,0,1,1,1,0
6AXZGBV2,10,1,0,0,2,1,1,0
6ANBZTCP,10,2,0,0,2,1,1,0
6AUK238O,11,2,1,0,1,1,1,1
6AR9ZOTI,10,1,2,0,1,1,1,0
6B2HARU5,12,3,1,0,1,1,1,0
6B1I3SVU,10,2,1,0,1,1,1,0
6AU2HDIR,10,2,1,0,1,1,1,0
6AX4CWYK,10,1,2,0,1,1,1,0
6AW2BQR9,10,1,1,0,1,1,1,0
6ATI26TS,11,2,0,0,1,1,1,0
6AT9NORI,10,2,0,0,2,1,1,0
6AX7QZ5U,10,2,1,0,1,1,1,0
6B2ZF8D6,10,2,1,0,1,1,1,0
6ATGWOW6,11,2,0,0,2,1,1,0
6AZSON8R,10,1,1,0,2,1,1,0
6ARN7IA7,12,2,0,0,3,1,1,0
6AW7LILY,10,1,0,0,3,1,1,0
6APX8RHR,12,1,1,0,3,1,1,0
6B25ABGZ,10,1,2,0,1,1,1,0
6AMODV2I,10,1,2,0,1,1,1,0
6AW6OKXC,11,2,0,0,2,1,1,1
6AV1LEI6,10,3,0,0,1,1,1,0
6AT41STK,11,1,2,0,1,1,1,1
6ATK44IV,12,3,0,0,2,1,1,0
6AZ7JLOH,13,1,2,0,2,1,1,1
6ATXAX4U,10,1,1,0,2,1,1,0
6AU1FQXG,10,1,1,0,2,1,1,0
6B1ERX2O,12,3,0,0,2,1,1,0
6AVNQ9OT,10,2,0,0,1,1,1,0
6B7RREY4,10,1,1,0,2,1,1,0
6ATPOXFM,10,1,2,0,1,1,1,0
6B84N6LC,10,2,0,0,1,1,1,0
6AXDY31W,11,1,1,0,2,1,1,0
6B323DLQ,10,1,2,0,1,1,1,0
6AW45ZKE,11,2,1,0,1,1,1,1
6ASX6V1A,11,2,0,0,2,1,1,1
6AZQR77I,10,2,1,0,1,1,1,0
6AXDQEDU,12,1,2,0,2,1,1,0
6ANCIZKA,11,1,1,0,1,1,1,1
6AXX29GV,10,1,1,0,2,1,1,0
6AP7QA5T,10,2,1,0,1,1,1,0
6BA9PQ36,10,1,2,0,1,1,1,0
6ASX9WJT,12,2,2,0,1,1,1,0
6B2F7KMK,10,2,0,0,2,1,1,0
6ANL24EE,11,1,1,0,2,1,1,0
6B3MFO57,10,2,0,0,2,1,1,0
6AYE97UX,10,1,1,0,2,1,1,0
6AVOH7V2,13,1,2,0,2,1,1,1
6B44GQDH,12,2,0,0,2,1,1,0
6AR3XDBM,12,2,0,0,3,1,1,0
6ATVOCHA,10,2,0,0,2,1,1,0
6AWNA9KD,10,1,0,0,2,1,1,0
6ARP4O4Y,10,2,1,0,1,1,1,0
6AT6WNCA,10,1,1,0,2,1,1,0
6APQ61P8,10,3,0,0,1,1,1,0
6AURZ5A1,10,1,1,0,1,1,1,0
6AS3YBC7,10,2,0,0,1,1,1,0
6ASKZD14,11,2,1,0,1,1,1,1
6AUPMNME,11,2,1,0,1,1,1,1
6B6N67H6,12,1,2,0,2,1,1,0
6AT5IOAT,10,2,0,0,1,1,1,0
6B4XSOKJ,11,3,0,0,1,1,1,1
6B6KD5KO,12,1,2,0,2,1,1,0
6ASLB51L,10,1,1,0,2,1,1,0
6AQDNBHM,10,1,0,0,2,1,1,0
6AWJWJB7,11,2,1,0,1,1,1,0
6B3X3KFE,11,1,1,0,2,1,1,1
6AVRBKMC,13,1,1,0,2,1,1,2
6B61X3W7,11,1,2,0,1,1,1,1
6AVOK7RI,10,1,2,0,1,1,1,0
6AUMTV73,10,1,1,0,1,1,1,0
6APQZ48N,11,1,0,0,3,1,1,1
6B4LA3PX,11,1,1,0,2,1,1,1
6ARJWPRO,10,2,1,0,1,1,1,0
6AOOK5QL,10,2,1,0,1,1,1,0
6B2Q62ZR,11,1,0,0,3,1,1,1
6ARXC8WF,10,1,1,0,2,1,1,0
6AQI5QUH,10,1,1,0,2,1,1,0
6AWPSVMP,10,2,0,0,2,1,1,0
6AZQ2NPS,10,2,0,0,2,1,1,0
6AU6OFUJ,10,1,1,0,2,1,1,0
6AR8KFRB,10,1,2,0,1,1,1,0
6B4HK9TM,10,1,1,0,2,1,1,0
6AZT1QFD,11,1,1,0,2,1,1,1
6AS9Q64O,11,1,1,0,1,1,1,1
6AUDKXTB,10,1,0,0,2,1,1,0
6ARDUDEP,10,1,0,0,3,1,1,0
6ASKUS6A,10,2,0,0,2,1,1,0
6B3OFT42,10,1,2,0,1,1,1,0
6ALA368C,10,1,0,0,2,1,1,0
6AY7M1FR,10,2,1,0,1,1,1,0
6AWI22NQ,10,1,1,0,2,1,1,0
6B3S1BV9,10,2,1,0,1,1,1,0
6ATJPAO5,10,1,2,0,1,1,1,0
6AZEBIYL,10,2,0,0,1,1,1,0
6B51IIJR,10,1,2,0,1,1,1,0
6B3QHLGB,11,2,1,0,1,1,1,1
6AUZ4ECF,10,2,1,0,1,1,1,0
6AT39AUU,10,2,0,0,2,1,1,0
6AWZRECC,11,1,1,0,1,1,1,0
6BCWZSA4,10,2,0,0,2,1,1,0
6AU7SY39,10,1,0,0,3,1,1,0
6B3YCY81,12,2,0,0,1,1,1,2
6ALEHJL8,10,1,1,0,2,1,1,0
6B4AJ7M2,10,2,0,0,1,1,1,0
6AUQUAY9,10,2,0,0,2,1,1,0
6ARMR2E7,10,1,1,0,1,1,1,0
6B41ESMM,12,3,1,0,1,1,1,0
6AS8938S,10,2,0,0,1,1,1,0
6AXZJ3ER,13,1,2,0,1,1,1,1
6BEL284P,12,1,1,0,3,1,1,0
6B3ZPAAO,11,1,1,0,2,1,1,0
6AXXY62I,10,2,0,0,2,1,1,0
6AWMJG2I,11,2,0,0,2,1,1,0
6AXGYMDE,10,1,1,0,2,1,1,0
6AYD1GFS,10,1,0,0,3,1,1,0
6B17TM9V,10,1,1,0,1,1,1,0
6AUC8I6H,11,1,0,0,2,1,1,0
6AZCCTXE,12,2,0,0,3,1,1,0
6AUQ2UDT,10,1,2,0,1,1,1,0
6BB1NXDS,10,1,1,0,1,1,1,0
6ATB1DN2,12,2,0,0,1,1,1,1
6AUOSOJ1,12,3,0,0,1,1,1,0
6B4SWOR5,10,1,2,0,1,1,1,0
6B7GGGP7,10,1,1,0,1,1,1,0
6B5B9F2V,10,1,0,0,3,1,1,0
6AZUHAOD,11,1,2,0,1,1,1,1
6B4UKRPC,10,2,0,0,1,1,1,0
6B4TVCJE,12,2,2,0,1,1,1,0
6B17NLXP,11,1,2,0,1,1,1,1
6AYV79XU,10,1,2,0,1,1,1,0
6AVGYGRO,10,1,1,0,2,1,1,0
6ARKGARE,10,1,1,0,2,1,1,0
6AVNRXL8,13,1,2,0,2,1,1,1
6B2NVHQX,10,3,0,0,1,1,1,0
6AX2E7MQ,10,1,1,0,2,1,1,0
6AQEY6CZ,10,1,0,0,2,1,1,0
6AXP6V1Q,10,1,0,0,3,1,1,0
6AWT3NXM,10,2,1,0,1,1,1,0
6AU3WX5A,12,1,2,0,1,1,1,0
6AUGAOIF,11,1,2,0,1,1,1,0
6AUDMCTU,10,2,1,0,1,1,1,0
6AUZXAQO,11,1,0,0,3,1,1,1
6AQMLUNN,11,1,2,0,1,1,1,0
6B4J589E,10,2,0,0,2,1,1,0
6AZ3NKKS,10,3,0,0,1,1,1,0
6B2GOJLW,11,2,1,0,1,1,1,1
6AQK1FGB,10,1,2,0,1,1,1,0
6AWPVXOQ,10,2,1,0,1,1,1,0
6B9V6TCZ,10,2,1,0,1,1,1,0
6B6LPON9,10,2,1,0,1,1,1,0
6B1QLVQI,10,2,0,0,1,1,1,0
6B5YHR1E,11,1,2,0,1,1,1,1
6AY3UDTS,11,1,2,0,1,1,1,0
6ALUT85N,10,1,2,0,1,1,1,0
6AVXIM5L,10,1,1,0,1,1,1,0
6AVQBJS7,12,1,2,0,1,1,1,0
6AWXDD8R,10,2,0,0,2,1,1,0
6B7RSV58,11,1,2,0,1,1,1,1
6B3SVONF,11,1,2,0,1,1,1,1
6AYZWFV1,13,2,1,0,1,1,1,2
6AW19WKD,12,2,0,0,1,1,1,1
6B7TCDN8,10,1,1,0,2,1,1,0
6B7FMF2H,11,1,2,0,1,1,1,0
6AVXCJ57,10,1,2,0,1,1,1,0
6B1VF1LL,11,1,1,0,2,1,1,1
6AUEHTTD,10,2,0,0,1,1,1,0
6B1DAX67,12,1,1,0,2,1,1,2
6B87TUOE,10,1,0,0,2,1,1,0
6AVVDM8O,10,1,1,0,2,1,1,0
6AVWLOC6,10,1,1,0,2,1,1,0
6B39RA14,10,3,0,0,1,1,1,0
6AU1E7IN,11,2,0,0,1,1,1,0
6B1LI8TX,12,4,0,0,1,1,1,0
6AZ4M6RW,11,3,0,0,1,1,1,0
6ASMHCXA,10,1,2,0,1,1,1,0
6APO16AE,11,2,0,0,2,1,1,1
6AT944NC,10,1,2,0,1,1,1,0
6AY8FSRU,10,2,0,0,1,1,1,0
6B2GF4H8,11,1,1,0,2,1,1,0
6AWA9ZG8,10,1,0,0,2,1,1,0
6AVMT4QB,10,1,1,0,2,1,1,0
6AX2K5CT,10,2,1,0,1,1,1,0
6B7LFPDR,10,1,1,0,2,1,1,0
6B5NYDWI,10,2,0,0,2,1,1,0
6AU84OAK,10,2,0,0,2,1,1,0
6AY4W74L,10,2,0,0,2,1,1,0
6B49TMYF,10,1,1,0,2,1,1,0
6ASVUW5E,10,2,1,0,1,1,1,0
6ARTHLNO,10,1,2,0,1,1,1,0
6BAH5KSE,10,1,1,0,1,1,1,0
6B2FYS3Z,10,1,0,0,3,1,1,0
6B1NONPE,11,1,1,0,2,1,1,0
6B6L1BWC,10,1,0,0,3,1,1,0
6AS8VUUS,10,1,2,0,1,1,1,0
6B4NC1QC,10,2,1,0,1,1,1,0
6ARXREJD,10,2,1,0,1,1,1,0
6B752KFV,10,2,0,0,2,1,1,0
6B35BHGD,10,1,0,0,3,1,1,0
6B4W124H,10,1,0,0,3,1,1,0
6B2VBEL8,10,2,1,0,1,1,1,0
6AW1VA82,10,1,1,0,2,1,1,0
6AXH76SS,10,3,0,0,1,1,1,0
6AXMNHNR,11,2,1,0,1,1,1,1
6AYYOM8P,10,1,0,0,2,1,1,0
6AYCKZ21,10,2,0,0,2,1,1,0
6AYCVOIJ,12,1,2,0,2,1,1,0
6APUCQMM,10,1,0,0,2,1,1,0
6AYOIBBZ,11,2,0,0,2,1,1,1
6ATWPU15,10,2,0,0,1,1,1,0
6AV8QY71,12,1,3,0,1,1,1,0
6AUIDTQO,11,1,0,0,3,1,1,1
6AWJLSLJ,11,2,1,0,1,1,1,1
6AVHBIRB,12,1,2,0,1,1,1,2
6B8T2KDT,10,1,1,0,1,1,1,0
6BEWD4C6,10,2,0,0,1,1,1,0
6AYR1Y8Z,11,2,1,0,1,1,1,0
6B5BXTVN,10,1,1,0,2,1,1,0
6AZTFMHS,11,2,0,0,2,1,1,1
6B5YMDRW,11,1,2,0,1,1,1,1
6AW48WSK,10,2,0,0,1,1,1,0
6AY1J9UW,10,1,0,0,2,1,1,0
6BANY1ML,10,1,1,0,1,1,1,0
6B7EPEWH,10,1,0,0,2,1,1,0
6B6EONQS,10,1,0,0,3,1,1,0
6AS1H6TL,10,1,1,0,2,1,1,0
6B63LB9U,10,2,0,0,1,1,1,0
6AZE8HCY,10,2,0,0,2,1,1,0
6AUQC3A9,11,1,2,0,1,1,1,0
6B45MVW7,12,1,0,0,3,1,1,0
6B4E4CN5,10,2,0,0,1,1,1,0
6AOP9RMT,10,1,1,0,2,1,1,0
6ARVKZRA,10,3,0,0,1,1,1,0
6AW1CZGN,10,1,1,0,2,1,1,0
6ATRQRIY,11,2,1,0,1,1,1,1
6AX2H4IA,10,3,0,0,1,1,1,0
6B5ACH71,11,3,0,0,1,1,1,0
6B2UP1RP,10,1,0,0,3,1,1,0
6AUKV5NI,10,2,0,0,2,1,1,0
6AQHDABB,12,2,1,0,1,1,1,1
6AVHHTUZ,10,2,0,0,2,1,1,0
6AW3RA2O,10,1,1,0,1,1,1,0
6AYTYD7Z,10,2,0,0,2,1,1,0
6AQ68NL6,10,3,0,0,1,1,1,0
6B428U11,11,2,1,0,1,1,1,1
6ASTQ56Q,10,1,2,0,1,1,1,0
6AYC2QC2,10,1,1,0,1,1,1,0
6BA2E24A,11,1,2,0,1,1,1,1
6AX1DVT8,10,2,0,0,2,1,1,0
6AV9R7SL,12,2,1,0,2,1,1,0
6ATA2NOW,11,2,1,0,1,1,1,1
6B4L6YFC,10,1,1,0,2,1,1,0
6AYD2W2F,10,2,1,0,1,1,1,0
6AZ6O3RI,11,2,1,0,1,1,1,1
6ARB5MKF,10,2,1,0,1,1,1,0
6ARMA8TL,10,2,0,0,1,1,1,0
6AT6IVA9,10,2,1,0,1,1,1,0
6AVCAPW1,10,1,1,0,2,1,1,0
6AUALR64,10,1,1,0,1,1,1,0
6AZZPMVD,11,2,0,0,1,1,1,1
6BA97K18,11,2,0,0,2,1,1,1
6B93TXU8,10,2,1,0,1,1,1,0
6AW5UMXA,10,2,0,0,1,1,1,0
6ASMVABE,13,3,1,0,1,1,1,1
6B4KZTAF,10,1,1,0,1,1,1,0
6AXCURFR,12,2,1,0,1,1,1,1
6B45JR2C,11,1,0,0,2,1,1,1
6B13IGSX,10,1,1,0,2,1,1,0
6ATSJ5GZ,11,2,1,0,1,1,1,0
6B1B2ZIB,12,2,0,0,2,1,1,0
6B6O7UF6,11,1,0,0,3,1,1,1
6B8SPC7E,10,2,0,0,1,1,1,0
6AYCMPDV,12,2,0,0,2,1,1,1
6AVS7C17,10,2,0,0,2,1,1,0
6AYD94DE,10,1,1,0,2,1,1,0
6ARH6KDZ,10,1,0,0,2,1,1,0
6AY5OHDF,10,2,1,0,1,1,1,0
6ATSKQ2L,10,1,1,0,2,1,1,0
6AVVGX94,11,2,0,0,2,1,1,1
6AZOSJ1L,10,2,0,0,2,1,1,0
6AW8NELA,13,1,2,0,2,1,1,1
6AWI248K,11,1,1,0,2,1,1,1
6BAIGFMW,10,1,1,0,2,1,1,0
6B6QS1V5,10,2,0,0,1,1,1,0
6AWSFMGX,10,1,1,0,2,1,1,0
6B79AZS5,13,2,0,0,3,1,1,1
6AWJFT98,10,1,1,0,2,1,1,0
6AXKCEP2,12,1,0,0,2,1,1,2
6BAMNCN2,10,1,0,0,3,1,1,0
6AY89NPZ,10,2,0,0,2,1,1,0
6AX9LAM1,14,1,1,0,3,1,1,0
6AXM7ZXZ,10,1,2,0,1,1,1,0
6B3TVS4X,14,3,1,0,1,1,1,1
6AVMDRMA,10,1,0,0,3,1,1,0
6ATWMRMB,10,1,1,0,1,1,1,0
6AWLYGVZ,11,1,1,0,1,1,1,1
6B9YC1YF,14,1,3,0,1,1,1,0
6AYL8RPC,11,1,1,0,1,1,1,0
6B2QI8NW,10,2,1,0,1,1,1,0
6AYNOFKE,11,3,0,0,1,1,1,0
6AVMLF5L,11,1,0,0,3,1,1,0
6B3HYMB1,11,1,1,0,2,1,1,1
6B4ZCB2X,10,2,0,0,1,1,1,0
6AXA1KHU,10,2,0,0,2,1,1,0
6B523CUN,10,1,1,0,1,1,1,0
6B71OWE2,12,3,1,0,1,1,1,0
6B56J8P6,10,1,1,0,2,1,1,0
6AU9ZEMC,12,1,2,0,1,1,1,1
6B7IAWPP,11,2,0,0,2,1,1,1
6B8JPQRK,10,1,2,0,1,1,1,0
6AXKLBNI,10,3,0,0,1,1,1,0
6B6UDGV7,12,3,0,0,2,1,1,0
6AXMDZ27,11,1,2,0,1,1,1,1
6B1FFPUB,12,1,1,0,3,1,1,0
6AXRMJG6,10,2,0,0,2,1,1,0
6B48QE9S,10,1,1,0,1,1,1,0
6ATBVOSO,10,2,1,0,1,1,1,0
6AZRF8ZT,13,2,0,0,3,1,1,1
6B3841HB,10,1,1,0,1,1,1,0
6BA9I1GJ,10,1,1,0,2,1,1,0
6APM5OGQ,12,2,2,0,1,1,1,0
6AZVE6E7,11,2,0,0,2,1,1,1
6ATL922H,11,1,2,0,1,1,1,1
6AXMOS4Q,10,2,0,0,1,1,1,0
6AZ3J349,12,3,0,0,2,1,1,0
6AWSH7CS,10,1,2,0,1,1,1,0
6ARZFHV2,11,1,2,0,1,1,1,1
6AWSCILW,11,1,2,0,1,1,1,0
6AO6Y8IB,11,1,2,0,1,1,1,1
6B72D1OT,10,2,0,0,1,1,1,0
6ANKY6K8,11,1,1,0,1,1,1,1
6AW8K4KV,11,2,1,0,1,1,1,1
6B7FVT12,11,1,1,0,2,1,1,1
6AWF34Y8,12,2,1,0,2,1,1,0
6AWE2PLR,10,1,2,0,1,1,1,0
6B8WFAYE,12,1,2,0,2,1,1,0
6AT1YROQ,10,1,2,0,1,1,1,0
6AWA6O1P,10,2,1,0,1,1,1,0
6B812ZJH,10,1,0,0,3,1,1,0
6AWVYMXK,10,2,1,0,1,1,1,0
6B43MOTS,10,1,1,0,2,1,1,0
6AT4N2SW,10,1,2,0,1,1,1,0
6ATSHJ93,10,1,2,0,1,1,1,0
6AS84KSU,13,1,1,0,2,1,1,1
6B6Z7YCZ,11,1,0,0,3,1,1,1
6B45I7VF,10,1,1,0,2,1,1,0
6AVRSCYU,10,2,0,0,2,1,1,0
6BEC6WMA,10,3,0,0,1,1,1,0
6AXGHX6E,10,1,1,0,1,1,1,0
6B9HZ7MT,12,2,2,0,1,1,1,0
6B24ML12,10,3,0,0,1,1,1,0
6ARVG7J3,10,1,1,0,2,1,1,0
6AZEQTHF,12,2,1,0,1,1,1,1
6B9A3KGS,10,1,1,0,2,1,1,0
6B8ZLXDA,10,1,1,0,1,1,1,0
6B5LTIGG,10,1,1,0,2,1,1,0
6AXDHAV1,10,1,1,0,2,1,1,0
6AWZLC9E,10,3,0,0,1,1,1,0
6B16OVVR,13,2,2,0,1,1,1,1
6BEK22EM,12,1,0,0,4,1,1,0
6B4QAUS6,10,2,0,0,1,1,1,0
6B4D483S,12,3,0,0,2,1,1,0
6AS5EONA,11,1,1,0,1,1,1,0
6AUCSAK6,11,1,0,0,3,1,1,1
6B6HTLS8,10,1,1,0,1,1,1,0
6ATG6RG5,10,1,2,0,1,1,1,0
6AX6D5DK,11,1,2,0,1,1,1,1
6B7BHC1C,10,1,2,0,1,1,1,0
6B1FOY25,12,2,0,0,1,1,1,1
6B3W1VB9,12,3,0,0,2,1,1,0
6B3X8534,10,1,1,0,2,1,1,0
6B8JGHCW,11,1,2,0,1,1,1,0
6AXLZHZ6,10,2,1,0,1,1,1,0
6AZOTWOV,10,3,0,0,1,1,1,0
6BEE7547,11,1,1,0,1,1,1,1
6AXSL8IR,10,1,0,0,2,1,1,0
6B1L93EK,12,1,0,0,2,1,1,2
6AYBPDUK,10,3,0,0,1,1,1,0
6AYV485A,11,2,0,0,1,1,1,0
6ATFOQAZ,10,1,2,0,1,1,1,0
6AZLV1GL,12,1,1,0,2,1,1,1
6B8E52UN,10,3,0,0,1,1,1,0
6AU4GFDO,11,2,1,0,1,1,1,0
6B1LODDE,12,4,0,0,1,1,1,0
6AU5JNIB,11,1,1,0,2,1,1,0
6AQTJL8E,10,1,1,0,1,1,1,0
6AW7DUDF,10,2,1,0,1,1,1,0
6AZYTZGL,10,2,1,0,1,1,1,0
6ATMI8SP,10,1,1,0,2,1,1,0
6B26SZXO,11,2,1,0,1,1,1,0
6AR1BJLA,12,2,0,0,1,1,1,2
6B866PA4,10,1,2,0,1,1,1,0
6B1NFBWT,10,2,0,0,2,1,1,0
6B2EVQB5,10,2,0,0,1,1,1,0
6AXISQ96,10,1,0,0,2,1,1,0
6B88TXP6,10,1,2,0,1,1,1,0
6B57ETRW,10,2,0,0,2,1,1,0
6ATMVZD4,11,1,2,0,1,1,1,1
6AYCL4GD,10,2,1,0,1,1,1,0
6B4S871Q,11,2,0,0,2,1,1,0
6B7XKREP,10,2,0,0,2,1,1,0
6AU3NYEF,10,3,0,0,1,1,1,0
6AWJ8BMM,10,3,0,0,1,1,1,0
6AUW9ZZF,13,2,1,0,2,1,1,0
6BDOW9LW,10,1,2,0,1,1,1,0
6AX6PJ3P,10,2,0,0,2,1,1,0
6BCGVR8W,11,2,1,0,1,1,1,0
6AXMUVZU,10,2,0,0,1,1,1,0
6AWEI8DZ,10,2,1,0,1,1,1,0
6B1K8XBX,10,1,2,0,1,1,1,0
6B5HDCI2,10,2,1,0,1,1,1,0
6BBKVI1U,11,1,1,0,2,1,1,0
6AXGNZOZ,10,1,2,0,1,1,1,0
6B1PQERA,12,2,1,0,1,1,1,0
6AXVZFA6,10,1,0,0,2,1,1,0
6BBVR6CA,10,1,0,0,2,1,1,0
6AX4WLN1,10,2,0,0,2,1,1,0
6AXSJM23,11,2,1,0,1,1,1,0
6AX421P6,10,2,1,0,1,1,1,0
6ASWG1I1,11,2,0,0,2,1,1,0
6B1D35P5,13,1,3,0,1,1,1,1
6AX4BGSY,10,1,0,0,2,1,1,0
6AV7QUPG,11,1,2,0,1,1,1,1
6AWLQW3O,10,2,0,0,2,1,1,0
6ATAMG1J,10,1,1,0,1,1,1,0
6BAF8GSJ,10,1,1,0,2,1,1,0
6AX8HYZ2,11,1,2,0,1,1,1,1
6B21NMCK,11,1,1,0,2,1,1,1
6AVIEPK1,11,1,0,0,2,1,1,1
6B8FZTAY,10,1,0,0,3,1,1,0
6B1FFRU6,11,3,0,0,1,1,1,1
6B5G7C18,10,2,1,0,1,1,1,0
6B5GYTZJ,10,2,1,0,1,1,1,0
6B3FS8XD,12,2,1,0,2,1,1,0
6BAY22P1,10,3,0,0,1,1,1,0
6AYV2R7B,10,1,2,0,1,1,1,0
6B1M91TA,11,2,0,0,1,1,1,1
6AX2H8N4,10,1,1,0,2,1,1,0
6B5X23K4,11,1,1,0,2,1,1,0
6B37KV8N,10,1,2,0,1,1,1,0
6B81Z2W6,11,2,0,0,1,1,1,1
6ARJ8IPH,10,1,1,0,1,1,1,0
6BAGG4NT,13,1,2,0,2,1,1,1
6B3YS91A,10,2,0,0,1,1,1,0
6BDB7FTV,10,2,1,0,1,1,1,0
6B7RJV5A,10,1,0,0,3,1,1,0
6AV687EU,11,1,1,0,2,1,1,0
6AYC4EJT,13,3,0,0,2,1,1,1
6B74ESRW,10,1,1,0,2,1,1,0
6AY9P6FB,10,2,1,0,1,1,1,0
6B2WEQCZ,10,1,1,0,2,1,1,0
6B3COLQL,12,1,2,0,1,1,1,0
6AY3LC9F,10,1,0,0,3,1,1,0
6AV2AUDV,10,3,0,0,1,1,1,0
6BAS5TNK,10,2,1,0,1,1,1,0
6AV98SQH,10,1,0,0,2,1,1,0
6AYD1ENX,10,2,1,0,1,1,1,0
6AYNC1VH,10,3,0,0,1,1,1,0
6AXSPVOO,10,1,0,0,2,1,1,0
6B9TS5EA,12,1,1,0,3,1,1,0
6AXVWHV7,11,1,1,0,2,1,1,1
6AYI56O8,10,2,1,0,1,1,1,0
6B8UI8J9,11,1,2,0,1,1,1,1
6B457SLP,10,1,1,0,1,1,1,0
6B5E2CMG,10,2,0,0,1,1,1,0
6B473AJZ,10,1,2,0,1,1,1,0
6AZFHYVI,12,3,1,0,1,1,1,0
6AZ16GF7,10,1,1,0,2,1,1,0
6B7Q8VCS,10,2,1,0,1,1,1,0
6B7PHVR9,10,2,1,0,1,1,1,0
6B33UY5I,13,1,2,0,1,1,1,3
6ASXP5RN,10,2,0,0,2,1,1,0
6B25SNT4,10,3,0,0,1,1,1,0
6AQ2USAY,10,1,1,0,2,1,1,0
6B8D9CXB,10,3,0,0,1,1,1,0
6BB5JW9H,11,1,0,0,3,1,1,1
6B56JGKO,10,1,0,0,3,1,1,0
6BDXWBEG,10,2,1,0,1,1,1,0
6AXEQS4V,10,1,0,0,3,1,1,0
6BH3WGVL,12,2,0,0,1,1,1,2
6B4CNYCV,10,1,0,0,2,1,1,0
6BB9HKZ3,10,2,1,0,1,1,1,0
6B2R1KKC,11,1,0,0,3,1,1,0
6ATSTZ98,10,1,0,0,3,1,1,0
6B1EFORK,10,1,2,0,1,1,1,0
6B8CXP3K,10,1,2,0,1,1,1,0
6AZMLV2B,10,1,1,0,2,1,1,0
6AXRSPPW,12,1,1,0,2,1,1,2
6B5KRMID,11,1,2,0,1,1,1,1
6BC7R4UV,10,2,1,0,1,1,1,0
6B5FG9IY,10,1,0,0,3,1,1,0
6B3A7I88,10,2,0,0,1,1,1,0
6B7QGIPW,10,2,1,0,1,1,1,0
6B3VCAQ3,10,1,1,0,2,1,1,0
6B1CZ21G,10,2,1,0,1,1,1,0
6BEJH8AO,11,1,0,0,3,1,1,1
6B5ROC6J,10,1,1,0,2,1,1,0
6B5J1NN1,10,1,1,0,2,1,1,0
6AZQVSDS,10,1,1,0,1,1,1,0
6AYUKTPN,10,1,1,0,2,1,1,0
6AZZ2LNR,10,2,0,0,1,1,1,0
6B84Q7GP,14,1,2,0,2,1,1,0
6AZ2ZTB7,10,2,1,0,1,1,1,0
6AY25PYY,10,1,2,0,1,1,1,0
6AVD3GJN,12,1,0,0,2,1,1,1
6AZQJLL4,12,2,1,0,1,1,1,1
6B1TVTDE,11,1,0,0,3,1,1,1
6AY3JM5G,10,1,1,0,2,1,1,0
6B9XHVXQ,10,1,2,0,1,1,1,0
6AZGPS6H,10,2,1,0,1,1,1,0
6AZ45FJR,10,2,0,0,2,1,1,0
6B9IUVWY,12,3,0,0,1,1,1,1
6B3QG81V,10,1,1,0,1,1,1,0
6B9N5JZV,10,1,2,0,1,1,1,0
6B95JRC1,10,1,2,0,1,1,1,0
6AUTFPE1,11,1,2,0,1,1,1,1
6B2NGC3D,10,1,2,0,1,1,1,0
6AQF8DFS,10,1,0,0,3,1,1,0
6BAOEHJU,10,2,0,0,2,1,1,0
6B18KP1I,10,1,2,0,1,1,1,0
6B9MGCAD,10,2,0,0,2,1,1,0
6AYTVJOM,11,1,1,0,2,1,1,1
6B8AR45Z,10,1,0,0,2,1,1,0
6B2ZDOWE,10,2,0,0,1,1,1,0
6B9G9BKO,10,2,1,0,1,1,1,0
6B9CSI4V,10,1,0,0,3,1,1,0
6AYYH14X,10,1,1,0,1,1,1,0
6AY6817S,10,1,0,0,2,1,1,0
6B2V9RKW,10,2,0,0,2,1,1,0
6B5SMVY9,10,1,1,0,1,1,1,0
6BB44GTS,10,1,1,0,2,1,1,0
6AV7YFK3,10,2,1,0,1,1,1,0
6BBAZYKI,11,2,1,0,1,1,1,0
6AZMBB5Z,10,2,1,0,1,1,1,0
6B1FQCQG,10,2,1,0,1,1,1,0
6AQSO1PX,10,1,2,0,1,1,1,0
6BAE3SW5,10,2,0,0,1,1,1,0
6BDZS1S1,10,1,0,0,3,1,1,0
6AX1N4IP,10,2,1,0,1,1,1,0
6BGU27LU,10,2,0,0,1,1,1,0
6AWOO6PM,10,2,0,0,2,1,1,0
6AX8SW8N,10,1,1,0,2,1,1,0
6B8DOMQL,11,1,2,0,1,1,1,0
6B159GV3,10,2,0,0,2,1,1,0
6AZXHNWK,10,1,0,0,3,1,1,0
6AW3PGI3,10,3,0,0,1,1,1,0
6AX3QBLH,12,2,1,0,2,1,1,0
6BAO28J2,10,3,0,0,1,1,1,0
6AXCE95M,11,2,1,0,1,1,1,1
6AXJI6YK,10,1,1,0,1,1,1,0
6B9AV85I,10,1,1,0,2,1,1,0
6BCBLTXG,10,2,1,0,1,1,1,0
6AW6FD7S,10,2,0,0,2,1,1,0
6AZJLHHF,10,1,1,0,2,1,1,0
6AWW12PX,10,2,1,0,1,1,1,0
6B6YXS9Y,10,1,0,0,3,1,1,0
6BC1XURN,10,1,1,0,1,1,1,0
6BCDECK7,10,1,1,0,1,1,1,0
6B218B55,11,2,1,0,1,1,1,0
6BA29JHO,10,2,0,0,2,1,1,0
6B6DRLBN,10,1,0,0,2,1,1,0
6BCFA4Z6,12,3,0,0,1,1,1,2
6AZO3XIP,11,1,0,0,3,1,1,1
6BFTDD3K,10,1,0,0,2,1,1,0
6BACE1N8,14,2,1,0,2,1,1,2
6BGP7I68,10,1,1,0,2,1,1,0
6BA2IHMF,10,2,1,0,1,1,1,0
6AWHFE3U,11,1,2,0,1,1,1,1
6B3CFDXR,10,1,1,0,2,1,1,0
6B9ZPYYZ,11,1,2,0,1,1,1,0
6B6GB399,10,1,1,0,2,1,1,0
6AVLT1FO,10,1,1,0,1,1,1,0
6BCZJA76,11,1,1,0,2,1,1,1
6B9GPZDY,11,2,1,0,1,1,1,0
6B8XE6O4,11,1,0,0,3,1,1,1
6BAXQNCW,10,1,2,0,1,1,1,0
6B1CFDUP,10,2,0,0,1,1,1,0
6AZNCY1F,10,3,0,0,1,1,1,0
6B6ITS93,11,1,1,0,2,1,1,1
6ATXOIB1,10,2,0,0,2,1,1,0
6B6A74C2,10,1,0,0,3,1,1,0
6B2272R9,12,1,2,0,2,1,1,0
6BEAFRVA,10,2,1,0,1,1,1,0
6B8TRBAW,12,1,2,0,1,1,1,2
6AXTXI6G,10,1,1,0,1,1,1,0
6B98ZCUX,11,2,1,0,1,1,1,0
6B25VXO2,12,2,1,0,2,1,1,0
6AY7ZM5L,10,2,1,0,1,1,1,0
6BG51BRT,12,2,1,0,2,1,1,0
6AVLRNK1,10,1,1,0,2,1,1,0
6AWDXD59,10,1,1,0,2,1,1,0
6B9HMYJO,10,1,0,0,3,1,1,0
6AYXSVSI,10,1,0,0,3,1,1,0
6BCXP9AR,10,1,0,0,3,1,1,0
6B5284NZ,12,2,2,0,1,1,1,0
6BB89V4V,12,2,1,0,1,1,1,1
6B2CZYSG,10,1,1,0,2,1,1,0
6AZMTJWQ,10,2,1,0,1,1,1,0
6ASYNO4L,10,1,0,0,3,1,1,0
6B71ZPI8,12,1,2,0,1,1,1,0
6B8QQKRA,11,1,2,0,1,1,1,1
6AWSQLEA,10,1,1,0,2,1,1,0
6BBA8NJH,10,2,1,0,1,1,1,0
6BCJRIA8,10,1,1,0,1,1,1,0
6BCVWI22,10,1,2,0,1,1,1,0
6AVQ3VZM,10,1,1,0,2,1,1,0
6B3NK8XP,10,1,0,0,2,1,1,0
6B12W75T,10,2,1,0,1,1,1,0
6B91QQTZ,12,1,1,0,3,1,1,0
6AYKSKQQ,10,2,0,0,2,1,1,0
6B1SGCZ2,11,1,1,0,2,1,1,0
6ATL14YF,10,2,1,0,1,1,1,0
6AT98LTG,12,3,0,0,2,1,1,0
6B3QG37H,10,2,1,0,1,1,1,0
6B2U9WCM,11,1,1,0,1,1,1,0
6ATQBE37,10,1,0,0,3,1,1,0
6AX7BUCV,10,3,0,0,1,1,1,0
6AZ72Z3O,10,1,0,0,3,1,1,0
6B5YD6ZF,11,3,0,0,1,1,1,1
6BC7MMRI,10,2,0,0,2,1,1,0
6B4RLU9E,11,2,1,0,1,1,1,0
6B4OYYBT,10,1,0,0,2,1,1,0
6AYZFMQB,12,2,2,0,1,1,1,0
6BDDDTVQ,10,1,1,0,1,1,1,0
6BDE4TDV,10,1,2,0,1,1,1,0
6B5QX8OA,11,2,1,0,1,1,1,1
6AWERGMK,10,1,2,0,1,1,1,0
6AWTNJK2,10,2,0,0,2,1,1,0
6B41TXBS,10,2,1,0,1,1,1,0
6B1VAO54,11,1,1,0,2,1,1,1
6AZ71F7Y,11,1,0,0,2,1,1,1
6BBR25KV,10,2,0,0,2,1,1,0
6AYDMT5U,10,1,2,0,1,1,1,0
6B3KI7XS,10,1,1,0,1,1,1,0
6B1OUROD,10,1,1,0,2,1,1,0
6B67QNQS,11,3,0,0,1,1,1,1
6B2L274C,10,2,0,0,1,1,1,0
6AZ6PQJV,10,2,0,0,2,1,1,0
6BBRV16C,10,1,1,0,1,1,1,0
6AZI6858,10,1,0,0,2,1,1,0
6B8BC3WY,11,2,1,0,1,1,1,1
6AT656EU,10,1,2,0,1,1,1,0
6BDHKHY4,10,3,0,0,1,1,1,0
6AX1UKRQ,12,3,1,0,1,1,1,0
6B13W5FA,10,1,2,0,1,1,1,0
6B5O5A7Q,10,1,1,0,2,1,1,0
6B1RM12D,10,1,1,0,2,1,1,0
6B48XZ2H,10,2,0,0,1,1,1,0
6B46W712,12,2,2,0,1,1,1,0
6B521XJ8,10,2,1,0,1,1,1,0
6B1I5JTR,10,3,0,0,1,1,1,0
6BFOKG4T,12,2,1,0,2,1,1,0
6B8G3V3X,10,3,0,0,1,1,1,0
6B334VL7,11,2,1,0,1,1,1,0
6B4QT6M9,10,1,2,0,1,1,1,0
6B56YKCT,10,1,2,0,1,1,1,0
6B4ZURCR,12,2,2,0,1,1,1,0
6AZSFFD6,12,2,2,0,1,1,1,0
6AZQPU7Z,10,1,2,0,1,1,1,0
6B45CE9F,10,1,1,0,1,1,1,0
6BE4A6V2,12,2,0,0,2,1,1,2
6AZG4F5B,10,1,1,0,2,1,1,0
6AXPM4FX,10,1,1,0,2,1,1,0
6ATF3INE,10,1,0,0,2,1,1,0
6B22YEQE,10,1,1,0,1,1,1,0
6B23A85B,10,1,2,0,1,1,1,0
6AWOGN6F,12,2,1,0,1,1,1,2
6AZADZXF,10,1,0,0,3,1,1,0
6AXJUJDV,10,1,2,0,1,1,1,0
6BEER3Z9,10,1,2,0,1,1,1,0
6BBJ6WEA,10,2,1,0,1,1,1,0
6B1AL6JB,10,1,0,0,3,1,1,0
6BE5MO5C,10,1,2,0,1,1,1,0
6B1OH8GB,10,1,2,0,1,1,1,0
6AX199XX,10,1,1,0,2,1,1,0
6B11Z2FI,12,2,1,0,1,1,1,2
6AXHDI3M,10,2,0,0,2,1,1,0
6B9DVLPO,11,1,1,0,2,1,1,0
6B4Y2Y3M,10,1,1,0,2,1,1,0
6AVCJTMZ,10,1,1,0,2,1,1,0
6B644O9Z,10,2,1,0,1,1,1,0
6AXKMVK2,11,2,0,0,2,1,1,1
6ATD631I,10,1,0,0,3,1,1,0
6B5Q8R83,10,1,0,0,3,1,1,0
6BDUU6NL,11,1,0,0,3,1,1,1
6AROJTJW,11,3,0,0,1,1,1,1
6AU375Q4,10,2,0,0,1,1,1,0
6AXM1SIS,11,1,2,0,1,1,1,1
6B34QB4C,10,1,0,0,2,1,1,0
6BCHBXGC,10,1,0,0,2,1,1,0
6AZKXTLR,10,2,1,0,1,1,1,0
6BBXUI2F,11,2,0,0,2,1,1,1
6BIV761O,10,3,0,0,1,1,1,0
6B3QP7DZ,11,1,0,0,2,1,1,1
6AU4XAON,10,1,0,0,3,1,1,0
6B2SUZF7,11,1,0,0,2,1,1,1
6BDPWJRT,11,1,1,0,1,1,1,0
6B76GHM9,10,1,1,0,2,1,1,0
6BAH8OOB,11,1,1,0,2,1,1,1
6AYCO75A,10,2,1,0,1,1,1,0
6B571649,10,2,1,0,1,1,1,0
6B2QC8O3,10,1,0,0,3,1,1,0
6B6L5SPC,12,4,0,0,1,1,1,0
6BLPDGNS,10,1,0,0,2,1,1,0
6BB3PN2Q,10,1,1,0,2,1,1,0
6B78C91G,10,2,0,0,2,1,1,0
6AY7QLL9,10,2,0,0,2,1,1,0
6BFXRQ47,10,1,2,0,1,1,1,0
6BEZZ3T8,10,2,1,0,1,1,1,0
6B1N66OS,10,1,1,0,2,1,1,0
6B2A22SK,12,3,1,0,1,1,1,0
6AYZW7LO,10,1,1,0,2,1,1,0
6B8B2SUU,10,2,0,0,2,1,1,0
6B73J7FM,10,1,1,0,1,1,1,0
6B3UF9C6,10,1,2,0,1,1,1,0
6AWRCI55,10,1,1,0,1,1,1,0
6AXT4N86,10,1,0,0,2,1,1,0
6BAIYQJI,11,1,0,0,3,1,1,0
6AZX9YAE,10,1,0,0,2,1,1,0
6BDUYR4K,10,3,0,0,1,1,1,0
6BK9HRTR,11,2,0,0,2,1,1,1
6B3QJ5LH,11,1,2,0,1,1,1,0
6B62L33B,12,1,1,0,3,1,1,0
6BELQI3S,11,1,1,0,1,1,1,0
6AZ411US,10,1,1,0,1,1,1,0
6AY92DRX,11,2,1,0,1,1,1,0
6BGOR85O,10,1,1,0,2,1,1,0
6B45UFZR,10,2,1,0,1,1,1,0
6BGPPU4D,10,2,1,0,1,1,1,0
6BCQSORN,10,1,2,0,1,1,1,0
6B7KRWVT,11,2,0,0,2,1,1,0
6BIZN4W8,11,1,2,0,1,1,1,0
6BIEGQ2L,13,3,0,0,1,1,1,1
6B22HPZT,12,3,0,0,2,1,1,0
6BDY7V22,10,1,1,0,2,1,1,0
6B1CAS8X,10,1,1,0,1,1,1,0
6B27ULBW,12,1,0,0,2,1,1,0
6B2IDXWF,10,1,1,0,2,1,1,0
6BCEX3T1,10,1,0,0,3,1,1,0
6AUHVZ4P,10,1,2,0,1,1,1,0
6BER1GFL,11,1,1,0,2,1,1,0
6B549TL2,10,2,0,0,2,1,1,0
6B33HB9Y,12,2,1,0,2,1,1,0
6BHUIEG6,10,1,1,0,1,1,1,0
6BFI728T,10,2,1,0,1,1,1,0
6B3BPYHN,12,1,1,0,3,1,1,0
6B6RQJ46,10,2,0,0,2,1,1,0
6B2B8AQK,12,2,0,0,2,1,1,0
6B932J3F,10,2,0,0,2,1,1,0
6B3UUNT2,11,3,0,0,1,1,1,1
6B33RQAV,10,1,1,0,2,1,1,0
6ARET5BR,11,1,1,0,2,1,1,1
6B79ZA9G,10,2,1,0,1,1,1,0
6BEV87BM,12,1,1,0,1,1,1,1
6B7WA3VZ,10,2,1,0,1,1,1,0
6B2OSKK5,10,1,2,0,1,1,1,0
6B9CD83R,12,2,0,0,2,1,1,0
6AXQJAQI,11,1,1,0,1,1,1,1
6AV58CPH,10,1,1,0,2,1,1,0
6BCDS2XB,10,1,1,0,2,1,1,0
6BESTBNB,10,1,2,0,1,1,1,0
6ARJA11C,10,2,0,0,2,1,1,0
6BBCI5CE,11,1,2,0,1,1,1,0
6AZBOZL1,11,3,0,0,1,1,1,0
6B4GII8E,11,1,2,0,1,1,1,0
6B92J493,10,1,1,0,2,1,1,0
6B2VA3VO,10,2,1,0,1,1,1,0
6BD1O7ZZ,10,1,1,0,1,1,1,0
6B6STSA1,10,3,0,0,1,1,1,0
6BFKUDW6,11,2,1,0,1,1,1,1
6BCV7YUL,10,1,2,0,1,1,1,0
6B3R8R9L,10,1,1,0,2,1,1,0
6AZ7SV9O,10,2,1,0,1,1,1,0
6BCXD21C,10,2,0,0,2,1,1,0
6BBMVUU2,10,2,0,0,2,1,1,0
6AWSOZSB,10,1,1,0,2,1,1,0
6B3HQXC9,12,1,1,0,2,1,1,1
6B6J5FBI,10,1,0,0,2,1,1,0
6BD2PZ73,10,1,0,0,3,1,1,0
6B654RWU,10,2,0,0,1,1,1,0
6AVUF61K,12,1,1,0,2,1,1,1
6BMXN8XR,12,1,2,0,2,1,1,0
6B5QDI7B,10,2,0,0,2,1,1,0
6AWVJD8C,10,2,1,0,1,1,1,0
6AXSR9IG,11,1,1,0,1,1,1,0
6BHK6B9E,10,1,0,0,3,1,1,0
6B3IKZVY,10,1,0,0,2,1,1,0
6B37MCWZ,12,3,0,0,1,1,1,1
6AYOATT1,10,1,1,0,2,1,1,0
6AXS91B9,11,2,1,0,1,1,1,0
6AYIZU3N,10,2,0,0,1,1,1,0
6B2ZGSLM,10,2,1,0,1,1,1,0
6BFXNCV2,12,1,2,0,2,1,1,0
6BFPQLTV,10,1,1,0,1,1,1,0
6B1YUS6Y,10,1,1,0,2,1,1,0
6B7I4QP8,10,3,0,0,1,1,1,0
6BF37T7A,10,1,2,0,1,1,1,0
6BDBSWWS,10,2,1,0,1,1,1,0
6BAUW1A6,12,1,1,0,3,1,1,0
6BE731TA,10,1,1,0,2,1,1,0
6AT2C2D5,12,1,2,0,1,1,1,0
6B5Q12C8,11,1,1,0,2,1,1,0
6B99B92V,10,2,0,0,2,1,1,0
6B242QNI,12,2,0,0,2,1,1,2
6BJJW5WX,10,2,0,0,2,1,1,0
6BECBMK5,10,1,1,0,2,1,1,0
6B1YY2QS,11,1,1,0,2,1,1,1
6B4LTYPW,10,2,0,0,1,1,1,0
6B8MFDDT,10,1,0,0,2,1,1,0
6B63YZ8U,10,1,2,0,1,1,1,0
6B47RY1Q,10,1,1,0,2,1,1,0
6B81EZ1Z,10,1,1,0,2,1,1,0
6BG8H49H,10,1,1,0,1,1,1,0
6B5DP7DA,10,1,2,0,1,1,1,0
6AZUK74S,10,1,2,0,1,1,1,0
6BCFTX5F,10,1,0,0,2,1,1,0
6BAHBRXF,10,1,1,0,2,1,1,0
6AYIFX13,10,2,0,0,2,1,1,0
6AYD7NX4,10,1,2,0,1,1,1,0
6AUN3ZEF,10,2,0,0,2,1,1,0
6BCY3XYF,10,1,0,0,3,1,1,0
6AVGVGUV,10,2,1,0,1,1,1,0
6BESE3YN,12,1,0,0,3,1,1,1
6ARWEYPD,10,1,1,0,2,1,1,0
6B41MAVP,10,2,0,0,1,1,1,0
6BBZLH38,11,2,0,0,2,1,1,1
6BJYQUIB,10,2,1,0,1,1,1,0
6BEFDLDS,10,1,1,0,2,1,1,0
6BHRX5VA,10,2,1,0,1,1,1,0
6BG2EMTZ,12,1,2,0,2,1,1,0
6AUDEQKO,10,2,1,0,1,1,1,0
6AXTAT48,12,2,2,0,1,1,1,0
6BBS5CQY,11,2,1,0,1,1,1,0
6B3P2B7Y,10,1,1,0,2,1,1,0
6B7N5D9N,10,1,2,0,1,1,1,0
6B9UIVT4,10,2,1,0,1,1,1,0
6B4F948K,12,1,1,0,2,1,1,0
6BCTLE7O,10,1,0,0,2,1,1,0
6B1U7DPO,10,1,1,0,2,1,1,0
6BAU4N3M,10,1,2,0,1,1,1,0
6BEDKXYO,10,2,0,0,2,1,1,0
6B3VUMK2,10,1,1,0,2,1,1,0
6BCPBVI1,12,3,1,0,1,1,1,0
6B3WE2VL,10,1,2,0,1,1,1,0
6B6ZWKCM,12,2,2,0,1,1,1,0
6BESN5BM,10,1,2,0,1,1,1,0
6B5CWIN7,11,1,1,0,1,1,1,0
6B3DNC7Y,11,2,1,0,1,1,1,1
6AW6ZDOL,10,1,1,0,1,1,1,0
6BG6W8U7,10,1,0,0,2,1,1,0
6ASFR3MS,14,2,1,0,2,1,1,2
6B4RCI59,12,2,0,0,2,1,1,0
6AZANCSA,10,1,2,0,1,1,1,0
6B7HXN32,10,2,0,0,2,1,1,0
6B3JVPKX,11,1,0,0,3,1,1,0
6B3AL93U,11,1,2,0,1,1,1,0
6B3WWA9D,10,1,1,0,2,1,1,0
6B3L6ANK,10,1,2,0,1,1,1,0
6B41TUJS,10,1,1,0,2,1,1,0
6ASI7OKS,11,2,0,0,2,1,1,1
6B31XQSL,11,1,1,0,2,1,1,1
6AZ29M79,10,2,1,0,1,1,1,0
6B4GCJT6,12,1,1,0,2,1,1,0
6B6TVF1B,12,1,0,0,3,1,1,1
6BKFY5I8,10,1,1,0,2,1,1,0
6BAS8YCA,11,1,1,0,1,1,1,1
6B4CPHFI,11,1,0,0,3,1,1,1
6B4SBCJA,10,3,0,0,1,1,1,0
6AVHMF49,11,1,1,0,1,1,1,0
6BBX1ILM,11,2,0,0,1,1,1,0
6BEVNO6I,12,2,1,0,2,1,1,0
6B15B5GP,11,1,1,0,2,1,1,1
6AZZ2TCC,14,3,1,0,1,1,1,0
6BGEUFTX,10,1,2,0,1,1,1,0
6AZIUM4Z,10,1,2,0,1,1,1,0
6B9AVAA9,13,3,1,0,1,1,1,1
6B1O3B63,10,2,0,0,2,1,1,0
6B8MFFQT,14,1,2,0,1,1,1,2
6B7CKHWJ,10,2,0,0,2,1,1,0
6BHHJEEV,10,1,0,0,2,1,1,0
6AXNYCCI,11,2,0,0,2,1,1,1
6B5R5WPO,12,3,0,0,2,1,1,0
6BCMV1PC,10,1,1,0,2,1,1,0
6B3YYCGT,10,2,0,0,2,1,1,0
6BBUD2C7,11,1,1,0,1,1,1,1
6BFQKQQX,12,2,0,0,3,1,1,0
6AZTT4TP,10,1,0,0,3,1,1,0
6B25RAHD,10,1,0,0,3,1,1,0
6AWLYNRK,10,2,1,0,1,1,1,0
6B7EYOY9,11,1,1,0,1,1,1,0
6B4DEWBH,10,2,1,0,1,1,1,0
6ASTRQR1,11,2,0,0,2,1,1,0
6B5CNIF6,10,2,0,0,1,1,1,0
6B5Q5J5V,10,2,0,0,1,1,1,0
6B4USHWJ,10,2,1,0,1,1,1,0
6B9PPU2L,10,1,0,0,3,1,1,0
6AX17PJT,11,1,0,0,2,1,1,1
6BDQ6ITC,11,1,1,0,2,1,1,1
6B31N1UE,13,2,0,0,2,1,1,1
6B4B3UI4,11,1,2,0,1,1,1,1
6AYYRR9W,11,1,2,0,1,1,1,0
6BDNW2VJ,10,2,0,0,1,1,1,0
6BN7RX6Q,11,2,1,0,1,1,1,0
6BFXOYHE,12,4,0,0,1,1,1,0
6B1HHEQA,10,1,2,0,1,1,1,0
6BEYGCB1,10,1,1,0,2,1,1,0
6B6HLY8W,11,1,1,0,2,1,1,1
6BAA9BKQ,12,1,1,0,3,1,1,0
6BNSHE9H,10,1,2,0,1,1,1,0
6AWHE6DK,11,1,1,0,2,1,1,0
6B6AG8Y5,10,1,0,0,2,1,1,0
6B31MZ31,11,1,1,0,2,1,1,1
6B16TGZ6,11,1,2,0,1,1,1,1
6AZP7DVF,12,3,0,0,1,1,1,0
6B4QAZ62,11,2,1,0,1,1,1,1
6B2A3FVA,11,3,0,0,1,1,1,0
6BB95EYT,10,1,2,0,1,1,1,0
6BAJ2U4N,10,1,1,0,2,1,1,0
6B5KUUAH,12,1,2,0,2,1,1,0
6B7HUFYF,12,1,1,0,2,1,1,0
6BI6DYQ4,10,2,0,0,2,1,1,0
6B6LDBLE,10,1,2,0,1,1,1,0
6BA43OEG,10,2,0,0,2,1,1,0
6BDTJCE9,10,1,2,0,1,1,1,0
6B5IUBWG,11,1,0,0,3,1,1,0
6B26RFUH,10,2,0,0,2,1,1,0
6BGWDEOX,10,1,1,0,1,1,1,0
6BK2AQAX,10,2,1,0,1,1,1,0
6BIIBC1D,12,3,1,0,1,1,1,0
6B2EKXAB,10,1,1,0,1,1,1,0
6B7LZNZ1,10,2,1,0,1,1,1,0
6B85ZPUA,11,2,1,0,1,1,1,1
6B5KQ3GD,10,1,1,0,1,1,1,0
6BK8ENW4,10,1,2,0,1,1,1,0
6B6AYRMV,10,1,2,0,1,1,1,0
6BOBRU9K,10,2,1,0,1,1,1,0
6AYPROP9,12,1,0,0,3,1,1,1
6BL9E97Q,10,2,0,0,1,1,1,0
6BA91FU1,12,1,2,0,1,1,1,0
6B5PA18K,10,1,2,0,1,1,1,0
6B6MUCRE,10,2,0,0,1,1,1,0
6B56BOZR,10,2,1,0,1,1,1,0
6BGHH326,10,1,0,0,2,1,1,0
6B6NIB92,11,1,2,0,1,1,1,0
6BII6OEI,10,1,1,0,2,1,1,0
6B99XYAN,10,1,1,0,1,1,1,0
6B4S9TPT,10,1,2,0,1,1,1,0
6BK5LXE1,10,1,1,0,1,1,1,0
6B86WNU9,13,2,0,0,3,1,1,1
6B5GBQ7N,10,1,1,0,2,1,1,0
6B4H38Z4,10,1,0,0,3,1,1,0
6BHZZYEW,10,3,0,0,1,1,1,0
6B58SRVH,11,3,0,0,1,1,1,0
6B8C95WR,11,1,0,0,3,1,1,1
6BFMUNRI,11,2,1,0,1,1,1,1
6BDE37RY,11,1,0,0,3,1,1,0
6BGEF5PC,11,1,1,0,2,1,1,1
6B74WZCR,10,1,1,0,2,1,1,0
6B5KWCPC,10,2,0,0,2,1,1,0
6B5GKWAU,11,1,1,0,2,1,1,1
6B6HS428,10,1,1,0,2,1,1,0
6BOPVKCW,10,1,1,0,2,1,1,0
6AXUE1GS,10,2,1,0,1,1,1,0
6BCEP9B6,10,1,1,0,1,1,1,0
6B4OSW81,11,1,0,0,2,1,1,1
6B1YCN4S,10,1,1,0,2,1,1,0
6BCVTEPQ,10,1,1,0,1,1,1,0
6BGGZ9JJ,10,3,0,0,1,1,1,0
6BGQWDIG,10,1,1,0,2,1,1,0
6B5C6KBP,10,2,1,0,1,1,1,0
6B6P37KX,10,1,1,0,1,1,1,0
6B79Q22D,10,2,1,0,1,1,1,0
6B67TR6H,10,1,2,0,1,1,1,0
6B5QHTEW,11,1,2,0,1,1,1,1
